,02D1,02D2,02G1,02G2,04D1,04D2,04G1,04G2,08D1,08D2,08G1,08G2,09D1,09D2,09G1,09G2,11D1,11D2,11G1,11G2,12D1,12D2,12G1,12G2,16D1,16D2,16G1,16G2,18D1,18D2,18G1,18G2,19G1,19G2,20D1,20D2,20G1,20G2,23D1,23D2,23G1,23G2,24D1,24D2,24G1,24G2,25D1,25D2,25G1,25G2,26D1,26D2,26G1,26G2,28D1,28D2,28G1,28G2,30D1,30D2,30G1,30G2,32D1,32D2,32G1,32G2,33D1,33D2,33G1,33G2,35D1,35D2,35G1,35G2,36D1,36D2,36G1,36G2,37D1,37D2,37G1,37G2,39D1,39D2,39G1,39G2,40D1,40D2,40G1,40G2,41D1,41D2,41G1,41G2
02D1,0,0.457273409,2.551029893,3.130467011,1.928272907,2.012002999,2.593562828,3.066690087,3.140972949,5.914069422,3.946177665,3.125651161,2.2265181,1.732023237,3.889443083,4.327853466,3.286894138,2.867200209,3.019654115,3.229483712,1.65976923,1.219395757,3.710355707,3.651618058,3.116784896,2.8703325,3.494851518,3.275939517,7.621223482,8.07849689,3.004775921,3.88777277,3.362030511,2.936437222,2.208977035,2.744113401,3.027607441,2.902035325,2.041649382,2.490350726,3.704498119,4.042421436,3.089088132,3.165940603,3.954643107,4.153383868,2.680594774,2.225527722,3.564221555,3.784270141,2.641378406,3.997050418,4.083566138,4.980864702,2.65918666,3.472821818,3.977516008,3.775432774,4.17324398,4.055609156,3.813657142,3.536212723,3.165699441,3.296059253,3.169034942,3.011338587,3.52959759,0.85357703,2.858499565,3.917277105,1.879205944,0.762122348,3.126418286,3.318859325,2.324493587,4.328854938,2.237838839,2.635464782,3.29046835,2.746882996,2.546771105,3.3197577,1.199170804,2.286367044,3.301205988,2.944259168,3.291689995,4.572734089,4.693458109,3.834729734,3.178611538,5.243401755,3.871404504,3.423310024
02D2,0.457273409,0,0.975516606,3.170428968,3.383823226,1.55472959,2.164427469,3.658187271,4.511764301,5.456796013,3.993521104,0.487758303,2.530246196,2.377821726,2.56073109,3.231398756,3.048489393,1.768123848,0.213394257,0.487758303,1.188910863,0.762122348,3.505762802,2.743640453,0.487758303,0.365818727,1.737638954,2.713155559,7.163950073,7.621223482,1.798608742,1.0060015,0.15242447,0.335333833,0.85357703,0.945031712,2.652185772,3.841096635,4.024005998,4.572734089,4.786128346,5.12146218,3.505762802,3.627702377,3.902066423,3.810611741,4.359339831,4.206915362,4.908067922,4.999522604,0.670667666,0.091454682,3.26188365,3.170428968,5.12146218,5.578735589,5.395826225,5.456796013,6.371342831,6.340857937,5.578735589,5.82261474,4.938552816,3.902066423,0.914546818,1.097456181,0.060969788,0.396303621,0.731637454,0.731637454,1.798608742,1.219395757,0.975516606,0.70115256,0.792607242,3.871581529,1.85957853,0.640182772,3.475277908,1.493759802,1.219395757,0.975516606,0.182909364,1.829093636,2.316851938,2.957034711,3.780126847,4.11546068,3.96303621,1.737638954,4.542249195,4.786128346,2.194912363,4.481279407
02G1,2.551029893,0.975516606,0,1.485003832,2.436380473,0.579212985,0.620553087,1.415404745,2.080938397,4.481279407,3.32045407,2.774473527,2.443431974,2.168099733,3.449236821,3.731771011,3.1519609,2.913352879,1.762559841,2.384760428,2.540065673,0.213394257,3.269798367,3.524030241,4.232496505,3.715485645,2.498613387,2.312222832,6.188433467,6.645706876,2.855866698,4.631980428,2.930077659,2.824425566,2.89925108,3.122410422,2.341566515,2.032404251,3.049440039,3.260951034,2.267630918,2.539828924,3.704463781,1.78623098,3.057961068,3.42815945,3.651885838,2.969364887,2.17016307,2.553119721,3.617429094,5.082278304,3.578477572,4.317753335,3.129268321,3.645794942,2.479354393,2.28811526,4.192047963,3.876738202,2.374865936,2.355465376,2.96474596,3.462004702,1.640343818,1.126538188,3.37960875,0.579212985,2.106297589,2.749876149,2.232624706,2.194912363,2.111800663,2.115167559,2.63531138,2.896064923,1.92183361,1.883338538,3.684660315,3.186176248,1.962722608,2.622659448,3.115772729,0.85357703,2.24234952,1.991508189,3.29213535,3.139944074,3.523905745,3.081182842,3.859008157,3.810611741,3.202113275,2.476851998
02G2,3.130467011,3.170428968,1.485003832,0,2.820040189,1.615699378,1.064439128,0.674290641,2.277171466,2.286367044,2.495226616,2.425709681,1.906181573,1.982719297,2.510602567,2.725013265,2.183526488,2.208048778,1.769320674,1.924767849,3.120878633,2.40830662,2.352777032,2.647615059,4.120708437,3.965333717,2.46657474,2.705115908,3.993521104,4.450794513,2.83679791,4.603931859,2.615517779,2.505516656,3.155565868,3.202629134,3.031945075,1.591795753,3.019100318,3.36420239,1.313221326,1.492108326,3.319961442,0.806705357,2.18620771,2.451754068,3.123439232,2.76947118,1.656916235,1.855438348,3.928500759,4.997314381,3.545873423,4.003435124,3.247436775,3.998732807,1.236783182,1.128164687,4.66454435,4.33229487,1.512758777,2.28650881,3.316592003,4.023607112,1.380996878,1.15299067,3.901794043,2.774125347,1.745666781,2.245430927,2.560975902,4.389824725,2.058740236,1.894972834,3.651441811,0.70115256,2.451606967,1.993106811,4.121163592,3.790082074,1.485354309,1.957872299,3.668636534,1.341335333,1.709710958,1.823267624,3.991655217,0.945031712,2.486062439,2.235653971,4.236190312,1.615699378,2.371409091,1.719457741
04D1,1.928272907,3.383823226,2.436380473,2.820040189,0,1.829093636,2.172130125,2.419444603,1.519789097,2.072972787,4.010824503,3.892607769,2.603858568,1.983854288,4.341469214,4.653385387,3.576220938,3.478567282,3.553467664,3.823348602,2.463386676,2.621700878,3.992164842,4.119353329,3.893441393,3.583185317,4.391711479,4.274654027,3.780126847,4.237400256,4.005714567,5.294279696,4.220420481,3.89791993,2.335388861,2.835005924,2.641458142,2.446790071,1.006831733,1.069394798,3.161199116,3.488125518,2.972300004,2.841648851,3.769960931,4.189905105,2.657988396,1.592191142,2.785662829,3.237786507,3.417953346,4.756111623,5.160183428,6.092712161,1.616337064,2.204694212,3.203889274,2.883255356,2.639794012,2.49469934,2.984758095,1.881070166,1.541164188,2.158931189,3.478514399,3.115373407,3.36683466,2.987519605,3.453176918,4.350447448,1.528062388,4.603218983,3.928212958,3.676452438,1.763864862,0.487758303,3.327010369,3.440349928,2.155399478,2.142666322,2.982304498,3.819848559,1.765639631,1.55472959,3.44795849,2.742875149,1.685576259,0.731637454,4.648869697,4.325557976,2.288322865,1.402305121,4.284046198,2.966001664
04D2,2.012002999,1.55472959,0.579212985,1.615699378,1.829093636,0,0.609697879,2.103457681,2.957034711,3.902066423,2.438791514,1.066971287,0.975516606,0.823092136,1.0060015,1.676669166,1.493759802,0.213394257,1.768123848,1.066971287,2.743640453,0.792607242,1.951033211,1.188910863,1.066971287,1.920548317,3.292368544,4.26788515,5.609220482,6.066493891,3.353338332,2.56073109,1.70715406,1.890063423,0.70115256,0.609697879,1.097456181,2.286367044,2.469276408,3.018004499,3.231398756,3.566732589,1.951033211,2.072972787,2.347336832,2.255882151,2.804610241,2.652185772,3.353338332,3.444793014,2.225397257,1.463274908,4.81661324,4.725158559,3.566732589,4.024005998,3.841096635,3.902066423,4.81661324,4.786128346,4.024005998,4.26788515,3.383823226,2.347336832,0.640182772,0.457273409,1.615699378,1.158425969,0.823092136,0.823092136,0.243879151,2.774125347,2.530246196,0.85357703,0.762122348,2.316851938,3.41430812,2.194912363,1.920548317,0.060969788,0.335333833,0.579212985,1.371820227,0.274364045,0.762122348,1.402305121,2.225397257,2.56073109,2.40830662,0.182909364,2.987519605,3.231398756,0.640182772,2.926549817
04G1,2.593562828,2.164427469,0.620553087,1.064439128,2.172130125,0.609697879,0,0.931521626,1.68946865,3.292368544,3.148571057,2.845956921,2.206272362,1.949277731,3.28452601,3.557403649,2.935937827,2.799625215,1.886674581,2.383943957,2.654562946,1.402305121,3.092187994,3.374953775,4.244899267,3.83513476,2.656618497,2.615851351,4.999522604,5.456796013,2.99663855,4.727983909,3.034765781,2.904761221,2.835202926,3.034032356,2.448107361,1.784631964,2.673432531,2.87750776,1.940529433,2.224901912,3.427195436,1.464502227,2.814663682,3.206323023,3.37054104,2.671770914,1.874397781,2.28043071,3.775906383,5.143841636,3.817334951,4.46077982,2.794670352,3.352047012,1.960449873,1.718208851,4.014537383,3.682047355,1.987542445,1.938566709,2.70779742,3.336193983,1.71920362,1.213933359,3.397509388,1.768123848,2.124315801,2.780610068,2.084520676,3.383823226,2.259865126,2.190345672,2.666004379,1.70715406,2.259795513,2.083319515,3.537494979,3.168982557,1.740911242,2.473975989,3.084168519,0.335333833,2.190409172,1.918055322,3.151439668,1.951033211,3.32852491,2.98405642,3.717417196,2.621700878,3.093687604,2.197610238
04G2,3.066690087,3.658187271,1.415404745,0.674290641,2.419444603,2.103457681,0.931521626,0,1.726040238,1.798608742,2.624350822,2.645742263,1.983416303,1.922371841,2.774658559,2.977292513,2.375700394,2.472668324,1.97913491,2.171694346,3.012413909,2.896064923,2.505931908,2.85022954,4.17412331,3.975426016,2.928608464,3.071857859,3.505762802,3.96303621,3.045555416,4.740999753,2.855476199,2.798956265,2.883209908,2.942381496,2.672056415,1.371226982,2.738103178,3.041565061,1.360265807,1.492733261,3.027431336,0.906723424,2.069830222,2.498769911,2.99346328,2.45929979,1.507081831,1.911995136,3.82290097,5.039677629,3.888313109,4.461856098,2.813432283,3.62283007,1.178343527,1.043599954,4.235440189,3.863066353,1.389002961,1.796324627,2.969955711,3.762727613,1.610538814,1.272336108,3.5379043,3.26188365,1.954647217,2.449761111,2.250079815,4.877583028,2.417118239,1.960210092,3.32767371,0.213394257,2.612077699,2.188580833,3.551466762,3.285362352,1.750084224,2.251735205,3.412744973,1.829093636,1.791959812,1.680290088,3.570109759,0.457273409,2.604934495,2.548222579,3.993870421,1.127941075,2.594149671,1.505151344
08D1,3.140972949,4.511764301,2.080938397,2.277171466,1.519789097,2.957034711,1.68946865,1.726040238,0,0.945031712,4.017553343,4.105481814,3.02374408,2.609618223,4.308111515,4.541169327,3.850321317,3.92010342,3.237970137,3.629369772,3.253783631,3.749641953,4.00212527,4.343041686,5.010320381,4.625067117,4.190446294,4.14235651,2.652185772,3.10945918,4.207580473,5.494278439,4.327169398,4.235460214,2.970806591,3.190530749,2.606536489,2.399814555,2.153762496,1.990572901,2.721909143,2.920978969,3.287258724,2.479726036,3.344439199,3.918445153,3.581760435,2.541812469,2.416213661,3.001338658,4.455112066,5.907001585,5.2516177,5.926277856,1.891845792,2.261415761,2.305449644,2.012954984,3.014098215,2.575417686,2.455284552,1.102579254,2.015450438,2.911498854,3.130456166,2.643983804,3.220071968,4.11546068,3.401627966,3.973391949,2.145490384,5.731160058,3.733921333,3.346116937,2.232300604,0.640182772,3.641385095,3.470511282,2.481853165,2.592797313,2.833768004,3.563157676,3.031152248,2.682670666,3.286475312,2.74359397,2.157521154,0.396303621,4.143780715,4.159998227,3.401519193,0.274364045,4.157503718,2.715284824
08D2,5.914069422,5.456796013,4.481279407,2.286367044,2.072972787,3.902066423,3.292368544,1.798608742,0.945031712,0,1.463274908,4.96903771,2.926549817,3.078974287,2.896064923,2.225397257,2.40830662,3.688672165,5.67019027,4.96903771,6.645706876,4.694673665,1.951033211,2.713155559,4.96903771,5.82261474,7.194434967,8.169951572,1.70715406,2.164427469,7.255404754,6.462797512,5.609220482,5.792129846,4.603218983,4.511764301,2.804610241,1.615699378,1.432790015,0.884061924,0.670667666,0.335333833,1.951033211,1.829093636,1.55472959,1.646184272,1.097456181,1.249880651,0.548728091,0.457273409,6.127463679,5.365341331,8.718679663,8.627224981,0.335333833,0.121939576,0.060969788,0,0.914546818,0.884061924,0.121939576,0.365818727,0.518243197,1.55472959,4.542249195,4.359339831,5.517765801,5.060492392,4.725158559,4.725158559,3.658187271,6.67619177,6.432312618,4.755643453,4.664188771,1.585214484,7.316374542,6.096978785,1.981518105,3.96303621,4.237400256,4.481279407,5.273886649,3.627702377,3.139944074,2.499761302,1.676669166,1.341335333,1.493759802,3.719157059,0.914546818,0.670667666,3.26188365,0.975516606
08G1,3.946177665,3.993521104,3.32045407,2.495226616,4.010824503,2.438791514,3.148571057,2.624350822,4.017553343,1.463274908,0,1.697107363,1.898635256,2.352041377,1.520380802,1.37705005,1.409721302,1.433021617,3.136612865,2.515244936,3.944492463,3.231398756,0.77582651,1.273781908,2.774677492,3.064024184,3.790635046,4.087065256,3.170428968,3.627702377,3.573542651,4.967621409,2.092679321,2.205542715,3.690672501,3.74482479,3.401235998,1.695195701,4.047256651,4.705360428,1.703086172,1.650358562,3.536288731,1.777819752,2.155466906,1.726597595,2.259708134,2.805761153,2.127764336,1.798802333,3.108250116,3.280202096,3.995524124,4.367528304,4.04590421,5.320529908,2.925999704,2.973809923,5.602021869,5.374013836,2.070066848,3.606314122,4.380297727,4.948830251,2.364603413,2.745967728,4.855538494,3.597217483,2.076402052,2.551926655,3.458076924,5.212916861,3.2410952,2.519176929,5.35934959,0.121939576,3.213930123,2.784263346,4.998177285,4.699999293,3.242375425,3.090459502,4.556715679,2.164427469,1.303086608,1.649693703,5.346579255,0.121939576,2.007885832,1.817841244,4.62520334,0.792607242,1.524181219,1.427656864
08G2,3.125651161,0.487758303,2.774473527,2.425709681,3.892607769,1.066971287,2.845956921,2.645742263,4.105481814,4.96903771,1.697107363,0,1.837136583,2.263191642,1.351882853,1.608791659,1.571579456,1.114394143,1.991181959,1.348718883,3.458716022,0.274364045,1.277461658,1.194283561,3.205295069,3.524593458,2.571074433,2.768088878,6.67619177,7.133465179,1.940444468,2.930084675,0.510813062,0.63982162,3.703860786,3.799433437,3.229347127,2.162531902,4.056179366,4.610476029,2.452994427,2.441468709,3.379783292,2.039549798,2.15466623,1.867091525,2.817278828,3.273013686,2.854845548,2.743969203,2.912928519,3.710425914,2.24772916,3.033964282,4.019674745,5.15227182,3.228975437,3.34182161,5.644100355,5.361469234,2.903879266,4.086120975,4.762104395,5.23192642,1.472652773,2.015163351,5.084818212,0.091454682,0.924423326,1.498668398,3.626040446,1.70715406,1.962386375,1.456738324,4.562211881,3.383823226,1.672828236,1.304436393,5.009572878,4.370150826,2.319738843,2.215741456,3.807750248,1.341335333,1.07903345,1.909350664,5.425135664,3.627702377,2.140297257,1.138793687,4.818325915,4.298370044,1.082487279,2.076271975
09D1,2.2265181,2.530246196,2.443431974,1.906181573,2.603858568,0.975516606,2.206272362,1.983416303,3.02374408,2.926549817,1.898635256,1.837136583,0,0.68637221,1.896457193,2.257714243,1.539540933,1.24419293,2.381576212,2.01506152,2.326681793,1.768123848,1.821407755,1.904978167,2.373596199,2.469380803,3.063801352,3.255028469,4.633703877,5.090977286,2.754060844,3.959054996,2.151983864,1.901267308,2.148586999,2.348196988,3.052397143,1.428910984,2.447285721,3.203235901,2.046071817,2.260915099,2.371923342,1.575211296,2.225817445,2.187778324,1.493127821,1.621905747,2.256585336,2.255065783,2.531949216,3.355563037,3.699052159,4.172144742,2.866198964,4.20036823,2.575151882,2.505876971,4.924349592,4.701735068,2.290984742,3.008337633,3.437618306,3.973093844,2.055040178,2.194107224,3.427869187,2.133942575,1.546595112,2.578357551,1.84314937,3.749641953,2.511696267,2.216796493,3.916322598,1.341335333,2.314066769,2.094613688,3.793516704,3.436521926,2.013223118,2.245009362,2.831213696,0.70115256,1.631366371,1.638083482,4.17331084,1.585214484,2.768736922,2.050168514,3.847363832,2.255882151,1.983994037,1.636188039
09D2,1.732023237,2.377821726,2.168099733,1.982719297,1.983854288,0.823092136,1.949277731,1.922371841,2.609618223,3.078974287,2.352041377,2.263191642,0.68637221,0,2.546090389,2.893339222,2.170576172,1.860278083,2.5261471,2.390827307,2.020263775,1.615699378,2.382766898,2.533399427,2.527344436,2.356695337,3.263227587,3.326510912,4.786128346,5.243401755,3.009405768,4.336029011,2.583076299,2.341314047,1.864474615,2.250351989,2.590797957,1.374616866,1.958856438,2.684515733,2.178796234,2.482711824,2.421181478,1.717071597,2.611673983,2.72057388,1.610367829,1.240693651,2.168783108,2.302011388,2.46234492,3.528277068,4.026151182,4.597573662,2.30664923,3.617402645,2.713750371,2.545232045,4.350515027,4.14415217,2.317167733,2.634058764,2.857151799,3.35494889,2.255093159,2.235356855,3.123787729,1.981518105,1.891059078,2.973407387,1.310479456,3.597217483,2.724083322,2.461806528,3.31349655,1.493759802,2.327379097,2.263697858,3.319290793,3.000601504,2.147213834,2.602428041,2.338676893,0.548728091,1.944964266,1.58901074,3.532735938,1.737638954,3.273042287,2.625776303,3.28000289,2.40830662,2.566016111,1.826969427
09G1,3.889443083,2.56073109,3.449236821,2.510602567,4.341469214,1.0060015,3.28452601,2.774658559,4.308111515,2.896064923,1.520380802,1.351882853,1.896457193,2.546090389,0,0.522704041,0.500688509,0.843902951,2.50840271,1.621956753,3.599744954,1.798608742,0.843735407,0.389295223,2.98640601,3.491632209,3.024571212,3.468123964,4.603218983,5.060492392,2.551167973,2.985592263,1.438410323,1.450517545,3.434614337,3.250718082,4.302533623,2.434345097,4.186735234,4.910693738,2.464528364,2.307287471,3.101932088,2.156248265,1.687699741,1.064304547,2.617743658,3.24704477,3.066947718,2.866089922,3.293166897,3.613816593,2.999576402,3.212010962,4.568983788,5.891968034,2.865449951,3.088381113,6.488785575,6.20778293,2.886691375,4.250046083,5.104035166,5.716803914,2.084264066,2.578396987,4.487447766,2.164427469,1.542620527,1.717721527,3.484641189,3.780126847,2.493987063,1.992882916,5.513418299,1.310850439,2.810512011,2.246382129,5.15919093,4.691996221,2.565139939,2.035322235,4.422185345,0.731637454,1.581594591,2.473548846,5.873350572,1.55472959,1.47119963,0.682712689,5.553637712,2.225397257,0.515034525,2.042365494
09G2,4.327853466,3.231398756,3.731771011,2.725013265,4.653385387,1.676669166,3.557403649,2.977292513,4.541169327,2.225397257,1.37705005,1.608791659,2.257714243,2.893339222,0.522704041,0,0.828690192,1.241128777,2.865546044,2.001899465,4.064785883,2.469276408,0.739748605,0.494567892,3.222952578,3.752667563,3.379544522,3.836101919,3.932551317,4.389824725,2.97809894,3.436067027,1.719160667,1.835884358,3.852229683,3.668192131,4.445146136,2.571215029,4.52723427,5.231450877,2.468480956,2.241690866,3.433169922,2.298278761,1.785722612,1.060166153,2.826965668,3.503958513,3.100212413,2.845070893,3.571791717,3.740783146,3.289528325,3.455397901,4.817080716,6.130662443,2.977767554,3.217422284,6.638939159,6.356731591,2.887293497,4.386910354,5.311907411,5.943851842,2.338266151,2.841707798,4.895557955,2.835095135,1.915838597,1.926470278,3.867593831,4.450794513,2.869232957,2.266874667,5.873966013,0.640182772,3.204415305,2.617916406,5.454125621,5.030624129,2.975880667,2.442278214,4.85793042,1.402305121,1.708955197,2.595203422,6.142508239,0.884061924,1.293181464,0.961074802,5.7382112,1.55472959,0.713766629,2.098760353
11D1,3.286894138,3.048489393,3.1519609,2.183526488,3.576220938,1.493759802,2.935937827,2.375700394,3.850321317,2.40830662,1.409721302,1.571579456,1.539540933,2.170576172,0.500688509,0.828690192,0,0.743980933,2.364818029,1.548214308,3.291708692,2.286367044,1.239051347,0.926181854,2.983513081,3.48974446,3.040910783,3.447753836,4.11546068,4.572734089,2.406055144,3.345359643,1.854576157,1.578840632,3.193243236,3.150743239,3.768006581,2.037785309,3.46201355,4.090925156,2.147193649,2.00305837,2.712548707,1.802916786,1.359802106,0.869939023,2.084630826,2.644342893,2.720598465,2.586905062,3.049174646,3.63395373,3.122691515,3.498779244,3.873805515,5.06382837,2.492218681,2.698480442,5.526678452,5.269059479,2.528504006,3.80246282,4.675954794,5.327256532,1.924257038,2.341492332,4.568457356,2.652185772,1.396694375,1.737202086,3.123210598,4.26788515,2.453216735,1.84350199,4.680028936,0.823092136,2.542801113,2.101902088,4.52133527,4.070787407,2.214221716,1.906242455,3.721605063,1.219395757,1.363690043,2.156948572,5.433490697,1.066971287,1.437705179,0.868203933,4.742120655,1.737638954,0.670140931,1.628298626
11D2,2.867200209,1.768123848,2.913352879,2.208048778,3.478567282,0.213394257,2.799625215,2.472668324,3.92010342,3.688672165,1.433021617,1.114394143,1.24419293,1.860278083,0.843902951,1.241128777,0.743980933,0,2.213317605,1.474647185,3.056859987,1.0060015,1.296655966,0.992054089,2.651477336,3.095999368,2.731321302,3.059512932,5.395826225,5.853099634,2.180963091,3.162632106,1.473254451,1.060691832,3.155788659,3.231983874,3.501744445,1.985904628,3.423651739,4.062201148,2.238766995,2.261314817,2.954876166,1.828704511,1.965524473,1.582014308,2.078006238,2.62753384,2.709650975,2.537031262,2.711444566,3.323790401,2.837915793,3.293614686,3.784937803,4.949910283,2.86690457,2.965420872,5.437935299,5.209950843,2.662856866,3.87031742,4.523275923,5.047282274,1.773928445,2.224080314,4.620340297,1.371820227,1.107745809,1.840828378,3.051928116,2.987519605,2.180626295,1.829923969,4.46669794,2.103457681,2.069302025,1.757706802,4.612880067,4.088812985,2.121682134,1.990082397,3.494503573,0.060969788,1.264353962,1.966683269,5.277649235,2.347336832,2.051655354,1.011007363,4.489727628,3.018004499,0.944798137,1.857345111
11G1,3.019654115,0.213394257,1.762559841,1.769320674,3.553467664,1.768123848,1.886674581,1.97913491,3.237970137,5.67019027,3.136612865,1.991181959,2.381576212,2.5261471,2.50840271,2.865546044,2.364818029,2.213317605,0,0.944628494,2.477849466,0.975516606,2.711373682,2.694871987,4.048895614,3.902324329,1.354954577,1.46089439,7.37734433,7.834617739,1.241203875,2.257154142,1.865744778,1.760543423,2.859607543,2.712540021,3.680440777,2.587641158,3.780169426,4.23632739,2.735357493,2.746887097,3.332311866,2.086384373,2.32737226,2.583983038,3.727602032,3.509123138,3.07862109,3.25861911,3.529790377,4.858945158,2.020056731,2.757149489,4.215835724,5.096331728,2.562028875,2.700323454,5.803633692,5.458276326,3.057777723,3.649422165,4.472676426,5.028828596,0.917630813,0.928201608,3.3187935,0.609697879,1.177933485,1.356750977,2.752033978,1.0060015,0.641190339,0.980410385,3.891080631,4.084975786,1.266605932,0.719449041,4.355276818,3.636305167,1.242624706,1.228789069,3.507968696,2.042487893,1.961104888,2.535099815,4.793555133,4.328854938,2.634269433,1.960008679,5.289289792,4.999522604,2.221469144,2.607715863
11G2,3.229483712,0.487758303,2.384760428,1.924767849,3.823348602,1.066971287,2.383943957,2.171694346,3.629369772,4.96903771,2.515244936,1.348718883,2.01506152,2.390827307,1.621956753,2.001899465,1.548214308,1.474647185,0.944628494,0,2.68685711,0.274364045,1.958907184,1.823278134,3.529936981,3.628594068,1.76451305,2.085402594,6.67619177,7.133465179,1.181751104,1.950580556,1.178285428,1.105042246,2.846742215,2.618371759,3.898826621,2.428011457,3.887834946,4.486490896,2.582182599,2.504136474,3.00942662,1.973531298,1.761690663,1.803885521,3.247211892,3.334162818,3.062341772,3.117605635,3.229107821,4.290745354,1.935625307,2.533883831,4.343436845,5.456608512,2.57148132,2.789684928,6.142044429,5.810363342,2.974679691,3.896108739,4.763557134,5.355507604,0.9886733,1.403647136,3.553617029,0.091454682,0.661654315,0.777843384,2.891209498,1.70715406,1.041645299,0.761304509,4.511870668,3.383823226,1.574055325,0.859020558,4.566985782,3.895455273,1.497672664,0.980097808,3.721499842,1.341335333,1.535344735,2.392288721,5.241965605,3.627702377,1.957795768,1.086339867,5.454531042,4.298370044,1.346339696,2.261495233
12D1,1.65976923,1.188910863,2.540065673,3.120878633,2.463386676,2.743640453,2.654562946,3.012413909,3.253783631,6.645706876,3.944492463,3.458716022,2.326681793,2.020263775,3.599744954,4.064785883,3.291708692,3.056859987,2.477849466,2.68685711,0,1.951033211,4.098539417,3.885147519,2.923090597,2.630680546,3.148113988,2.914182751,8.352860936,8.810134345,2.907714715,2.442177262,3.669185683,3.166954839,1.082564699,1.4696346,3.879348564,3.002855897,2.508668298,3.050473994,3.824297298,4.027952511,2.619226795,3.186138897,3.47634233,3.745110515,3.000533816,2.468533319,3.811846598,4.080695863,2.262718691,3.766330912,4.095375494,4.435416721,3.7080891,4.533673267,3.882618873,3.819879766,4.881686624,4.777735615,3.987529471,3.836266545,3.854794814,4.152446482,2.815786327,2.701067888,2.107086512,1.585214484,2.45945966,3.328552689,1.29276521,0.030484894,2.657194361,2.731138096,2.967255337,5.060492392,2.507259786,2.878426722,2.807315975,2.086139318,2.917621299,2.810678705,1.557130051,3.018004499,3.091769323,3.008208807,3.84651648,5.304371543,4.278013858,3.458028823,4.076915673,5.97503921,3.50152922,3.332691173
12D2,1.219395757,0.762122348,0.213394257,2.40830662,2.621700878,0.792607242,1.402305121,2.896064923,3.749641953,4.694673665,3.231398756,0.274364045,1.768123848,1.615699378,1.798608742,2.469276408,2.286367044,1.0060015,0.975516606,0.274364045,1.951033211,0,2.743640453,1.981518105,0.274364045,1.127941075,2.499761302,3.475277908,6.401827725,6.859101133,2.56073109,1.768123848,0.914546818,1.097456181,0.091454682,0.182909364,1.890063423,3.078974287,3.26188365,3.810611741,4.024005998,4.359339831,2.743640453,2.865580029,3.139944074,3.048489393,3.597217483,3.444793014,4.145945574,4.237400256,1.432790015,0.670667666,4.024005998,3.932551317,4.359339831,4.81661324,4.633703877,4.694673665,5.609220482,5.578735589,4.81661324,5.060492392,4.176430468,3.139944074,0.15242447,0.335333833,0.823092136,0.365818727,0.030484894,0.030484894,1.036486393,1.981518105,1.737638954,0.060969788,0.030484894,3.10945918,2.621700878,1.402305121,2.713155559,0.731637454,0.457273409,0.213394257,0.579212985,1.066971287,1.55472959,2.194912363,3.018004499,3.353338332,3.200913862,0.975516606,3.780126847,4.024005998,1.432790015,3.719157059
12G1,3.710355707,3.505762802,3.269798367,2.352777032,3.992164842,1.951033211,3.092187994,2.505931908,4.00212527,1.951033211,0.77582651,1.277461658,1.821407755,2.382766898,0.843735407,0.739748605,1.239051347,1.296655966,2.711373682,1.958907184,4.098539417,2.743640453,0,0.631325805,3.539946699,4.027044839,3.41139116,3.770350596,3.658187271,4.11546068,2.793960591,3.990262163,1.527966221,1.684660341,4.056052018,4.105846024,3.415451085,1.887963436,4.032636847,4.571836602,1.910885877,1.72604921,3.162343796,1.770795266,1.566379621,1.017607335,2.505363603,3.155520138,2.465884812,2.254135704,3.505016971,4.030242106,3.184000366,3.83741039,3.846941026,5.054551145,2.69089209,2.858016125,5.549016009,5.242038385,2.310552342,3.779202072,4.677916084,5.309775446,2.050015169,2.495028589,5.488036892,3.10945918,1.668489045,1.954009485,3.904570117,4.725158559,2.821480986,2.045037766,4.969209858,0.365818727,2.741958303,2.221520092,5.10962749,4.668758265,2.616128906,2.507017645,4.248329228,1.676669166,1.1477745,1.902707817,5.52710392,0.609697879,1.387915374,1.161786599,4.834083128,1.280365545,0.81202949,1.433412147
12G2,3.651618058,2.743640453,3.524030241,2.647615059,4.119353329,1.188910863,3.374953775,2.85022954,4.343041686,2.713155559,1.273781908,1.194283561,1.904978167,2.533399427,0.389295223,0.494567892,0.926181854,0.992054089,2.694871987,1.823278134,3.885147519,1.981518105,0.631325805,0,3.263027734,3.845994918,3.291967185,3.685803021,4.420309619,4.877583028,2.519036647,3.185691934,1.393533103,1.411863572,3.857067352,3.850553943,3.810653743,2.334755134,4.067763366,4.676646818,2.438579294,2.273271088,3.098757011,2.185029471,1.697903328,1.039643452,2.459305843,3.19431238,2.999552372,2.792298127,3.310899858,3.761535492,2.945805849,3.481453134,4.13121912,5.381061726,3.007759748,3.211860577,5.905531339,5.620138673,2.849606857,4.231434222,5.065870489,5.668966025,2.19149624,2.68875152,5.281399602,2.347336832,1.642858351,1.867375432,3.820390804,3.96303621,2.721172695,2.077269341,5.112254442,1.127941075,2.652052461,2.161365908,5.133619362,4.641395708,2.571210249,2.336989234,4.174415829,0.914546818,1.495660658,2.339231389,5.856319359,1.371820227,1.514522124,0.926205718,5.09007838,2.042487893,0.576361565,1.922470665
16D1,3.116784896,0.487758303,4.232496505,4.120708437,3.893441393,1.066971287,4.244899267,4.17412331,5.010320381,4.96903771,2.774677492,3.205295069,2.373596199,2.527344436,2.98640601,3.222952578,2.983513081,2.651477336,4.048895614,3.529936981,2.923090597,0.274364045,3.539946699,3.263027734,0,1.091725341,4.526121971,4.573817477,6.67619177,7.133465179,4.01586992,3.606049217,3.57427813,3.154849802,2.840223599,3.133072324,4.295411594,3.130981335,3.747936001,4.512153002,3.882422363,4.058151838,3.569111469,3.607651158,3.833915774,3.521833519,2.232222714,2.682276482,3.954163552,3.801603286,1.438379286,1.002157371,4.76869054,4.99132052,4.501695629,5.686487676,4.859239851,4.81042478,5.727811316,5.733555976,4.154593308,4.890926773,4.854040232,5.033588941,3.710241626,4.026256505,4.222916146,0.091454682,3.029801205,3.928095107,2.993855244,1.70715406,4.015239119,3.685532416,5.095878669,3.383823226,3.552117072,3.748708673,4.487858834,4.095736514,4.226241443,4.064242956,3.538768012,1.341335333,3.02454377,2.9810634,5.532155446,3.627702377,4.177704081,3.319094901,4.27336464,4.298370044,3.106024284,3.312914525
16D2,2.8703325,0.365818727,3.715485645,3.965333717,3.583185317,1.920548317,3.83513476,3.975426016,4.625067117,5.82261474,3.064024184,3.524593458,2.469380803,2.356695337,3.491632209,3.752667563,3.48974446,3.095999368,3.902324329,3.628594068,2.630680546,1.127941075,4.027044839,3.845994918,1.091725341,0,4.382654521,4.272237935,7.5297688,7.987042209,4.216405888,4.731017019,3.914890832,3.482795291,2.720164769,3.153071171,3.961236448,2.951627559,3.634443801,4.298001703,3.780485208,4.055005993,3.878545614,3.496686482,4.12073781,3.958456057,2.706194855,2.704004168,3.679932255,3.615093876,1.319574013,1.594852542,4.97419158,5.179046469,4.403239157,5.379767157,4.871654301,4.738782448,5.221069886,5.288699922,4.01191854,4.504627646,4.259223197,4.288911855,3.562718175,3.766410006,3.93878684,0.762122348,3.046030531,4.058436302,2.708974976,0.85357703,3.901128528,3.653523673,4.615366999,4.237400256,3.484627289,3.825070546,4.193313164,3.79693981,4.356034906,4.219085585,3.33104753,2.194912363,3.018554933,2.69732961,4.854356197,4.481279407,4.5297942,3.65490237,3.762993488,5.151947074,3.494812372,3.35593033
16G1,3.494851518,1.737638954,2.498613387,2.46657474,4.391711479,3.292368544,2.656618497,2.928608464,4.190446294,7.194434967,3.790635046,2.571074433,3.063801352,3.263227587,3.024571212,3.379544522,3.040910783,2.731321302,1.354954577,1.76451305,3.148113988,2.499761302,3.41139116,3.291967185,4.526121971,4.382654521,0,0.720209715,8.901589027,9.358862435,1.62196453,2.657777528,2.382881697,2.134748386,3.810617025,3.723468721,4.573450525,3.525501856,4.50627288,4.927810415,3.467679184,3.557885189,4.356788384,2.899433059,3.405475902,3.453378282,4.525312178,4.422350773,3.854782722,3.878362588,4.2715859,5.326026813,1.699655435,2.039705069,5.097647627,5.788653396,3.337954567,3.422318379,6.588895432,6.299130149,3.841622323,4.543395645,5.182865013,5.598284136,1.864124845,1.955940161,4.310972982,2.133942575,2.02544042,2.142838027,3.666046872,0.518243197,0.804383203,2.149400237,4.524066408,5.609220482,1.763750428,1.589501656,5.481073868,4.756319124,1.771226048,1.730567747,4.236421806,3.566732589,2.844836587,3.441563884,5.545113568,5.853099634,3.406969665,2.471063718,5.891629335,6.5237673,2.865274328,3.625236634
16G2,3.275939517,2.713155559,2.312222832,2.705115908,4.274654027,4.26788515,2.615851351,3.071857859,4.14235651,8.169951572,4.087065256,2.768088878,3.255028469,3.326510912,3.468123964,3.836101919,3.447753836,3.059512932,1.46089439,2.085402594,2.914182751,3.475277908,3.770350596,3.685803021,4.573817477,4.272237935,0.720209715,0,9.877105632,10.33437904,1.749295707,3.298299572,2.597744633,2.371289871,3.720505806,3.706369863,4.359646336,3.632175302,4.513765018,4.89052648,3.702966869,3.839830795,4.508803899,3.118474014,3.731910795,3.850532199,4.703857368,4.474245742,3.972523037,4.062967314,4.136086296,5.358036601,1.865435789,2.447584915,5.047452669,5.661703626,3.676168885,3.706735366,6.410998223,6.133336492,4.046032766,4.552527341,5.064704565,5.398290145,2.019852695,2.003883457,4.106913219,3.10945918,2.232227699,2.46822497,3.56650347,1.493759802,1.055651072,2.297021016,4.17755189,6.584737088,1.503458489,1.609073951,5.318885773,4.536738733,2.055038791,2.190455709,4.024884407,4.542249195,3.035368681,3.486392793,5.307195327,6.82861624,3.84608916,2.917364922,5.743600236,7.499283906,3.260030749,3.831655234
18D1,7.621223482,7.163950073,6.188433467,3.993521104,3.780126847,5.609220482,4.999522604,3.505762802,2.652185772,1.70715406,3.170428968,6.67619177,4.633703877,4.786128346,4.603218983,3.932551317,4.11546068,5.395826225,7.37734433,6.67619177,8.352860936,6.401827725,3.658187271,4.420309619,6.67619177,7.5297688,8.901589027,9.877105632,0,0.457273409,8.962558814,8.169951572,7.316374542,7.499283906,6.310373043,6.218918361,4.511764301,3.322853438,3.139944074,2.591215984,2.377821726,2.042487893,3.658187271,3.536247695,3.26188365,3.353338332,2.804610241,2.957034711,2.255882151,2.164427469,7.834617739,7.072495391,10.42583372,10.33437904,2.042487893,1.585214484,1.768123848,1.70715406,0.792607242,0.823092136,1.585214484,1.341335333,2.225397257,3.26188365,6.249403255,6.066493891,7.224919861,6.767646452,6.432312618,6.432312618,5.365341331,8.38334583,8.139466678,6.462797512,6.371342831,3.292368544,9.023528602,7.804132845,3.688672165,5.67019027,5.944554316,6.188433467,6.981040709,5.334856437,4.847098134,4.206915362,3.383823226,3.048489393,3.200913862,5.426311119,2.621700878,2.377821726,4.96903771,2.682670666
18D2,8.07849689,7.621223482,6.645706876,4.450794513,4.237400256,6.066493891,5.456796013,3.96303621,3.10945918,2.164427469,3.627702377,7.133465179,5.090977286,5.243401755,5.060492392,4.389824725,4.572734089,5.853099634,7.834617739,7.133465179,8.810134345,6.859101133,4.11546068,4.877583028,7.133465179,7.987042209,9.358862435,10.33437904,0.457273409,0,9.419832223,8.627224981,7.773647951,7.956557315,6.767646452,6.67619177,4.96903771,3.780126847,3.597217483,3.048489393,2.835095135,2.499761302,4.11546068,3.993521104,3.719157059,3.810611741,3.26188365,3.41430812,2.713155559,2.621700878,8.291891148,7.5297688,10.88310713,10.79165245,2.499761302,2.042487893,2.225397257,2.164427469,1.249880651,1.280365545,2.042487893,1.798608742,2.682670666,3.719157059,6.706676664,6.5237673,7.682193269,7.224919861,6.889586027,6.889586027,5.82261474,8.840619239,8.596740087,6.920070921,6.82861624,3.749641953,9.480802011,8.261406254,4.145945574,6.127463679,6.401827725,6.645706876,7.438314118,5.792129846,5.304371543,4.664188771,3.841096635,3.505762802,3.658187271,5.883584528,3.078974287,2.835095135,5.426311119,3.139944074
18G1,3.004775921,1.798608742,2.855866698,2.83679791,4.005714567,3.353338332,2.99663855,3.045555416,4.207580473,7.255404754,3.573542651,1.940444468,2.754060844,3.009405768,2.551167973,2.97809894,2.406055144,2.180963091,1.241203875,1.181751104,2.907714715,2.56073109,2.793960591,2.519036647,4.01586992,4.216405888,1.62196453,1.749295707,8.962558814,9.419832223,0,1.081581207,1.719424066,1.473098261,3.387117202,3.300148325,4.155265466,3.38317181,4.094585266,4.575931773,3.680829681,3.650268074,3.336191304,3.0239975,2.71521144,2.805476648,3.701764922,3.835746058,4.072154463,4.173825155,3.489058384,4.685498083,1.380429081,2.163737135,4.495485049,5.457879391,3.510026033,3.709975274,6.201920942,5.879492787,4.046300617,4.687741121,5.370684686,5.861944533,1.873595692,2.108635251,4.382941084,2.194912363,1.586658772,1.598336159,3.510523701,0.579212985,1.105608771,1.556202123,4.211799039,5.67019027,1.337238844,1.102805662,4.82124495,4.008299464,1.705750117,1.394262583,3.435126027,3.627702377,2.584164308,3.30331167,5.625235995,5.914069422,2.997512086,2.078726018,5.594469742,6.584737088,2.339999502,3.319816191
18G2,3.88777277,1.0060015,4.631980428,4.603931859,5.294279696,2.56073109,4.727983909,4.740999753,5.494278439,6.462797512,4.967621409,2.930084675,3.959054996,4.336029011,2.985592263,3.436067027,3.345359643,3.162632106,2.257154142,1.950580556,2.442177262,1.768123848,3.990262163,3.185691934,3.606049217,4.731017019,2.657777528,3.298299572,8.169951572,8.627224981,1.081581207,0,2.308802072,2.360731343,2.168178752,1.534884191,6.661646745,5.295368807,4.953626903,5.614019137,5.960783334,5.697734826,3.192791948,4.973913525,3.591694607,3.552216346,4.700509215,5.047294611,6.618368283,6.822682133,3.24632223,3.698408145,2.007829077,1.726445989,6.246164178,7.738460519,5.18232047,5.600558854,9.331104334,8.768567907,6.503934149,6.92332466,7.684765847,8.402815224,3.241508891,3.524790635,1.041530166,1.402305121,2.730786778,1.853383483,3.619137195,0.213394257,2.312708278,2.279965779,4.999909959,4.877583028,3.128240632,2.536071374,3.898253083,2.651392532,2.5592253,1.726721291,2.819294499,2.835095135,3.966429049,5.193780396,6.936458118,5.12146218,3.692496312,2.567597636,8.749671723,5.792129846,2.819876049,4.973591485
19G1,3.362030511,0.15242447,2.930077659,2.615517779,4.220420481,1.70715406,3.034765781,2.855476199,4.327169398,5.609220482,2.092679321,0.510813062,2.151983864,2.583076299,1.438410323,1.719160667,1.854576157,1.473254451,1.865744778,1.178285428,3.669185683,0.914546818,1.527966221,1.393533103,3.57427813,3.914890832,2.382881697,2.597744633,7.316374542,7.773647951,1.719424066,2.308802072,0,0.675997182,3.960843449,4.007400901,3.54320881,2.544177722,4.377630766,4.915083788,2.793140852,2.736862643,3.476467598,2.338207081,2.218457325,1.943795924,3.217167678,3.676733111,3.229403772,3.143193564,3.23058119,4.053127975,1.851811521,2.63998277,4.317968647,5.438152919,3.383696353,3.545065323,6.013412819,5.703453394,3.247964165,4.395817723,5.111126729,5.587855298,1.511681587,2.079583815,5.278674288,0.548728091,0.979613466,1.259768775,3.945826368,1.066971287,1.780794573,1.361136741,4.760849084,4.024005998,1.691416731,1.267180479,5.282057868,4.593020632,2.354156829,2.073111454,4.013930912,1.981518105,1.406839104,2.30721819,5.705314905,4.26788515,2.153595421,1.087400892,5.245373488,4.938552816,1.131582471,2.408339382
19G2,2.936437222,0.335333833,2.824425566,2.505516656,3.89791993,1.890063423,2.904761221,2.798956265,4.235460214,5.792129846,2.205542715,0.63982162,1.901267308,2.341314047,1.450517545,1.835884358,1.578840632,1.060691832,1.760543423,1.105042246,3.166954839,1.097456181,1.684660341,1.411863572,3.154849802,3.482795291,2.134748386,2.371289871,7.499283906,7.956557315,1.473098261,2.360731343,0.675997182,0,3.513379477,3.573714157,3.590050549,2.542060577,3.979623789,4.555696582,2.820189012,2.836011201,3.361112477,2.308597367,2.363511893,2.104155571,2.91591298,3.338114243,3.245225881,3.14935212,2.911283054,3.738356981,1.888530351,2.547733151,4.18144979,5.280152496,3.337679595,3.463313832,5.861092101,5.592056203,3.269816533,4.34259067,4.961223583,5.408109272,1.541281133,2.058277993,4.859737493,0.731637454,0.885538134,1.467837845,3.495816814,0.884061924,1.580769083,1.498573054,4.500430976,4.206915362,1.415977811,1.107278781,5.002223011,4.31361083,2.048509807,1.860047557,3.636291349,2.164427469,1.558504306,2.36032097,5.549882774,4.450794513,2.392223413,1.152324008,4.98610373,5.12146218,1.28853896,2.493379844
20D1,2.208977035,0.85357703,2.89925108,3.155565868,2.335388861,0.70115256,2.835202926,2.883209908,2.970806591,4.603218983,3.690672501,3.703860786,2.148586999,1.864474615,3.434614337,3.852229683,3.193243236,3.155788659,2.859607543,2.846742215,1.082564699,0.091454682,4.056052018,3.857067352,2.840223599,2.720164769,3.810617025,3.720505806,6.310373043,6.767646452,3.387117202,2.168178752,3.960843449,3.513379477,0,0.7026265,3.987151522,2.720889533,2.233626891,2.855897274,3.648562215,3.775680216,1.619033128,3.07653434,3.006190458,3.341754571,2.563398047,1.977048356,3.629864401,3.941876095,2.257899339,3.653364193,4.656301677,4.961617969,3.522248789,4.503611209,3.620005725,3.598113921,4.739783564,4.632583095,3.735573392,3.519934032,3.683541049,4.154865983,3.028135071,2.934987766,1.670225048,0.457273409,2.605030359,3.40556644,0.957948319,2.072972787,3.183712421,2.812230736,3.295877218,3.018004499,3.145380699,3.333104306,2.129640179,1.600408977,3.249438783,2.948546215,1.701457881,0.975516606,3.005467449,2.859542865,3.734391465,3.26188365,3.988761328,3.437500065,4.042909537,3.932551317,3.36552862,2.911307322
20D2,2.744113401,0.945031712,3.122410422,3.202629134,2.835005924,0.609697879,3.034032356,2.942381496,3.190530749,4.511764301,3.74482479,3.799433437,2.348196988,2.250351989,3.250718082,3.668192131,3.150743239,3.231983874,2.712540021,2.618371759,1.4696346,0.182909364,4.105846024,3.850553943,3.133072324,3.153071171,3.723468721,3.706369863,6.218918361,6.67619177,3.300148325,1.534884191,4.007400901,3.573714157,0.7026265,0,4.428090196,2.939683199,2.674160379,3.279666048,3.766099009,3.793263095,1.261578628,3.166836891,2.673245439,3.049676044,2.838098089,2.405066793,3.866220781,4.171031293,2.589961393,3.896817741,4.574134664,4.6871085,3.968687586,4.977197982,3.514063631,3.598113853,5.243572342,5.095414893,3.882228101,3.806215066,4.216422597,4.780925226,2.972842764,2.925823634,1.518797295,0.548728091,2.531568533,3.115551059,1.491395891,2.164427469,3.064441972,2.607546994,3.743955923,2.926549817,3.316313344,3.411682737,2.37502789,1.836687655,3.294962778,2.644236662,2.217831438,0.884061924,3.01814761,3.100160185,4.263176093,3.170428968,3.685920161,3.227754527,4.658333761,3.841096635,3.165516269,2.94831199
20G1,3.027607441,2.652185772,2.341566515,3.031945075,2.641458142,1.097456181,2.448107361,2.672056415,2.606536489,2.804610241,3.401235998,3.229347127,3.052397143,2.590797957,4.302533623,4.445146136,3.768006581,3.501744445,3.680440777,3.898826621,3.879348564,1.890063423,3.415451085,3.810653743,4.295411594,3.961236448,4.573450525,4.359646336,4.511764301,4.96903771,4.155265466,6.661646745,3.54320881,3.590050549,3.987151522,4.428090196,0,2.05049796,3.426279728,3.529373706,2.69751069,3.012820911,4.172812269,2.660155505,3.861836358,4.153903563,3.374242669,2.925905654,2.092116796,2.518116677,3.568693029,4.821417065,4.782575975,6.075889758,2.364562686,2.958039596,3.721104335,3.444420377,2.918144861,2.637181572,2.586653877,2.229605056,2.263578849,2.563289529,3.168089798,2.939908639,5.132247236,2.255882151,3.350339866,4.125009963,3.416996125,3.871581529,4.044347102,3.456687626,2.994806094,1.219395757,3.09869623,3.149990178,3.945679402,3.661040995,3.580699131,4.417923797,3.450800111,0.823092136,2.853706596,1.857589084,2.800897341,1.463274908,4.40477791,4.205004851,2.69388208,2.133942575,4.073848871,2.655800111
20G2,2.902035325,3.841096635,2.032404251,1.591795753,2.446790071,2.286367044,1.784631964,1.371226982,2.399814555,1.615699378,1.695195701,2.162531902,1.428910984,1.374616866,2.434345097,2.571215029,2.037785309,1.985904628,2.587641158,2.428011457,3.002855897,3.078974287,1.887963436,2.334755134,3.130981335,2.951627559,3.525501856,3.632175302,3.322853438,3.780126847,3.38317181,5.295368807,2.544177722,2.542060577,2.720889533,2.939683199,2.05049796,0,2.753966095,3.271201713,1.091474212,1.342459926,2.922346726,0.913674829,2.115649866,2.283758141,2.058624495,1.734714551,1.034392883,1.289767745,2.911382896,3.897420103,4.172304214,4.788270978,2.579830984,3.761974018,2.168154457,2.025854656,4.103167028,3.826177285,1.19572667,2.056175244,2.854096178,3.524551309,1.928513893,1.918863333,3.738106953,3.444793014,1.908115033,2.686823067,2.149896735,5.060492392,2.919412871,2.200880483,3.762332013,0.030484894,2.690461476,2.387947562,3.57490166,3.3532495,2.548203916,2.855306989,3.368700187,2.012002999,1.270333423,0.580780489,3.701814269,0.274364045,2.615017582,2.448860714,3.412929166,0.945031712,2.298625444,0.768318244
23D1,2.041649382,4.024005998,3.049440039,3.019100318,1.006831733,2.469276408,2.673432531,2.738103178,2.153762496,1.432790015,4.047256651,4.056179366,2.447285721,1.958856438,4.186735234,4.52723427,3.46201355,3.423651739,3.780169426,3.887834946,2.508668298,3.26188365,4.032636847,4.067763366,3.747936001,3.634443801,4.50627288,4.513765018,3.139944074,3.597217483,4.094585266,4.953626903,4.377630766,3.979623789,2.233626891,2.674160379,3.426279728,2.753966095,0,0.826606227,3.40694237,3.706419598,2.585249596,3.064608235,3.774751691,4.110215709,2.358684777,1.463156968,3.196480518,3.516984644,3.570230209,4.673554184,5.321790621,6.073305753,1.917898769,2.655459433,3.243331384,2.965071637,3.320702231,3.224029264,3.269244358,2.480220971,2.213954222,2.786656421,3.773210675,3.50230627,3.376081424,3.627702377,3.578898144,4.49239582,1.570420212,5.243401755,4.078059808,3.92630726,2.465701746,0.15242447,3.64297307,3.705440808,2.410810052,2.491351641,2.995636507,3.703449376,1.797436031,2.194912363,3.682527552,3.155592326,2.502159008,0.091454682,4.664353622,4.282774107,2.719862878,0.762122348,4.249295276,3.146906231
23D2,2.490350726,4.572734089,3.260951034,3.36420239,1.069394798,3.018004499,2.87750776,3.041565061,1.990572901,0.884061924,4.705360428,4.610476029,3.203235901,2.684515733,4.910693738,5.231450877,4.090925156,4.062201148,4.23632739,4.486490896,3.050473994,3.810611741,4.571836602,4.676646818,4.512153002,4.298001703,4.927810415,4.89052648,2.591215984,3.048489393,4.575931773,5.614019137,4.915083788,4.555696582,2.855897274,3.279666048,3.529373706,3.271201713,0.826606227,0,3.798474001,4.116738366,3.290926005,3.518378975,4.363054888,4.77221395,3.092538285,2.140740354,3.497538925,3.885102145,4.254203766,5.424428087,5.772435304,6.64337301,1.845791879,2.090092347,3.493235732,3.152465941,2.876015854,2.776116186,3.577107091,2.380559038,1.919278883,2.495016976,4.258776844,3.887536067,3.732063975,4.176430468,4.206141736,5.061889278,2.126674234,5.792129846,4.564215347,4.467455089,2.137599543,0.70115256,4.07513722,4.138597265,2.516069972,2.738360738,3.326285657,4.247600596,2.201601419,2.743640453,4.276312007,3.672400845,1.952823967,0.457273409,5.240876181,4.9476562,2.657391515,0.213394257,4.940945065,3.697402768
23G1,3.704498119,4.786128346,2.267630918,1.313221326,3.161199116,3.231398756,1.940529433,1.360265807,2.721909143,0.670667666,1.703086172,2.452994427,2.046071817,2.178796234,2.464528364,2.468480956,2.147193649,2.238766995,2.735357493,2.582182599,3.824297298,4.024005998,1.910885877,2.438579294,3.882422363,3.780485208,3.467679184,3.702966869,2.377821726,2.835095135,3.680829681,5.960783334,2.793140852,2.820189012,3.648562215,3.766099009,2.69751069,1.091474212,3.40694237,3.798474001,0,0.555368376,3.64485243,0.709019747,2.247649591,2.326718181,2.812007717,2.64770605,0.74749758,0.730230032,3.849799099,4.598411528,4.239757349,4.687706804,3.274219982,4.153956558,1.719190864,1.58056019,4.46103879,4.171495623,0.509767525,2.203417635,3.278856361,3.988451772,1.976809446,1.9888613,4.580526076,4.389824725,2.205676862,2.690912625,3.040438041,6.005524103,2.998070673,2.421178495,4.337960226,0.914546818,3.141767643,2.695285217,4.421495239,4.242456173,2.665393458,2.907987361,4.264843111,2.957034711,1.487044422,1.3095618,4.240802947,0.670667666,2.343937209,2.407659889,3.938118926,0,2.343498181,1.134869466
23G2,4.042421436,5.12146218,2.539828924,1.492108326,3.488125518,3.566732589,2.224901912,1.492733261,2.920978969,0.335333833,1.650358562,2.441468709,2.260915099,2.482711824,2.307287471,2.241690866,2.00305837,2.261314817,2.746887097,2.504136474,4.027952511,4.359339831,1.72604921,2.273271088,4.058151838,4.055005993,3.557885189,3.839830795,2.042487893,2.499761302,3.650268074,5.697734826,2.736862643,2.836011201,3.775680216,3.793263095,3.012820911,1.342459926,3.706419598,4.116738366,0.555368376,0,3.597305264,0.930359133,1.902394792,1.990627939,2.947851671,2.882935775,1.176556861,1.183459897,3.989464257,4.723878621,4.174161727,4.610411735,3.584210935,4.528924936,1.613246286,1.637639351,4.816384392,4.491288458,0.811673968,2.472486795,3.6989023,4.45934381,1.977533184,2.053598336,4.646711958,4.725158559,2.215827875,2.479441928,3.27815405,6.340857937,3.045372721,2.300291148,4.663753316,1.249880651,3.285949703,2.742767025,4.532745949,4.339998989,2.757864625,2.846828545,4.512906432,3.292368544,1.443962208,1.543389351,4.601775551,1.0060015,1.905382639,2.240507121,4.405718959,0.335333833,2.144015028,1.038681704
24D1,3.089088132,3.505762802,3.704463781,3.319961442,2.972300004,1.951033211,3.427195436,3.027431336,3.287258724,1.951033211,3.536288731,3.379783292,2.371923342,2.421181478,3.101932088,3.433169922,2.712548707,2.954876166,3.332311866,3.00942662,2.619226795,2.743640453,3.162343796,3.098757011,3.569111469,3.878545614,4.356788384,4.508803899,3.658187271,4.11546068,3.336191304,3.192791948,3.476467598,3.361112477,1.619033128,1.261578628,4.172812269,2.922346726,2.585249596,3.290926005,3.64485243,3.597305264,0,3.180439023,2.384882051,2.721280631,2.200533767,2.143934111,3.806230003,4.060797917,3.280522539,4.397601415,4.632466007,5.193105734,3.101549792,4.635929061,3.26302243,3.390267645,5.511220761,5.191083366,3.69518236,3.729193454,4.295586591,4.997999491,3.399373519,3.402374364,2.31971412,3.10945918,2.929250675,3.421093469,2.098284976,4.725158559,3.693644512,3.055585794,4.21673905,0.365818727,3.548866032,3.280996989,2.760906244,2.532095056,2.883769245,2.913580438,2.607255101,1.676669166,3.16159797,3.247339616,4.540875016,0.609697879,3.442290352,3.277974945,4.972139928,1.280365545,3.132374105,2.736931653
24D2,3.165940603,3.627702377,1.78623098,0.806705357,2.841648851,2.072972787,1.464502227,0.906723424,2.479726036,1.829093636,1.777819752,2.039549798,1.575211296,1.717071597,2.156248265,2.298278761,1.802916786,1.828704511,2.086384373,1.973531298,3.186138897,2.865580029,1.770795266,2.185029471,3.607651158,3.496686482,2.899433059,3.118474014,3.536247695,3.993521104,3.0239975,4.973913525,2.338207081,2.308597367,3.07653434,3.166836891,2.660155505,0.913674829,3.064608235,3.518378975,0.709019747,0.930359133,3.180439023,0,1.909895425,2.068304588,2.614870785,2.396900119,1.138374844,1.273805623,3.469058754,4.409702845,3.700435412,4.205546605,3.115527845,4.083349639,1.545932845,1.461570942,4.56524268,4.256858892,1.036607202,2.247422131,3.258732329,3.957726869,1.407593473,1.400397339,3.990104668,3.231398756,1.599744972,2.207694568,2.522728018,4.847098134,2.375207683,1.849663163,3.934750866,0.243879151,2.519855382,2.061041036,4.070211487,3.773818231,2.007551052,2.285301559,3.720386288,1.798608742,1.133465729,1.146033585,4.074416938,0.487758303,2.191057273,2.012349961,3.99029474,1.158425969,2.005975344,1.020398384
24G1,3.954643107,3.902066423,3.057961068,2.18620771,3.769960931,2.347336832,2.814663682,2.069830222,3.344439199,1.55472959,2.155466906,2.15466623,2.225817445,2.611673983,1.687699741,1.785722612,1.359802106,1.965524473,2.32737226,1.761690663,3.47634233,3.139944074,1.566379621,1.697903328,3.833915774,4.12073781,3.405475902,3.731910795,3.26188365,3.719157059,2.71521144,3.591694607,2.218457325,2.363511893,3.006190458,2.673245439,3.861836358,2.115649866,3.774751691,4.363054888,2.247649591,1.902394792,2.384882051,1.909895425,0,0.774308001,2.764182026,2.933373133,2.745785297,2.87717185,3.584548348,4.501652189,3.503841481,4.001221911,3.974237485,5.274479885,2.048826996,2.401678954,5.821028026,5.437888683,2.471874802,3.444617612,4.625562606,5.426793797,1.975572936,2.199370032,3.703511847,3.505762802,1.802633764,1.671841867,3.040515781,5.12146218,2.707988181,1.627299425,4.900689057,0.030484894,3.011594273,2.3469302,4.120407225,3.741845812,2.406495318,2.032343529,4.085515664,2.072972787,1.645191531,2.311412163,5.201410218,0.213394257,1.142000933,1.634580752,5.404614934,0.884061924,1.462596568,1.477321633
24G2,4.153383868,3.810611741,3.42815945,2.451754068,4.189905105,2.255882151,3.206323023,2.498769911,3.918445153,1.646184272,1.726597595,1.867091525,2.187778324,2.72057388,1.064304547,1.060166153,0.869939023,1.582014308,2.583983038,1.803885521,3.745110515,3.048489393,1.017607335,1.039643452,3.521833519,3.958456057,3.453378282,3.850532199,3.353338332,3.810611741,2.805476648,3.552216346,1.943795924,2.104155571,3.341754571,3.049676044,4.153903563,2.283758141,4.110215709,4.77221395,2.326718181,1.990627939,2.721280631,2.068304588,0.774308001,0,2.672683332,3.13355032,2.910457862,2.869918928,3.527618054,4.118242309,3.414775177,3.777282762,4.351856314,5.703553513,2.447758062,2.770669274,6.231578858,5.88984835,2.64234142,3.893530807,4.978253387,5.721004126,2.139093438,2.519776152,4.214306857,3.41430812,1.803680071,1.682536491,3.407980058,5.030007498,2.807187405,1.863294208,5.403970572,0.060969788,3.12934406,2.4708929,4.697431892,4.306668088,2.673499413,2.166680524,4.434322101,1.981518105,1.592003098,2.415967636,5.675640392,0.304848939,0.842810394,1.21327776,5.599293967,0.975516606,0.932673024,1.641900679
25D1,2.680594774,4.359339831,3.651885838,3.123439232,2.657988396,2.804610241,3.37054104,2.99346328,3.581760435,1.097456181,2.259708134,2.817278828,1.493127821,1.610367829,2.617743658,2.826965668,2.084630826,2.078006238,3.727602032,3.247211892,3.000533816,3.597217483,2.505363603,2.459305843,2.232222714,2.706194855,4.525312178,4.703857368,2.804610241,3.26188365,3.701764922,4.700509215,3.217167678,2.91591298,2.563398047,2.838098089,3.374242669,2.058624495,2.358684777,3.092538285,2.812007717,2.947851671,2.200533767,2.614870785,2.764182026,2.672683332,0,1.192302112,2.868547615,2.856708315,2.479671994,2.976195717,4.710208073,5.403999558,2.788850154,4.161105793,3.408916804,3.341404265,4.515100468,4.388835938,2.89248091,3.410242263,3.648474038,4.176897288,3.347771929,3.487361652,4.153613771,3.96303621,2.805114386,3.671214403,2.403856992,5.578735589,3.924913049,3.340495017,4.190136445,0.487758303,3.371745388,3.266421535,3.55926259,3.403346795,3.181698984,3.474991712,2.873161145,2.530246196,2.578399242,2.331870566,4.431983573,0.243879151,3.414667683,3.043435641,3.446700552,0.426788515,2.791630744,2.107948701
25D2,2.225527722,4.206915362,2.969364887,2.76947118,1.592191142,2.652185772,2.671770914,2.45929979,2.541812469,1.249880651,2.805761153,3.273013686,1.621905747,1.240693651,3.24704477,3.503958513,2.644342893,2.62753384,3.509123138,3.334162818,2.468533319,3.444793014,3.155520138,3.19431238,2.682276482,2.704004168,4.422350773,4.474245742,2.957034711,3.41430812,3.835746058,5.047294611,3.676733111,3.338114243,1.977048356,2.405066793,2.925905654,1.734714551,1.463156968,2.140740354,2.64770605,2.882935775,2.143934111,2.396900119,2.933373133,3.13355032,1.192302112,0,2.461542942,2.697293349,2.534386092,3.503552073,4.968107073,5.692917578,2.17510207,3.361063382,3.092252449,2.908899486,3.570308514,3.470514592,2.584181543,2.46646205,2.561558204,3.155860511,3.204409421,3.12901805,3.436366,3.810611741,2.873549119,3.809329024,1.498461457,5.426311119,3.824137782,3.274336394,3.249403357,0.335333833,3.31889497,3.32095761,2.556354577,2.512606506,3.103415938,3.50167139,2.208679643,2.377821726,2.674189087,2.082777552,3.222932959,0.091454682,3.771862229,3.464566771,2.691909037,0.579212985,3.285787613,2.062607072
25G1,3.564221555,4.908067922,2.17016307,1.656916235,2.785662829,3.353338332,1.874397781,1.507081831,2.416213661,0.548728091,2.127764336,2.854845548,2.256585336,2.168783108,3.066947718,3.100212413,2.720598465,2.709650975,3.07862109,3.062341772,3.811846598,4.145945574,2.465884812,2.999552372,3.954163552,3.679932255,3.854782722,3.972523037,2.255882151,2.713155559,4.072154463,6.618368283,3.229403772,3.245225881,3.629864401,3.866220781,2.092116796,1.034392883,3.196480518,3.497538925,0.74749758,1.176556861,3.806230003,1.138374844,2.745785297,2.910457862,2.868547615,2.461542942,0,0.652622718,3.812868727,4.661172112,4.69523407,5.236195747,2.839459638,3.612389468,2.116790251,1.840559435,3.768924287,3.500988694,0.557367141,1.713512628,2.670492405,3.357560961,2.356604073,2.242605602,4.530227306,4.511764301,2.608123852,3.222424397,2.893403514,6.127463679,3.383804822,2.81199909,3.96003996,1.036486393,3.314406647,3.004009004,4.123580336,4.029515909,3.013006822,3.411177161,4.100109765,3.078974287,1.885863826,1.223271207,3.67799138,0.792607242,2.99985138,3.022976162,3.302936341,0.121939576,2.932686993,1.417218962
25G2,3.784270141,4.999522604,2.553119721,1.855438348,3.237786507,3.444793014,2.28043071,1.911995136,3.001338658,0.457273409,1.798802333,2.743969203,2.255065783,2.302011388,2.866089922,2.845070893,2.586905062,2.537031262,3.25861911,3.117605635,4.080695863,4.237400256,2.254135704,2.792298127,3.801603286,3.615093876,3.878362588,4.062967314,2.164427469,2.621700878,4.173825155,6.822682133,3.143193564,3.14935212,3.941876095,4.171031293,2.518116677,1.289767745,3.516984644,3.885102145,0.730230032,1.183459897,4.060797917,1.273805623,2.87717185,2.869918928,2.856708315,2.697293349,0.652622718,0,3.882891096,4.465166705,4.681605175,5.119436847,3.255267359,4.053628457,2.354471257,2.112665132,4.215601467,4.00046284,0.800177043,2.286833503,3.084838158,3.682048613,2.478610293,2.494888118,4.960645207,4.603218983,2.649456088,3.26415181,3.256407609,6.218918361,3.460398785,2.973805215,4.457755539,1.127941075,3.448819986,3.123451566,4.657353761,4.538633719,3.180774906,3.489985997,4.444403926,3.170428968,1.882383635,1.399268291,4.184534956,0.884061924,2.935584157,2.885751929,3.517547954,0.213394257,2.794349119,1.5743301
26D1,2.641378406,0.670667666,3.617429094,3.928500759,3.417953346,2.225397257,3.775906383,3.82290097,4.455112066,6.127463679,3.108250116,2.912928519,2.531949216,2.46234492,3.293166897,3.571791717,3.049174646,2.711444566,3.529790377,3.229107821,2.262718691,1.432790015,3.505016971,3.310899858,1.438379286,1.319574013,4.2715859,4.136086296,7.834617739,8.291891148,3.489058384,3.24632223,3.23058119,2.911283054,2.257899339,2.589961393,3.568693029,2.911382896,3.570230209,4.254203766,3.849799099,3.989464257,3.280522539,3.469058754,3.584548348,3.527618054,2.479671994,2.534386092,3.812868727,3.882891096,0,1.873442737,4.319719102,4.928342014,4.1086704,5.279063203,4.717979153,4.688295558,5.262438761,5.199416488,4.083914432,4.515292118,4.545779364,4.747989961,3.279594911,3.495853763,3.512445273,1.066971287,2.732495786,3.565995026,2.507479234,0.548728091,3.646787798,3.12427467,4.340007116,4.542249195,2.87758669,3.169057287,3.729149893,3.15207913,3.898390951,3.894266485,2.889750906,2.499761302,2.785624634,2.647373322,4.945370888,4.786128346,4.127557887,3.3890114,4.112945279,5.456796013,3.183297664,3.138586994
26D2,3.997050418,0.091454682,5.082278304,4.997314381,4.756111623,1.463274908,5.143841636,5.039677629,5.907001585,5.365341331,3.280202096,3.710425914,3.355563037,3.528277068,3.613816593,3.740783146,3.63395373,3.323790401,4.858945158,4.290745354,3.766330912,0.670667666,4.030242106,3.761535492,1.002157371,1.594852542,5.326026813,5.358036601,7.072495391,7.5297688,4.685498083,3.698408145,4.053127975,3.738356981,3.653364193,3.896817741,4.821417065,3.897420103,4.673554184,5.424428087,4.598411528,4.723878621,4.397601415,4.409702845,4.501652189,4.118242309,2.976195717,3.503552073,4.661172112,4.465166705,1.873442737,0,5.27565818,5.532568208,5.265670999,6.476553223,5.71628796,5.692464324,6.375565724,6.400666561,4.878222015,5.712578116,5.680539039,5.806804207,4.453470214,4.823692656,4.894747597,0.304848939,3.806705434,4.552394321,3.872990473,1.310850439,4.81352683,4.38054771,5.931590893,3.780126847,4.227361183,4.417874936,5.186670395,4.803434233,5.080048076,4.931140643,4.393968795,1.737638954,3.678511135,3.665802694,6.371497482,4.024005998,4.717287126,3.96221641,4.905825968,4.694673665,3.699764,4.010796076
26G1,4.083566138,3.26188365,3.578477572,3.545873423,5.160183428,4.81661324,3.817334951,3.888313109,5.2516177,8.718679663,3.995524124,2.24772916,3.699052159,4.026151182,2.999576402,3.289528325,3.122691515,2.837915793,2.020056731,1.935625307,4.095375494,4.024005998,3.184000366,2.945805849,4.76869054,4.97419158,1.699655435,1.865435789,10.42583372,10.88310713,1.380429081,2.007829077,1.851811521,1.888530351,4.656301677,4.574134664,4.782575975,4.172304214,5.321790621,5.772435304,4.239757349,4.174161727,4.632466007,3.700435412,3.503841481,3.414775177,4.710208073,4.968107073,4.69523407,4.681605175,4.319719102,5.27565818,0,1.139061417,5.529258079,6.40990889,4.28078718,4.499591726,7.108179681,6.777241575,4.677749085,5.59545124,6.33045387,6.759684458,2.393205579,2.754078847,5.605692127,3.658187271,2.314115647,1.916119912,4.736012885,2.042487893,1.621584915,2.230691782,5.232210539,7.133465179,2.021793183,1.788416138,6.092135493,5.260227581,2.671452095,2.315836453,4.69195548,5.090977286,3.113123173,3.967281958,6.672374975,7.37734433,3.338134432,2.43044229,6.476928848,8.048011997,2.749493491,4.080819463
26G2,4.980864702,3.170428968,4.317753335,4.003435124,6.092712161,4.725158559,4.46077982,4.461856098,5.926277856,8.627224981,4.367528304,3.033964282,4.172144742,4.597573662,3.212010962,3.455397901,3.498779244,3.293614686,2.757149489,2.533883831,4.435416721,3.932551317,3.83741039,3.481453134,4.99132052,5.179046469,2.039705069,2.447584915,10.33437904,10.79165245,2.163737135,1.726445989,2.63998277,2.547733151,4.961617969,4.6871085,6.075889758,4.788270978,6.073305753,6.64337301,4.687706804,4.610411735,5.193105734,4.205546605,4.001221911,3.777282762,5.403999558,5.692917578,5.236195747,5.119436847,4.928342014,5.532568208,1.139061417,0,6.705751851,7.647521167,4.630778422,4.87159097,8.397694331,8.098539864,5.147532899,6.217927359,6.974757524,7.413816173,3.082250972,3.468476418,5.477632658,3.566732589,2.961848883,2.520779744,5.138672739,1.951033211,2.25226256,3.018714545,6.408223321,7.042010497,3.015126202,2.747597393,6.906326825,6.106392827,3.30119378,2.641403567,5.649787921,4.999522604,3.722993653,4.644728167,7.413494452,7.285889648,3.631681149,2.721811039,7.550826188,7.956557315,3.099943718,4.647580153
28D1,2.65918666,5.12146218,3.129268321,3.247436775,1.616337064,3.566732589,2.794670352,2.813432283,1.891845792,0.335333833,4.04590421,4.019674745,2.866198964,2.30664923,4.568983788,4.817080716,3.873805515,3.784937803,4.215835724,4.343436845,3.7080891,4.359339831,3.846941026,4.13121912,4.501695629,4.403239157,5.097647627,5.047452669,2.042487893,2.499761302,4.495485049,6.246164178,4.317968647,4.18144979,3.522248789,3.968687586,2.364562686,2.579830984,1.917898769,1.845791879,3.274219982,3.584210935,3.101549792,3.115527845,3.974237485,4.351856314,2.788850154,2.17510207,2.839459638,3.255267359,4.1086704,5.265670999,5.529258079,6.705751851,0,1.572871715,3.432988256,3.099129376,2.552533395,2.264849458,3.010473739,1.867664477,1.399454003,2.107504849,4.007297757,3.705149046,4.710506113,4.725158559,3.934600692,4.820293725,2.917623132,6.340857937,4.598317704,4.189117295,2.509678527,1.249880651,3.84543577,3.817286389,3.12923531,3.206541858,3.369149261,4.364115698,2.617868435,3.292368544,3.74144248,2.943452903,1.851496731,1.0060015,4.847403496,4.666242311,2.394430337,0.335333833,4.556750336,3.039639928
28D2,3.472821818,5.578735589,3.645794942,3.998732807,2.204694212,4.024005998,3.352047012,3.62283007,2.261415761,0.121939576,5.320529908,5.15227182,4.20036823,3.617402645,5.891968034,6.130662443,5.06382837,4.949910283,5.096331728,5.456608512,4.533673267,4.81661324,5.054551145,5.381061726,5.686487676,5.379767157,5.788653396,5.661703626,1.585214484,2.042487893,5.457879391,7.738460519,5.438152919,5.280152496,4.503611209,4.977197982,2.958039596,3.761974018,2.655459433,2.090092347,4.153956558,4.528924936,4.635929061,4.083349639,5.274479885,5.703553513,4.161105793,3.361063382,3.612389468,4.053628457,5.279063203,6.476553223,6.40990889,7.647521167,1.572871715,0,4.165659463,3.723315949,1.806041436,1.56638553,3.812165415,2.209402028,1.11903804,1.528932042,4.95095698,4.512197993,5.399823919,5.182431967,5.089487303,5.92580903,3.731405741,6.798131346,5.455785423,5.279390745,2.326495325,1.70715406,4.700986377,4.737081292,3.75228915,3.963123237,4.142691588,5.38081677,3.477896474,3.749641953,4.918987995,4.070258214,1.022214868,1.463274908,6.046199452,5.883174398,2.401380991,0.792607242,5.852640055,4.29912342
28G1,3.977516008,5.395826225,2.479354393,1.236783182,3.203889274,3.841096635,1.960449873,1.178343527,2.305449644,0.060969788,2.925999704,3.228975437,2.575151882,2.713750371,2.865449951,2.977767554,2.492218681,2.86690457,2.562028875,2.57148132,3.882618873,4.633703877,2.69089209,3.007759748,4.859239851,4.871654301,3.337954567,3.676168885,1.768123848,2.225397257,3.510026033,5.18232047,3.383696353,3.337679595,3.620005725,3.514063631,3.721104335,2.168154457,3.243331384,3.493235732,1.719190864,1.613246286,3.26302243,1.545932845,2.048826996,2.447758062,3.408916804,3.092252449,2.116790251,2.354471257,4.717979153,5.71628796,4.28078718,4.630778422,3.432988256,4.165659463,0,0.52778837,4.869683486,4.476032948,1.692451656,2.318422229,3.677592794,4.56193062,2.281509693,2.086597312,4.214706159,4.999522604,2.57213172,2.723030935,3.102848485,6.615221982,2.931236202,2.521966873,4.181790393,1.524244696,3.488610045,2.916908494,4.183333408,4.050632717,2.069667987,2.35007817,4.21933143,3.566732589,2.411942171,2.572817799,4.324904916,1.280365545,2.398942457,2.702975963,4.775120478,0.609697879,2.777452287,1.955847244
28G2,3.775432774,5.456796013,2.28811526,1.128164687,2.883255356,3.902066423,1.718208851,1.043599954,2.012954984,0,2.973809923,3.34182161,2.505876971,2.545232045,3.088381113,3.217422284,2.698480442,2.965420872,2.700323454,2.789684928,3.819879766,4.694673665,2.858016125,3.211860577,4.81042478,4.738782448,3.422318379,3.706735366,1.70715406,2.164427469,3.709975274,5.600558854,3.545065323,3.463313832,3.598113921,3.598113853,3.444420377,2.025854656,2.965071637,3.152465941,1.58056019,1.637639351,3.390267645,1.461570942,2.401678954,2.770669274,3.341404265,2.908899486,1.840559435,2.112665132,4.688295558,5.692464324,4.499591726,4.87159097,3.099129376,3.723315949,0.52778837,0,4.435313068,4.063647486,1.46699477,1.921114194,3.222946115,4.095906247,2.388771402,2.12779904,4.239565321,5.060492392,2.692808537,3.018787015,2.94768885,6.67619177,3.051362228,2.73360628,3.879365227,1.585214484,3.503383568,3.015435628,4.069284242,3.992349181,2.143343037,2.59940395,4.070502143,3.627702377,2.491668888,2.453522796,3.927416597,1.341335333,2.779264148,2.950638132,4.331940652,0.670667666,3.019935741,1.990189393
30D1,4.17324398,6.371342831,4.192047963,4.66454435,2.639794012,4.81661324,4.014537383,4.235440189,3.014098215,0.914546818,5.602021869,5.644100355,4.924349592,4.350515027,6.488785575,6.638939159,5.526678452,5.437935299,5.803633692,6.142044429,4.881686624,5.609220482,5.549016009,5.905531339,5.727811316,5.221069886,6.588895432,6.410998223,0.792607242,1.249880651,6.201920942,9.331104334,6.013412819,5.861092101,4.739783564,5.243572342,2.918144861,4.103167028,3.320702231,2.876015854,4.46103879,4.816384392,5.511220761,4.56524268,5.821028026,6.231578858,4.515100468,3.570308514,3.768924287,4.215601467,5.262438761,6.375565724,7.108179681,8.397694331,2.552533395,1.806041436,4.869683486,4.435313068,0,0.602898229,4.071034864,2.566618408,1.610575301,1.696987045,5.472340567,5.064147554,5.44665453,5.97503921,5.692933732,6.479151582,3.912768067,7.590738588,6.198633515,5.81438615,3.009975246,2.499761302,5.2769957,5.360061614,3.695767764,4.07005409,5.078080086,6.280737028,4.160728003,4.542249195,5.281367355,4.283443605,1.716719681,2.255882151,6.501062626,6.477384167,1.921203989,1.585214484,6.3825044,4.647877018
30D2,4.055609156,6.340857937,3.876738202,4.33229487,2.49469934,4.786128346,3.682047355,3.863066353,2.575417686,0.884061924,5.374013836,5.361469234,4.701735068,4.14415217,6.20778293,6.356731591,5.269059479,5.209950843,5.458276326,5.810363342,4.777735615,5.578735589,5.242038385,5.620138673,5.733555976,5.288699922,6.299130149,6.133336492,0.823092136,1.280365545,5.879492787,8.768567907,5.703453394,5.592056203,4.632583095,5.095414893,2.637181572,3.826177285,3.224029264,2.776116186,4.171495623,4.491288458,5.191083366,4.256858892,5.437888683,5.88984835,4.388835938,3.470514592,3.500988694,4.00046284,5.199416488,6.400666561,6.777241575,8.098539864,2.264849458,1.56638553,4.476032948,4.063647486,0.602898229,0,3.770563102,2.173655437,1.518169345,1.882781865,5.141129156,4.714264322,5.360050998,5.944554316,5.392343197,6.121226091,3.829583943,7.560253694,5.886752854,5.456238474,2.800886806,2.469276408,5.006646604,5.038738037,3.568607899,3.887409027,4.741744887,5.936423736,4.019517836,4.511764301,4.985843179,4.026800947,1.568732119,2.225397257,6.136403563,6.171597985,2.210769627,1.55472959,6.080171775,4.328848901
30G1,3.813657142,5.578735589,2.374865936,1.512758777,2.984758095,4.024005998,1.987542445,1.389002961,2.455284552,0.121939576,2.070066848,2.903879266,2.290984742,2.317167733,2.886691375,2.887293497,2.528504006,2.662856866,3.057777723,2.974679691,3.987529471,4.81661324,2.310552342,2.849606857,4.154593308,4.01191854,3.841622323,4.046032766,1.585214484,2.042487893,4.046300617,6.503934149,3.247964165,3.269816533,3.735573392,3.882228101,2.586653877,1.19572667,3.269244358,3.577107091,0.509767525,0.811673968,3.69518236,1.036607202,2.471874802,2.64234142,2.89248091,2.584181543,0.557367141,0.800177043,4.083914432,4.878222015,4.677749085,5.147532899,3.010473739,3.812165415,1.692451656,1.46699477,4.071034864,3.770563102,0,1.803485726,2.96761871,3.737996347,2.355158947,2.265617219,4.615879727,5.182431967,2.606970053,3.094651043,3.051369407,6.798131346,3.373129423,2.769395908,4.20914061,1.70715406,3.480285262,3.063947805,4.239718561,4.17128505,2.899926552,3.230866791,4.284842433,3.749641953,1.9007768,1.511935728,3.956156366,1.463274908,2.680147239,2.859487018,3.704922732,0.792607242,2.777342034,1.294282304
30G2,3.536212723,5.82261474,2.355465376,2.28650881,1.881070166,4.26788515,1.938566709,1.796324627,1.102579254,0.365818727,3.606314122,4.086120975,3.008337633,2.634058764,4.250046083,4.386910354,3.80246282,3.87031742,3.649422165,3.896108739,3.836266545,5.060492392,3.779202072,4.231434222,4.890926773,4.504627646,4.543395645,4.552527341,1.341335333,1.798608742,4.687741121,6.92332466,4.395817723,4.34259067,3.519934032,3.806215066,2.229605056,2.056175244,2.480220971,2.380559038,2.203417635,2.472486795,3.729193454,2.247422131,3.444617612,3.893530807,3.410242263,2.46646205,1.713512628,2.286833503,4.515292118,5.712578116,5.59545124,6.217927359,1.867664477,2.209402028,2.318422229,1.921114194,2.566618408,2.173655437,1.803485726,0,1.622555273,2.585847484,3.26986151,2.877950305,4.059727798,5.426311119,3.553703139,4.170524519,2.620402017,7.042010497,4.090717411,3.602171302,2.941609193,1.951033211,3.980436877,3.771167869,3.118635246,3.333225404,3.303368975,3.965998909,3.660097438,3.993521104,3.144275652,2.412514661,2.350994872,1.70715406,4.073561023,4.182139031,2.881624513,1.036486393,4.125513381,2.432100509
32D1,3.165699441,4.938552816,2.96474596,3.316592003,1.541164188,3.383823226,2.70779742,2.969955711,2.015450438,0.518243197,4.380297727,4.762104395,3.437618306,2.857151799,5.104035166,5.311907411,4.675954794,4.523275923,4.472676426,4.763557134,3.854794814,4.176430468,4.677916084,5.065870489,4.854040232,4.259223197,5.182865013,5.064704565,2.225397257,2.682670666,5.370684686,7.684765847,5.111126729,4.961223583,3.683541049,4.216422597,2.263578849,2.854096178,2.213954222,1.919278883,3.278856361,3.6989023,4.295586591,3.258732329,4.625562606,4.978253387,3.648474038,2.561558204,2.670492405,3.084838158,4.545779364,5.680539039,6.33045387,6.974757524,1.399454003,1.11903804,3.677592794,3.222946115,1.610575301,1.518169345,2.96761871,1.622555273,0,1.020221243,4.181406401,3.804519316,4.287086164,4.542249195,4.314929186,5.198862007,2.689860024,6.157948573,4.808809039,4.559377236,2.464575928,1.066971287,4.407491787,4.458382024,3.17694846,3.49989245,4.045633751,4.843945131,3.344546096,3.10945918,4.029672066,3.098722296,1.33302227,0.823092136,5.30794502,5.102483013,1.496530192,0.15242447,5.046797144,3.470786236
32D2,3.296059253,3.902066423,3.462004702,4.023607112,2.158931189,2.347336832,3.336193983,3.762727613,2.911498854,1.55472959,4.948830251,5.23192642,3.973093844,3.35494889,5.716803914,5.943851842,5.327256532,5.047282274,5.028828596,5.355507604,4.152446482,3.139944074,5.309775446,5.668966025,5.033588941,4.288911855,5.598284136,5.398290145,3.26188365,3.719157059,5.861944533,8.402815224,5.587855298,5.408109272,4.154865983,4.780925226,2.563289529,3.524551309,2.786656421,2.495016976,3.988451772,4.45934381,4.997999491,3.957726869,5.426793797,5.721004126,4.176897288,3.155860511,3.357560961,3.682048613,4.747989961,5.806804207,6.759684458,7.413816173,2.107504849,1.528932042,4.56193062,4.095906247,1.696987045,1.882781865,3.737996347,2.585847484,1.020221243,0,4.760094119,4.404838744,4.763190921,3.505762802,4.862908881,5.830561317,3.200805583,5.12146218,5.291297026,5.176953783,2.638552082,0.030484894,4.747321135,4.939625621,3.749375599,4.010120721,4.661439101,5.485303395,3.603145267,2.072972787,4.626006922,3.656487622,1.540474183,0.213394257,6.070918179,5.713883195,1.009678403,0.884061924,5.669370002,4.219509973
32G1,3.169034942,0.914546818,1.640343818,1.380996878,3.478514399,0.640182772,1.71920362,1.610538814,3.130456166,4.542249195,2.364603413,1.472652773,2.055040178,2.255093159,2.084264066,2.338266151,1.924257038,1.773928445,0.917630813,0.9886733,2.815786327,0.15242447,2.050015169,2.19149624,3.710241626,3.562718175,1.864124845,2.019852695,6.249403255,6.706676664,1.873595692,3.241508891,1.511681587,1.541281133,3.028135071,2.972842764,3.168089798,1.928513893,3.773210675,4.258776844,1.976809446,1.977533184,3.399373519,1.407593473,1.975572936,2.139093438,3.347771929,3.204409421,2.356604073,2.478610293,3.279594911,4.453470214,2.393205579,3.082250972,4.007297757,4.95095698,2.281509693,2.388771402,5.472340567,5.141129156,2.355158947,3.26986151,4.181406401,4.760094119,0,0.607990156,3.711353474,0.518243197,0.823014615,1.171087221,2.784593415,2.133942575,1.206800638,0.749918014,4.089405762,2.957034711,1.493788304,0.862431542,4.407943448,3.794186381,1.6661938,1.644552634,3.758113833,0.914546818,1.151589411,1.799212261,4.706803653,3.200913862,2.131330001,1.567781205,4.902287624,3.871581529,1.737343518,1.926672039
32G2,3.011338587,1.097456181,1.126538188,1.15299067,3.115373407,0.457273409,1.213933359,1.272336108,2.643983804,4.359339831,2.745967728,2.015163351,2.194107224,2.235356855,2.578396987,2.841707798,2.341492332,2.224080314,0.928201608,1.403647136,2.701067888,0.335333833,2.495028589,2.68875152,4.026256505,3.766410006,1.955940161,2.003883457,6.066493891,6.5237673,2.108635251,3.524790635,2.079583815,2.058277993,2.934987766,2.925823634,2.939908639,1.918863333,3.50230627,3.887536067,1.9888613,2.053598336,3.402374364,1.400397339,2.199370032,2.519776152,3.487361652,3.12901805,2.242605602,2.494888118,3.495853763,4.823692656,2.754078847,3.468476418,3.705149046,4.512197993,2.086597312,2.12779904,5.064147554,4.714264322,2.265617219,2.877950305,3.804519316,4.404838744,0.607990156,0,3.489301012,0.70115256,1.272559638,1.64719328,2.560810019,2.316851938,1.373350729,1.098345136,3.58872131,2.774125347,1.602748024,1.134480814,4.082387952,3.498440557,1.527303546,1.797323545,3.534279266,0.731637454,1.532085318,1.859778793,4.242026955,3.018004499,2.518876662,2.103921903,4.653511242,3.688672165,2.263772706,2.032777615
33D1,3.52959759,0.060969788,3.37960875,3.901794043,3.36683466,1.615699378,3.397509388,3.5379043,3.220071968,5.517765801,4.855538494,5.084818212,3.427869187,3.123787729,4.487447766,4.895557955,4.568457356,4.620340297,3.3187935,3.553617029,2.107086512,0.823092136,5.488036892,5.281399602,4.222916146,3.93878684,4.310972982,4.106913219,7.224919861,7.682193269,4.382941084,1.041530166,5.278674288,4.859737493,1.670225048,1.518797295,5.132247236,3.738106953,3.376081424,3.732063975,4.580526076,4.646711958,2.31971412,3.990104668,3.703511847,4.214306857,4.153613771,3.436366,4.530227306,4.960645207,3.512445273,4.894747597,5.605692127,5.477632658,4.710506113,5.399823919,4.214706159,4.239565321,5.44665453,5.360050998,4.615879727,4.059727798,4.287086164,4.763190921,3.711353474,3.489301012,0,0.457273409,3.488095231,4.003362629,2.175869811,1.158425969,3.730119447,3.389246211,3.858175899,3.932551317,4.283527778,4.497675706,2.191821905,1.793502559,4.377710248,3.545205234,2.777616161,1.890063423,3.960955342,3.856800155,3.91015184,4.176430468,4.740440564,4.355464294,5.124909911,4.847098134,4.329516637,3.871355456
33D2,0.85357703,0.396303621,0.579212985,2.774125347,2.987519605,1.158425969,1.768123848,3.26188365,4.11546068,5.060492392,3.597217483,0.091454682,2.133942575,1.981518105,2.164427469,2.835095135,2.652185772,1.371820227,0.609697879,0.091454682,1.585214484,0.365818727,3.10945918,2.347336832,0.091454682,0.762122348,2.133942575,3.10945918,6.767646452,7.224919861,2.194912363,1.402305121,0.548728091,0.731637454,0.457273409,0.548728091,2.255882151,3.444793014,3.627702377,4.176430468,4.389824725,4.725158559,3.10945918,3.231398756,3.505762802,3.41430812,3.96303621,3.810611741,4.511764301,4.603218983,1.066971287,0.304848939,3.658187271,3.566732589,4.725158559,5.182431967,4.999522604,5.060492392,5.97503921,5.944554316,5.182431967,5.426311119,4.542249195,3.505762802,0.518243197,0.70115256,0.457273409,0,0.335333833,0.335333833,1.402305121,1.615699378,1.371820227,0.304848939,0.396303621,3.475277908,2.255882151,1.036486393,3.078974287,1.097456181,0.823092136,0.579212985,0.213394257,1.432790015,1.920548317,2.56073109,3.383823226,3.719157059,3.566732589,1.341335333,4.145945574,4.389824725,1.798608742,4.084975786
33G1,2.858499565,0.731637454,2.106297589,1.745666781,3.453176918,0.823092136,2.124315801,1.954647217,3.401627966,4.725158559,2.076402052,0.924423326,1.546595112,1.891059078,1.542620527,1.915838597,1.396694375,1.107745809,1.177933485,0.661654315,2.45945966,0.030484894,1.668489045,1.642858351,3.029801205,3.046030531,2.02544042,2.232227699,6.432312618,6.889586027,1.586658772,2.730786778,0.979613466,0.885538134,2.605030359,2.531568533,3.350339866,1.908115033,3.578898144,4.206141736,2.205676862,2.215827875,2.929250675,1.599744972,1.802633764,1.803680071,2.805114386,2.873549119,2.608123852,2.649456088,2.732495786,3.806705434,2.314115647,2.961848883,3.934600692,5.089487303,2.57213172,2.692808537,5.692933732,5.392343197,2.606970053,3.553703139,4.314929186,4.862908881,0.823014615,1.272559638,3.488095231,0.335333833,0,1.161526185,2.544238637,1.951033211,1.304964985,0.841708685,4.257633737,3.139944074,1.366448003,0.77134906,4.324453476,3.688737405,1.653921802,1.460882056,3.453724907,1.097456181,1.043706647,1.809226997,4.868450262,3.383823226,2.072769121,1.152477687,4.896267085,4.054490892,1.271464643,1.862932701
33G2,3.917277105,0.731637454,2.749876149,2.245430927,4.350447448,0.823092136,2.780610068,2.449761111,3.973391949,4.725158559,2.551926655,1.498668398,2.578357551,2.973407387,1.717721527,1.926470278,1.737202086,1.840828378,1.356750977,0.777843384,3.328552689,0.030484894,1.954009485,1.867375432,3.928095107,4.058436302,2.142838027,2.46822497,6.432312618,6.889586027,1.598336159,1.853383483,1.259768775,1.467837845,3.40556644,3.115551059,4.125009963,2.686823067,4.49239582,5.061889278,2.690912625,2.479441928,3.421093469,2.207694568,1.671841867,1.682536491,3.671214403,3.809329024,3.222424397,3.26415181,3.565995026,4.552394321,1.916119912,2.520779744,4.820293725,5.92580903,2.723030935,3.018787015,6.479151582,6.121226091,3.094651043,4.170524519,5.198862007,5.830561317,1.171087221,1.64719328,4.003362629,0.335333833,1.161526185,0,3.472850521,1.951033211,1.499988686,0.779147916,5.027063183,3.139944074,2.054039925,1.325573104,4.946708593,4.281640159,2.1258737,1.506435155,4.356513327,1.097456181,1.600820597,2.591889678,5.697958674,3.383823226,1.559816033,1.09405023,5.909010755,4.054490892,1.296783077,2.371657613
35D1,1.879205944,1.798608742,2.232624706,2.560975902,1.528062388,0.243879151,2.084520676,2.250079815,2.145490384,3.658187271,3.458076924,3.626040446,1.84314937,1.310479456,3.484641189,3.867593831,3.123210598,3.051928116,2.752033978,2.891209498,1.29276521,1.036486393,3.904570117,3.820390804,2.993855244,2.708974976,3.666046872,3.56650347,5.365341331,5.82261474,3.510523701,3.619137195,3.945826368,3.495816814,0.957948319,1.491395891,3.416996125,2.149896735,1.570420212,2.126674234,3.040438041,3.27815405,2.098284976,2.522728018,3.040515781,3.407980058,2.403856992,1.498461457,2.893403514,3.256407609,2.507479234,3.872990473,4.736012885,5.138672739,2.917623132,3.731405741,3.102848485,2.94768885,3.912768067,3.829583943,3.051369407,2.620402017,2.689860024,3.200805583,2.784593415,2.560810019,2.175869811,1.402305121,2.544238637,3.472850521,0,3.018004499,3.100836049,2.811858127,2.675809676,2.072972787,3.030810849,3.211630341,1.995258202,1.660188273,2.981279775,2.966781882,1.59975734,0.030484894,2.773404222,2.358768223,2.857417421,2.316851938,3.966161544,3.460799006,3.239650851,2.987519605,3.416535963,2.543519487
35D2,0.762122348,1.219395757,2.194912363,4.389824725,4.603218983,2.774125347,3.383823226,4.877583028,5.731160058,6.67619177,5.212916861,1.70715406,3.749641953,3.597217483,3.780126847,4.450794513,4.26788515,2.987519605,1.0060015,1.70715406,0.030484894,1.981518105,4.725158559,3.96303621,1.70715406,0.85357703,0.518243197,1.493759802,8.38334583,8.840619239,0.579212985,0.213394257,1.066971287,0.884061924,2.072972787,2.164427469,3.871581529,5.060492392,5.243401755,5.792129846,6.005524103,6.340857937,4.725158559,4.847098134,5.12146218,5.030007498,5.578735589,5.426311119,6.127463679,6.218918361,0.548728091,1.310850439,2.042487893,1.951033211,6.340857937,6.798131346,6.615221982,6.67619177,7.590738588,7.560253694,6.798131346,7.042010497,6.157948573,5.12146218,2.133942575,2.316851938,1.158425969,1.615699378,1.951033211,1.951033211,3.018004499,0,0.243879151,1.920548317,2.012002999,5.090977286,0.640182772,0.579212985,4.694673665,2.713155559,2.438791514,2.194912363,1.402305121,3.048489393,3.536247695,4.176430468,4.999522604,5.334856437,5.182431967,2.957034711,5.761644952,6.005524103,3.41430812,5.700675164
35G1,3.126418286,0.975516606,2.111800663,2.058740236,3.928212958,2.530246196,2.259865126,2.417118239,3.733921333,6.432312618,3.2410952,1.962386375,2.511696267,2.724083322,2.493987063,2.869232957,2.453216735,2.180626295,0.641190339,1.041645299,2.657194361,1.737638954,2.821480986,2.721172695,4.015239119,3.901128528,0.804383203,1.055651072,8.139466678,8.596740087,1.105608771,2.312708278,1.780794573,1.580769083,3.183712421,3.064441972,4.044347102,2.919412871,4.078059808,4.564215347,2.998070673,3.045372721,3.693644512,2.375207683,2.707988181,2.807187405,3.924913049,3.824137782,3.383804822,3.460398785,3.646787798,4.81352683,1.621584915,2.25226256,4.598317704,5.455785423,2.931236202,3.051362228,6.198633515,5.886752854,3.373129423,4.090717411,4.808809039,5.291297026,1.206800638,1.373350729,3.730119447,1.371820227,1.304964985,1.499988686,3.100836049,0.243879151,0,1.377369967,4.235222565,4.847098134,1.232989676,0.834104704,4.867239652,4.131229803,1.403674561,1.272342494,3.770472392,2.804610241,2.188758914,2.830738938,5.180174993,5.090977286,2.840283538,1.93006631,5.527117688,5.761644952,2.26862316,2.968902527
35G2,3.318859325,0.70115256,2.115167559,1.894972834,3.676452438,0.85357703,2.190345672,1.960210092,3.346116937,4.755643453,2.519176929,1.456738324,2.216796493,2.461806528,1.992882916,2.266874667,1.84350199,1.829923969,0.980410385,0.761304509,2.731138096,0.060969788,2.045037766,2.077269341,3.685532416,3.653523673,2.149400237,2.297021016,6.462797512,6.920070921,1.556202123,2.279965779,1.361136741,1.498573054,2.812230736,2.607546994,3.456687626,2.200880483,3.92630726,4.467455089,2.421178495,2.300291148,3.055585794,1.849663163,1.627299425,1.863294208,3.340495017,3.274336394,2.81199909,2.973805215,3.12427467,4.38054771,2.230691782,3.018714545,4.189117295,5.279390745,2.521966873,2.73360628,5.81438615,5.456238474,2.769395908,3.602171302,4.559377236,5.176953783,0.749918014,1.098345136,3.389246211,0.304848939,0.841708685,0.779147916,2.811858127,1.920548317,1.377369967,0,4.309100277,3.170428968,1.584305845,0.884686212,4.260206288,3.578026836,1.839652131,1.548947139,3.715096439,1.127941075,1.318433537,2.092575324,4.985395224,3.41430812,1.935043035,1.479090267,5.293766651,4.084975786,1.580528573,2.02432054
36D1,2.324493587,0.792607242,2.63531138,3.651441811,1.763864862,0.762122348,2.666004379,3.32767371,2.232300604,4.664188771,5.35934959,4.562211881,3.916322598,3.31349655,5.513418299,5.873966013,4.680028936,4.46669794,3.891080631,4.511870668,2.967255337,0.030484894,4.969209858,5.112254442,5.095878669,4.615366999,4.524066408,4.17755189,6.371342831,6.82861624,4.211799039,4.999909959,4.760849084,4.500430976,3.295877218,3.743955923,2.994806094,3.762332013,2.465701746,2.137599543,4.337960226,4.663753316,4.21673905,3.934750866,4.900689057,5.403970572,4.190136445,3.249403357,3.96003996,4.457755539,4.340007116,5.931590893,5.232210539,6.408223321,2.509678527,2.326495325,4.181790393,3.879365227,3.009975246,2.800886806,4.20914061,2.941609193,2.464575928,2.638552082,4.089405762,3.58872131,3.858175899,0.396303621,4.257633737,5.027063183,2.675809676,2.012002999,4.235222565,4.309100277,0,3.078974287,3.446112024,3.710234881,2.921071888,2.656206487,3.326024256,4.459658546,2.190561964,1.036486393,4.481595755,3.887167331,1.650328204,3.322853438,5.730556254,5.304187563,3.159360953,3.993521104,5.365920157,4.304153374
36D2,4.328854938,3.871581529,2.896064923,0.70115256,0.487758303,2.316851938,1.70715406,0.213394257,0.640182772,1.585214484,0.121939576,3.383823226,1.341335333,1.493759802,1.310850439,0.640182772,0.823092136,2.103457681,4.084975786,3.383823226,5.060492392,3.10945918,0.365818727,1.127941075,3.383823226,4.237400256,5.609220482,6.584737088,3.292368544,3.749641953,5.67019027,4.877583028,4.024005998,4.206915362,3.018004499,2.926549817,1.219395757,0.030484894,0.15242447,0.70115256,0.914546818,1.249880651,0.365818727,0.243879151,0.030484894,0.060969788,0.487758303,0.335333833,1.036486393,1.127941075,4.542249195,3.780126847,7.133465179,7.042010497,1.249880651,1.70715406,1.524244696,1.585214484,2.499761302,2.469276408,1.70715406,1.951033211,1.066971287,0.030484894,2.957034711,2.774125347,3.932551317,3.475277908,3.139944074,3.139944074,2.072972787,5.090977286,4.847098134,3.170428968,3.078974287,0,5.731160058,4.511764301,0.396303621,2.377821726,2.652185772,2.896064923,3.688672165,2.042487893,1.55472959,0.914546818,0.091454682,0.243879151,0.091454682,2.133942575,0.670667666,0.914546818,1.676669166,0.609697879
36G1,2.237838839,1.85957853,1.92183361,2.451606967,3.327010369,3.41430812,2.259795513,2.612077699,3.641385095,7.316374542,3.213930123,1.672828236,2.314066769,2.327379097,2.810512011,3.204415305,2.542801113,2.069302025,1.266605932,1.574055325,2.507259786,2.621700878,2.741958303,2.652052461,3.552117072,3.484627289,1.763750428,1.503458489,9.023528602,9.480802011,1.337238844,3.128240632,1.691416731,1.415977811,3.145380699,3.316313344,3.09869623,2.690461476,3.64297307,4.07513722,3.141767643,3.285949703,3.548866032,2.519855382,3.011594273,3.12934406,3.371745388,3.31889497,3.314406647,3.448819986,2.87758669,4.227361183,2.021793183,3.015126202,3.84543577,4.700986377,3.488610045,3.503383568,5.2769957,5.006646604,3.480285262,3.980436877,4.407491787,4.747321135,1.493788304,1.602748024,4.283527778,2.255882151,1.366448003,2.054039925,3.030810849,0.640182772,1.232989676,1.584305845,3.446112024,5.731160058,0,0.727185338,4.436063617,3.639327223,1.844467843,2.131983399,2.945266549,3.688672165,2.1272427,2.459553516,4.69762003,5.97503921,3.359160194,2.394264784,4.575831563,6.645706876,2.558551377,2.930942234
36G2,2.635464782,0.640182772,1.883338538,1.993106811,3.440349928,2.194912363,2.083319515,2.188580833,3.470511282,6.096978785,2.784263346,1.304436393,2.094613688,2.263697858,2.246382129,2.617916406,2.101902088,1.757706802,0.719449041,0.859020558,2.878426722,1.402305121,2.221520092,2.161365908,3.748708673,3.825070546,1.589501656,1.609073951,7.804132845,8.261406254,1.102805662,2.536071374,1.267180479,1.107278781,3.333104306,3.411682737,3.149990178,2.387947562,3.705440808,4.138597265,2.695285217,2.742767025,3.280996989,2.061041036,2.3469302,2.4708929,3.266421535,3.32095761,3.004009004,3.123451566,3.169057287,4.417874936,1.788416138,2.747597393,3.817286389,4.737081292,2.916908494,3.015435628,5.360061614,5.038738037,3.063947805,3.771167869,4.458382024,4.939625621,0.862431542,1.134480814,4.497675706,1.036486393,0.77134906,1.325573104,3.211630341,0.579212985,0.834104704,0.884686212,3.710234881,4.511764301,0.727185338,0,4.541434658,3.79952723,1.497322879,1.554718104,3.247550617,2.469276408,1.631659394,2.222422209,4.846158578,4.755643453,2.632326253,1.752545082,4.770434294,5.426311119,1.946671387,2.45937749
37D1,3.29046835,3.475277908,3.684660315,4.121163592,2.155399478,1.920548317,3.537494979,3.551466762,2.481853165,1.981518105,4.998177285,5.009572878,3.793516704,3.319290793,5.15919093,5.454125621,4.52133527,4.612880067,4.355276818,4.566985782,2.807315975,2.713155559,5.10962749,5.133619362,4.487858834,4.193313164,5.481073868,5.318885773,3.688672165,4.145945574,4.82124495,3.898253083,5.282057868,5.002223011,2.129640179,2.37502789,3.945679402,3.57490166,2.410810052,2.516069972,4.421495239,4.532745949,2.760906244,4.070211487,4.120407225,4.697431892,3.55926259,2.556354577,4.123580336,4.657353761,3.729149893,5.186670395,6.092135493,6.906326825,3.12923531,3.75228915,4.183333408,4.069284242,3.695767764,3.568607899,4.239718561,3.118635246,3.17694846,3.749375599,4.407943448,4.082387952,2.191821905,3.078974287,4.324453476,4.946708593,1.995258202,4.694673665,4.867239652,4.260206288,2.921071888,0.396303621,4.436063617,4.541434658,0,0.995709874,4.279901768,4.604406384,2.386025309,1.646184272,4.345724469,3.815967789,2.699166664,0.640182772,5.21098021,5.14736063,3.809681396,1.310850439,5.02285015,3.787628076
37D2,2.746882996,1.493759802,3.186176248,3.790082074,2.142666322,0.060969788,3.168982557,3.285362352,2.592797313,3.96303621,4.699999293,4.370150826,3.436521926,3.000601504,4.691996221,5.030624129,4.070787407,4.088812985,3.636305167,3.895455273,2.086139318,0.731637454,4.668758265,4.641395708,4.095736514,3.79693981,4.756319124,4.536738733,5.67019027,6.127463679,4.008299464,2.651392532,4.593020632,4.31361083,1.600408977,1.836687655,3.661040995,3.3532495,2.491351641,2.738360738,4.242456173,4.339998989,2.532095056,3.773818231,3.741845812,4.306668088,3.403346795,2.512606506,4.029515909,4.538633719,3.15207913,4.803434233,5.260227581,6.106392827,3.206541858,3.963123237,4.050632717,3.992349181,4.07005409,3.887409027,4.17128505,3.333225404,3.49989245,4.010120721,3.794186381,3.498440557,1.793502559,1.097456181,3.688737405,4.281640159,1.660188273,2.713155559,4.131229803,3.578026836,2.656206487,2.377821726,3.639327223,3.79952723,0.995709874,0,3.716048544,4.004601957,1.877316773,0.335333833,3.870540478,3.489253807,3.072495102,2.621700878,4.806865735,4.596912595,3.991793405,3.292368544,4.507058845,3.564984887
37G1,2.546771105,1.219395757,1.962722608,1.485354309,2.982304498,0.335333833,1.740911242,1.750084224,2.833768004,4.237400256,3.242375425,2.319738843,2.013223118,2.147213834,2.565139939,2.975880667,2.214221716,2.121682134,1.242624706,1.497672664,2.917621299,0.457273409,2.616128906,2.571210249,4.226241443,4.356034906,1.771226048,2.055038791,5.944554316,6.401827725,1.705750117,2.5592253,2.354156829,2.048509807,3.249438783,3.294962778,3.580699131,2.548203916,2.995636507,3.326285657,2.665393458,2.757864625,2.883769245,2.007551052,2.406495318,2.673499413,3.181698984,3.103415938,3.013006822,3.180774906,3.898390951,5.080048076,2.671452095,3.30119378,3.369149261,4.142691588,2.069667987,2.143343037,5.078080086,4.741744887,2.899926552,3.303368975,4.045633751,4.661439101,1.6661938,1.527303546,4.377710248,0.823092136,1.653921802,2.1258737,2.981279775,2.438791514,1.403674561,1.839652131,3.326024256,2.652185772,1.844467843,1.497322879,4.279901768,3.716048544,0,0.967389995,3.001856889,0.609697879,2.35795416,2.740186202,4.415126653,2.896064923,2.882495742,2.235785017,4.626499771,3.566732589,2.495832145,2.607737576
37G2,3.3197577,0.975516606,2.622659448,1.957872299,3.819848559,0.579212985,2.473975989,2.251735205,3.563157676,4.481279407,3.090459502,2.215741456,2.245009362,2.602428041,2.035322235,2.442278214,1.906242455,1.990082397,1.228789069,0.980097808,2.810678705,0.213394257,2.507017645,2.336989234,4.064242956,4.219085585,1.730567747,2.190455709,6.188433467,6.645706876,1.394262583,1.726721291,2.073111454,1.860047557,2.948546215,2.644236662,4.417923797,2.855306989,3.703449376,4.247600596,2.907987361,2.846828545,2.913580438,2.285301559,2.032343529,2.166680524,3.474991712,3.50167139,3.411177161,3.489985997,3.894266485,4.931140643,2.315836453,2.641403567,4.364115698,5.38081677,2.35007817,2.59940395,6.280737028,5.936423736,3.230866791,3.965998909,4.843945131,5.485303395,1.644552634,1.797323545,3.545205234,0.579212985,1.460882056,1.506435155,2.966781882,2.194912363,1.272342494,1.548947139,4.459658546,2.896064923,2.131983399,1.554718104,4.604406384,4.004601957,0.967389995,0,3.70366445,0.85357703,2.26930466,2.987251411,5.261767053,3.139944074,2.324959713,1.636738934,5.675235271,3.810611741,1.951657846,2.688925634
39D1,1.199170804,0.182909364,3.115772729,3.668636534,1.765639631,1.371820227,3.084168519,3.412744973,3.031152248,5.273886649,4.556715679,3.807750248,2.831213696,2.338676893,4.422185345,4.85793042,3.721605063,3.494503573,3.507968696,3.721499842,1.557130051,0.579212985,4.248329228,4.174415829,3.538768012,3.33104753,4.236421806,4.024884407,6.981040709,7.438314118,3.435126027,2.819294499,4.013930912,3.636291349,1.701457881,2.217831438,3.450800111,3.368700187,1.797436031,2.201601419,4.264843111,4.512906432,2.607255101,3.720386288,4.085515664,4.434322101,2.873161145,2.208679643,4.100109765,4.444403926,2.889750906,4.393968795,4.69195548,5.649787921,2.617868435,3.477896474,4.21933143,4.070502143,4.160728003,4.019517836,4.284842433,3.660097438,3.344546096,3.603145267,3.758113833,3.534279266,2.777616161,0.213394257,3.453724907,4.356513327,1.59975734,1.402305121,3.770472392,3.715096439,2.190561964,3.688672165,2.945266549,3.247550617,2.386025309,1.877316773,3.001856889,3.70366445,0,1.646184272,3.872915453,3.51065701,3.118448185,3.932551317,5.036184381,4.395837951,3.496570901,4.603218983,4.382234438,3.760697871
39D2,2.286367044,1.829093636,0.85357703,1.341335333,1.55472959,0.274364045,0.335333833,1.829093636,2.682670666,3.627702377,2.164427469,1.341335333,0.70115256,0.548728091,0.731637454,1.402305121,1.219395757,0.060969788,2.042487893,1.341335333,3.018004499,1.066971287,1.676669166,0.914546818,1.341335333,2.194912363,3.566732589,4.542249195,5.334856437,5.792129846,3.627702377,2.835095135,1.981518105,2.164427469,0.975516606,0.884061924,0.823092136,2.012002999,2.194912363,2.743640453,2.957034711,3.292368544,1.676669166,1.798608742,2.072972787,1.981518105,2.530246196,2.377821726,3.078974287,3.170428968,2.499761302,1.737638954,5.090977286,4.999522604,3.292368544,3.749641953,3.566732589,3.627702377,4.542249195,4.511764301,3.749641953,3.993521104,3.10945918,2.072972787,0.914546818,0.731637454,1.890063423,1.432790015,1.097456181,1.097456181,0.030484894,3.048489393,2.804610241,1.127941075,1.036486393,2.042487893,3.688672165,2.469276408,1.646184272,0.335333833,0.609697879,0.85357703,1.646184272,0,0.487758303,1.127941075,1.951033211,2.286367044,2.133942575,0.091454682,2.713155559,2.957034711,0.365818727,2.652185772
39G1,3.301205988,2.316851938,2.24234952,1.709710958,3.44795849,0.762122348,2.190409172,1.791959812,3.286475312,3.139944074,1.303086608,1.07903345,1.631366371,1.944964266,1.581594591,1.708955197,1.363690043,1.264353962,1.961104888,1.535344735,3.091769323,1.55472959,1.1477745,1.495660658,3.02454377,3.018554933,2.844836587,3.035368681,4.847098134,5.304371543,2.584164308,3.966429049,1.406839104,1.558504306,3.005467449,3.01814761,2.853706596,1.270333423,3.682527552,4.276312007,1.487044422,1.443962208,3.16159797,1.133465729,1.645191531,1.592003098,2.578399242,2.674189087,1.885863826,1.882383635,2.785624634,3.678511135,3.113123173,3.722993653,3.74144248,4.918987995,2.411942171,2.491668888,5.281367355,4.985843179,1.9007768,3.144275652,4.029672066,4.626006922,1.151589411,1.532085318,3.960955342,1.920548317,1.043706647,1.600820597,2.773404222,3.536247695,2.188758914,1.318433537,4.481595755,1.55472959,2.1272427,1.631659394,4.345724469,3.870540478,2.35795416,2.26930466,3.872915453,0.487758303,0,1.083894267,4.76116087,1.798608742,1.783236302,1.399365808,4.538927373,2.469276408,1.263526545,1.117891987
39G2,2.944259168,2.957034711,1.991508189,1.823267624,2.742875149,1.402305121,1.918055322,1.680290088,2.74359397,2.499761302,1.649693703,1.909350664,1.638083482,1.58901074,2.473548846,2.595203422,2.156948572,1.966683269,2.535099815,2.392288721,3.008208807,2.194912363,1.902707817,2.339231389,2.9810634,2.69732961,3.441563884,3.486392793,4.206915362,4.664188771,3.30331167,5.193780396,2.30721819,2.36032097,2.859542865,3.100160185,1.857589084,0.580780489,3.155592326,3.672400845,1.3095618,1.543389351,3.247339616,1.146033585,2.311412163,2.415967636,2.331870566,2.082777552,1.223271207,1.399268291,2.647373322,3.665802694,3.967281958,4.644728167,2.943452903,4.070258214,2.572817799,2.453522796,4.283443605,4.026800947,1.511935728,2.412514661,3.098722296,3.656487622,1.799212261,1.859778793,3.856800155,2.56073109,1.809226997,2.591889678,2.358768223,4.176430468,2.830738938,2.092575324,3.887167331,0.914546818,2.459553516,2.222422209,3.815967789,3.489253807,2.740186202,2.987251411,3.51065701,1.127941075,1.083894267,0,3.904361349,1.158425969,2.690420415,2.423888226,3.521876361,1.829093636,2.268295661,1.070258733
40D1,3.291689995,3.780126847,3.29213535,3.991655217,1.685576259,2.225397257,3.151439668,3.570109759,2.157521154,1.676669166,5.346579255,5.425135664,4.17331084,3.532735938,5.873350572,6.142508239,5.433490697,5.277649235,4.793555133,5.241965605,3.84651648,3.018004499,5.52710392,5.856319359,5.532155446,4.854356197,5.545113568,5.307195327,3.383823226,3.841096635,5.625235995,6.936458118,5.705314905,5.549882774,3.734391465,4.263176093,2.800897341,3.701814269,2.502159008,1.952823967,4.240802947,4.601775551,4.540875016,4.074416938,5.201410218,5.675640392,4.431983573,3.222932959,3.67799138,4.184534956,4.945370888,6.371497482,6.672374975,7.413494452,1.851496731,1.022214868,4.324904916,3.927416597,1.716719681,1.568732119,3.956156366,2.350994872,1.33302227,1.540474183,4.706803653,4.242026955,3.91015184,3.383823226,4.868450262,5.697958674,2.857417421,4.999522604,5.180174993,4.985395224,1.650328204,0.091454682,4.69762003,4.846158578,2.699166664,3.072495102,4.415126653,5.261767053,3.118448185,1.951033211,4.76116087,3.904361349,0,0.335333833,6.020744465,5.795210975,2.326554562,1.0060015,5.765967472,4.276767716
40D2,4.572734089,4.11546068,3.139944074,0.945031712,0.731637454,2.56073109,1.951033211,0.457273409,0.396303621,1.341335333,0.121939576,3.627702377,1.585214484,1.737638954,1.55472959,0.884061924,1.066971287,2.347336832,4.328854938,3.627702377,5.304371543,3.353338332,0.609697879,1.371820227,3.627702377,4.481279407,5.853099634,6.82861624,3.048489393,3.505762802,5.914069422,5.12146218,4.26788515,4.450794513,3.26188365,3.170428968,1.463274908,0.274364045,0.091454682,0.457273409,0.670667666,1.0060015,0.609697879,0.487758303,0.213394257,0.304848939,0.243879151,0.091454682,0.792607242,0.884061924,4.786128346,4.024005998,7.37734433,7.285889648,1.0060015,1.463274908,1.280365545,1.341335333,2.255882151,2.225397257,1.463274908,1.70715406,0.823092136,0.213394257,3.200913862,3.018004499,4.176430468,3.719157059,3.383823226,3.383823226,2.316851938,5.334856437,5.090977286,3.41430812,3.322853438,0.243879151,5.97503921,4.755643453,0.640182772,2.621700878,2.896064923,3.139944074,3.932551317,2.286367044,1.798608742,1.158425969,0.335333833,0,0.15242447,2.377821726,0.426788515,0.670667666,1.920548317,0.365818727
40G1,4.693458109,3.96303621,3.523905745,2.486062439,4.648869697,2.40830662,3.32852491,2.604934495,4.143780715,1.493759802,2.007885832,2.140297257,2.768736922,3.273042287,1.47119963,1.293181464,1.437705179,2.051655354,2.634269433,1.957795768,4.278013858,3.200913862,1.387915374,1.514522124,4.177704081,4.5297942,3.406969665,3.84608916,3.200913862,3.658187271,2.997512086,3.692496312,2.153595421,2.392223413,3.988761328,3.685920161,4.40477791,2.615017582,4.664353622,5.240876181,2.343937209,1.905382639,3.442290352,2.191057273,1.142000933,0.842810394,3.414667683,3.771862229,2.99985138,2.935584157,4.127557887,4.717287126,3.338134432,3.631681149,4.847403496,6.046199452,2.398942457,2.779264148,6.501062626,6.136403563,2.680147239,4.073561023,5.30794502,6.070918179,2.131330001,2.518876662,4.740440564,3.566732589,2.072769121,1.559816033,3.966161544,5.182431967,2.840283538,1.935043035,5.730556254,0.091454682,3.359160194,2.632326253,5.21098021,4.806865735,2.882495742,2.324959713,5.036184381,2.133942575,1.783236302,2.690420415,6.020744465,0.15242447,0,1.342027108,6.00563655,0.823092136,1.22215476,1.969450142
40G2,3.834729734,1.737638954,3.081182842,2.235653971,4.325557976,0.182909364,2.98405642,2.548222579,4.159998227,3.719157059,1.817841244,1.138793687,2.050168514,2.625776303,0.682712689,0.961074802,0.868203933,1.011007363,1.960008679,1.086339867,3.458028823,0.975516606,1.161786599,0.926205718,3.319094901,3.65490237,2.471063718,2.917364922,5.426311119,5.883584528,2.078726018,2.567597636,1.087400892,1.152324008,3.437500065,3.227754527,4.205004851,2.448860714,4.282774107,4.9476562,2.407659889,2.240507121,3.277974945,2.012349961,1.634580752,1.21327776,3.043435641,3.464566771,3.022976162,2.885751929,3.3890114,3.96221641,2.43044229,2.721811039,4.666242311,5.883174398,2.702975963,2.950638132,6.477384167,6.171597985,2.859487018,4.182139031,5.102483013,5.713883195,1.567781205,2.103921903,4.355464294,1.341335333,1.152477687,1.09405023,3.460799006,2.957034711,1.93006631,1.479090267,5.304187563,2.133942575,2.394264784,1.752545082,5.14736063,4.596912595,2.235785017,1.636738934,4.395837951,0.091454682,1.399365808,2.423888226,5.795210975,2.377821726,1.342027108,0,5.651465816,3.048489393,0.452053132,2.102663884
41D1,3.178611538,4.542249195,3.859008157,4.236190312,2.288322865,2.987519605,3.717417196,3.993870421,3.401519193,0.914546818,4.62520334,4.818325915,3.847363832,3.28000289,5.553637712,5.7382112,4.742120655,4.489727628,5.289289792,5.454531042,4.076915673,3.780126847,4.834083128,5.09007838,4.27336464,3.762993488,5.891629335,5.743600236,2.621700878,3.078974287,5.594469742,8.749671723,5.245373488,4.98610373,4.042909537,4.658333761,2.69388208,3.412929166,2.719862878,2.657391515,3.938118926,4.405718959,4.972139928,3.99029474,5.404614934,5.599293967,3.446700552,2.691909037,3.302936341,3.517547954,4.112945279,4.905825968,6.476928848,7.550826188,2.394430337,2.401380991,4.775120478,4.331940652,1.921203989,2.210769627,3.704922732,2.881624513,1.496530192,1.009678403,4.902287624,4.653511242,5.124909911,4.145945574,4.896267085,5.909010755,3.239650851,5.761644952,5.527117688,5.293766651,3.159360953,0.670667666,4.575831563,4.770434294,3.809681396,3.991793405,4.626499771,5.675235271,3.496570901,2.713155559,4.538927373,3.521876361,2.326554562,0.426788515,6.00563655,5.651465816,0,0.243879151,5.54552989,4.090511136
41D2,5.243401755,4.786128346,3.810611741,1.615699378,1.402305121,3.231398756,2.621700878,1.127941075,0.274364045,0.670667666,0.792607242,4.298370044,2.255882151,2.40830662,2.225397257,1.55472959,1.737638954,3.018004499,4.999522604,4.298370044,5.97503921,4.024005998,1.280365545,2.042487893,4.298370044,5.151947074,6.5237673,7.499283906,2.377821726,2.835095135,6.584737088,5.792129846,4.938552816,5.12146218,3.932551317,3.841096635,2.133942575,0.945031712,0.762122348,0.213394257,0,0.335333833,1.280365545,1.158425969,0.884061924,0.975516606,0.426788515,0.579212985,0.121939576,0.213394257,5.456796013,4.694673665,8.048011997,7.956557315,0.335333833,0.792607242,0.609697879,0.670667666,1.585214484,1.55472959,0.792607242,1.036486393,0.15242447,0.884061924,3.871581529,3.688672165,4.847098134,4.389824725,4.054490892,4.054490892,2.987519605,6.005524103,5.761644952,4.084975786,3.993521104,0.914546818,6.645706876,5.426311119,1.310850439,3.292368544,3.566732589,3.810611741,4.603218983,2.957034711,2.469276408,1.829093636,1.0060015,0.670667666,0.823092136,3.048489393,0.243879151,0,2.591215984,0.304848939
41G1,3.871404504,2.194912363,3.202113275,2.371409091,4.284046198,0.640182772,3.093687604,2.594149671,4.157503718,3.26188365,1.524181219,1.082487279,1.983994037,2.566016111,0.515034525,0.713766629,0.670140931,0.944798137,2.221469144,1.346339696,3.50152922,1.432790015,0.81202949,0.576361565,3.106024284,3.494812372,2.865274328,3.260030749,4.96903771,5.426311119,2.339999502,2.819876049,1.131582471,1.28853896,3.36552862,3.165516269,4.073848871,2.298625444,4.249295276,4.940945065,2.343498181,2.144015028,3.132374105,2.005975344,1.462596568,0.932673024,2.791630744,3.285787613,2.932686993,2.794349119,3.183297664,3.699764,2.749493491,3.099943718,4.556750336,5.852640055,2.777452287,3.019935741,6.3825044,6.080171775,2.777342034,4.125513381,5.046797144,5.669370002,1.737343518,2.263772706,4.329516637,1.798608742,1.271464643,1.296783077,3.416535963,3.41430812,2.26862316,1.580528573,5.365920157,1.676669166,2.558551377,1.946671387,5.02285015,4.507058845,2.495832145,1.951657846,4.382234438,0.365818727,1.263526545,2.268295661,5.765967472,1.920548317,1.22215476,0.452053132,5.54552989,2.591215984,0,1.883577039
41G2,3.423310024,4.481279407,2.476851998,1.719457741,2.966001664,2.926549817,2.197610238,1.505151344,2.715284824,0.975516606,1.427656864,2.076271975,1.636188039,1.826969427,2.042365494,2.098760353,1.628298626,1.857345111,2.607715863,2.261495233,3.332691173,3.719157059,1.433412147,1.922470665,3.312914525,3.35593033,3.625236634,3.831655234,2.682670666,3.139944074,3.319816191,4.973591485,2.408339382,2.493379844,2.911307322,2.94831199,2.655800111,0.768318244,3.146906231,3.697402768,1.134869466,1.038681704,2.736931653,1.020398384,1.477321633,1.641900679,2.107948701,2.062607072,1.417218962,1.5743301,3.138586994,4.010796076,4.080819463,4.647580153,3.039639928,4.29912342,1.955847244,1.990189393,4.647877018,4.328848901,1.294282304,2.432100509,3.470786236,4.219509973,1.926672039,2.032777615,3.871355456,4.084975786,1.862932701,2.371657613,2.543519487,5.700675164,2.968902527,2.02432054,4.304153374,0.609697879,2.930942234,2.45937749,3.787628076,3.564984887,2.607737576,2.688925634,3.760697871,2.652185772,1.117891987,1.070258733,4.276767716,0.365818727,1.969450142,2.102663884,4.090511136,0.304848939,1.883577039,0
,,,,,,,,,,,,,,,,,,,,,,,,,,,,,,,,,,,,,,,,,,,,,,,,,,,,,,,,,,,,,,,,,,,,,,,,,,,,,,,,,,,,,,,,,,,,,,
Ecosystem,Oak Woodland,Oak Woodland,Oak Woodland,Oak Woodland,Oak Woodland,Oak Woodland,Oak Woodland,Oak Woodland,Coastal Marine,Coastal Marine,Coastal Marine,Coastal Marine,Grassland,Grassland,Grassland,Grassland,Grassland,Grassland,Grassland,Grassland,Oak Woodland,Oak Woodland,Oak Woodland,Oak Woodland,Desert,Desert,Desert,Desert,Desert,Desert,Desert,Desert,Grassland,Grassland,Montane,Montane,Montane,Montane,Oak Woodland,Oak Woodland,Oak Woodland,Oak Woodland,Montane,Montane,Montane,Montane,Chaparral,Chaparral,Chaparral,Chaparral,Desert,Desert,Desert,Desert,Chaparral,Chaparral,Chaparral,Chaparral,Coastal Marine,Coastal Marine,Coastal Marine,Coastal Marine,Coastal Marine,Coastal Marine,Coastal Marine,Coastal Marine,Coastal Marine,Coastal Marine,Coastal Marine,Coastal Marine,Oak Woodland,Oak Woodland,Oak Woodland,Oak Woodland,Desert,Desert,Desert,Desert,Connifer Forest,Connifer Forest,Connifer Forest,Connifer Forest,Chaparral,Chaparral,Chaparral,Chaparral,Coastal Marine,Coastal Marine,Coastal Marine,Coastal Marine,Coastal Marine,Coastal Marine,Coastal Marine,Coastal Marine
Plant_type,Tree,Tree,Grass,Grass,Tree,Tree,Grass,Grass,Shrub,Shrub,Grass,Grass,Annual herb,Annual herb,Grass,Grass,Grass,Grass,Grass,Grass,Tree,Tree,Grass,Grass,Shrub,Shrub,Grass,Grass,Shrub,Shrub,Grass,Grass,Grass,Grass,Pine,Pine,Grass,Grass,Tree/shrub,Tree/shrub,Grass,Grass,Pine,Pine,Grass,Grass,Tree/shrub,Tree/shrub,Grass,Grass,Shrub,Shrub,Grass,Grass,Shrub,Shrub,Grass,Grass,Shrub,Shrub,Grass,Grass,Shrub,Shrub,Grass,Grass,Pine,Pine,Grass,Grass,Tree,Tree,Grass,Grass,Shrub,Shrub,Grass,Grass,Pine,Pine,Grass,Grass,Shrub,Shrub,Grass,Grass,Shrub,Shrub,Grass,Grass,Shrub,Shrub,Grass,Grass