genomeID	02-D1	02-D2	02-D3	02-D4	02-G1	02-G2	02-G3	02-G4	04-D1	04-D4	04-G1	04-G2	04-G3	04-G4	08-D1	08-D2	08-D3	08-D4	08-G1	08-G2	08-G3	08-G4	09-D2	09-D3	09-D4	09-G1	09-G2	09-G3	09-G4	11-D1	11-D2	11-D3	11-D4	11-G1	11-G2	11-G3	11-G4	12-D1	12-D2	12-D3	12-D4	12-G1	12-G2	12-G3	12-G4	16-D1	16-D2	16-D3	16-D4	16-G1	16-G2	16-G3	16-G4	18-D1	18-D3	18-D4	18-G1	18-G2	18-G3	18-G4	19-G1	19-G2	19-G3	19-G4	20-D1	20-D2	20-D3	20-D4	20-G1	20-G2	20-G3	20-G4	23-D1	23-D2	23-D3	23-D4	23-G1	23-G2	23-G3	23-G4	24-D1	24-D2	24-D3	24-D4	24-G1	24-G2	24-G3	24-G4	25-D1	25-D2	25-D3	25-D4	25-G1	25-G2	25-G3	25-G4	26-D1	26-D2	26-D3	26-D4	26-G1	26-G2	26-G3	26-G4	28-D1	28-D2	28-D3	28-D4	28-G1	28-G2	28-G3	28-G4	30-D1	30-D2	30-D3	30-D4	30-G1	30-G2	30-G3	30-G4	32-D1	32-D2	32-D3	32-D4	32-G1	32-G2	32-G3	32-G4	33-D1	33-D2	33-D3	33-D4	33-G1	33-G2	33-G3	33-G4	35-D1	35-D2	35-D3	35-D4	35-G1	35-G2	35-G3	35-G4	36-D1	36-D2	36-D3	36-D4	36-G1	36-G2	36-G3	36-G4	37-D1	37-D2	37-D3	37-D4	37-G1	37-G2	37-G3	37-G4	39-D1	39-D2	39-D3	39-D4	39-G1	39-G2	39-G3	39-G4	40-D1	40-D2	40-D3	40-D4	40-G1	40-G2	40-G3	40-G4	41-D1	41-D2	41-D3	41-D4	41-G1	41-G2	41-G3	41-G4
Agreia.1	31	0	657	243	229	293	339	681	433	472	3669	2468	676	408	277	987	148	113	1916	19082	5055	754	111	86	0	0	7	0	47	122	0	0	77	0	12	139	22	73	110	0	638	3	18	1	12	50	2	203	12	1	79	55	649	251	0	204	34	5	3	534	30	138	262	70	729	1471	561	673	3723	2892	2366	6594	155	89	381	127	142	8	11	3	16	10	1	3	12	287	13	6	690	43	67	20	15	20	53	1	134	1	62	4	93	9	196	326	69	37	127	88	6	16	13	41	144	181	166	147	65	163	42	110	23	37	32	85	27	69	111	47	55	0	111	88	67	48	49	48	407	95	296	311	0	117	3	60	439	714	451	753	2072	2889	958	317	1766	482	1177	190	303	2004	2728	2401	106	153	81	86	240	334	407	229	299	130	498	125	47	9	0	166	736	906	6	8	104	374	523	314
Agreia.2	13	0	323	100	120	157	172	253	227	249	901	794	241	139	214	408	91	57	190	2973	864	192	112	46	0	0	2	0	24	25	0	0	50	0	12	42	13	51	86	0	285	5	1	1	3	47	2	83	7	0	48	53	245	196	0	149	26	2	2	314	18	46	114	38	394	512	324	510	2886	765	1065	2050	119	84	154	93	45	5	9	2	15	9	2	4	8	121	9	4	267	12	23	8	8	21	26	3	84	0	46	1	79	10	94	95	74	47	117	86	8	18	16	23	120	157	108	88	37	110	33	90	16	30	23	63	28	37	71	37	42	0	98	60	52	35	44	35	266	79	178	120	1	38	3	54	298	341	290	408	913	1233	430	132	859	307	627	147	176	1008	1780	961	83	130	84	69	120	106	110	106	234	111	255	101	42	0	0	44	286	288	1	3	35	93	128	95
Bacillus.1	0	0	1	0	1	0	1	0	1	1	0	0	0	0	0	0	0	2	0	0	0	0	5	1	0	0	0	0	0	0	0	0	0	0	0	0	0	0	0	0	1	0	0	0	0	1	0	0	0	0	1	7	1	12	0	6	1	0	0	0	0	0	0	0	0	1	0	0	0	0	0	0	0	0	0	0	0	0	1	0	0	0	0	1	0	0	0	0	0	0	0	1	0	0	0	0	0	0	2	25	2	0	0	0	0	0	1	1	0	0	0	0	0	0	0	0	0	0	0	0	0	0	0	0	0	2	0	0	0	0	0	0	0	0	0	0	0	0	4	0	0	0	0	0	0	0	0	0	0	19	1	4	0	0	0	1	0	0	1	0	0	0	0	0	0	0	0	0	0	0	0	0	0	0	0	0	0	1	0	0	0	0	0	0
Bacillus.2	0	0	0	0	0	1	0	0	1	0	0	0	0	0	0	0	0	0	0	0	0	0	2	0	0	0	0	0	0	0	0	0	0	0	0	0	0	0	0	0	0	0	0	0	0	0	0	0	0	0	0	0	0	4	0	2	0	0	0	0	0	0	0	1	0	0	0	0	0	0	0	0	0	0	0	0	0	0	0	0	0	0	0	0	0	0	0	0	0	0	0	0	0	0	0	0	0	0	0	7	1	0	1	0	0	0	0	0	0	0	0	0	0	0	1	0	0	0	0	0	0	0	0	0	0	0	0	0	0	0	0	1	0	1	0	0	0	0	0	0	0	0	0	0	0	0	0	0	0	3	0	0	0	0	0	0	0	0	1	0	0	0	0	0	0	0	0	0	0	0	0	0	0	0	0	0	0	0	0	0	0	0	0	0
Bacillus.3	0	0	0	0	0	0	0	0	0	1	0	0	0	0	2	1	0	1	0	0	0	0	10	2	0	0	0	0	0	0	0	0	0	0	0	0	0	0	0	0	0	0	0	0	0	3	0	0	0	0	1	0	0	12	0	5	0	0	0	0	0	0	0	0	0	0	1	2	1	0	0	0	0	0	0	0	0	0	0	0	0	0	0	0	0	0	0	0	1	0	0	3	0	0	0	0	0	0	1	0	2	0	0	0	0	0	0	0	0	0	0	0	0	0	2	0	0	0	0	0	0	0	0	0	0	1	0	0	0	0	0	0	0	0	0	0	0	0	0	3	0	0	0	0	0	0	0	0	4	16	0	0	0	0	0	0	0	0	0	0	0	0	0	0	0	0	0	0	0	3	2	0	0	0	0	2	3	2	0	1	0	0	0	0
Bacillus.4	0	0	2	0	0	1	0	0	0	0	0	0	0	0	1	0	1	0	0	0	0	0	7	0	0	0	0	0	0	0	0	0	0	0	0	0	0	0	0	0	0	0	0	0	1	0	0	0	0	0	0	0	0	2	0	4	0	0	0	0	0	0	0	0	0	0	0	0	1	0	0	0	0	0	0	0	0	0	0	0	0	0	0	0	0	0	0	0	0	0	0	0	0	0	0	0	0	0	0	0	2	0	0	0	2	1	1	0	0	0	0	1	0	0	0	0	0	1	1	0	0	0	0	0	0	0	0	0	0	0	0	0	0	0	0	0	0	0	1	3	0	0	0	0	0	0	1	2	3	8	0	0	0	0	0	0	0	0	1	0	0	0	0	0	0	0	0	0	0	3	3	0	0	0	0	0	1	1	0	0	0	0	0	0
Bacillus.5	0	0	0	0	0	0	0	0	0	0	0	0	0	0	0	0	0	0	0	0	0	0	1	0	0	0	0	0	0	0	0	0	0	0	0	0	0	0	0	0	0	0	0	0	0	0	0	0	0	0	0	1	1	1	0	0	0	0	0	0	0	0	0	0	0	0	0	0	0	0	0	0	0	0	0	0	0	0	0	0	0	0	0	0	0	0	0	0	0	0	0	0	0	0	0	0	0	0	0	1	0	0	0	0	0	0	0	0	0	0	0	0	0	0	0	0	0	0	0	0	0	0	0	0	0	0	0	0	0	0	0	0	0	0	0	0	0	0	0	0	0	0	0	0	0	0	0	1	0	0	0	0	0	0	0	0	0	0	0	0	0	0	0	0	0	0	0	0	0	0	0	1	0	0	0	0	0	0	0	0	0	0	0	0
Bacillus.6	0	0	0	0	0	0	0	0	0	0	0	0	0	0	0	0	0	0	0	0	0	0	0	0	0	0	0	0	0	0	0	0	0	0	0	0	0	0	0	0	0	0	0	0	0	0	0	0	0	0	0	0	0	2	0	1	0	0	0	0	0	0	0	0	0	0	0	0	1	0	0	0	0	0	0	0	0	0	0	0	0	0	0	0	0	0	0	0	0	0	0	0	0	0	0	0	0	0	1	1	0	0	0	0	0	0	0	0	0	0	0	0	0	0	0	0	0	0	0	0	0	0	0	0	0	1	0	0	0	0	0	0	0	0	0	0	0	0	0	0	0	0	0	0	0	0	0	0	0	4	0	0	0	0	0	0	0	0	1	0	0	0	0	0	0	0	1	0	0	0	0	0	0	0	0	0	0	0	0	0	0	0	0	0
Bacillus.7	0	0	1	0	0	1	0	2	0	0	1	0	0	0	1	0	0	0	0	0	0	0	0	0	0	0	0	0	0	0	0	0	0	0	0	0	0	0	0	0	0	0	0	0	0	0	0	0	0	0	0	0	0	0	0	1	0	0	0	0	0	0	0	0	0	0	0	0	1	0	0	0	0	1	0	0	0	0	0	0	0	0	0	0	0	0	0	0	0	0	0	0	0	0	0	0	0	0	0	0	0	0	0	0	1	0	1	0	0	0	0	0	0	0	0	0	0	1	0	0	0	0	0	0	0	0	0	0	0	0	0	0	0	0	0	0	0	0	0	0	0	0	0	0	0	0	0	0	1	2	0	0	0	1	0	0	0	0	0	0	0	0	0	0	1	0	0	0	1	0	2	0	1	0	0	0	0	2	0	0	0	0	0	0
Clavibacter.1	108	0	993	256	1453	4135	2095	3842	800	743	1837	2088	1184	770	1015	1455	610	545	2201	18342	10684	1079	393	527	0	0	30	0	648	49	0	0	31	0	63	241	67	264	322	0	998	26	37	4	12	339	6	257	113	2	675	759	660	1597	0	1514	250	22	11	3494	211	418	586	287	416	587	344	673	7392	2789	6557	8423	1402	517	615	627	187	117	68	27	99	15	5	23	46	441	102	13	772	78	84	36	304	493	78	428	1633	0	252	19	1048	70	404	302	589	484	778	982	99	199	160	439	1160	1260	1116	829	274	838	259	748	174	325	130	414	2047	564	1422	2082	326	0	543	383	700	449	388	451	1086	374	653	341	11	332	21	580	888	849	777	1290	3067	7286	5201	1321	725	528	460	300	703	16970	4831	2445	514	592	524	598	1265	2056	2099	1243	930	776	819	479	208	16	0	695	443	732	26	22	532	1214	765	689
Clavibacter.2	58	0	545	151	1334	1972	1021	1839	412	405	1153	1867	682	459	564	791	346	308	918	6533	6343	665	210	321	0	0	384	0	362	36	0	0	8	0	48	134	49	149	160	0	605	14	18	7	13	200	4	131	106	2	370	443	419	949	0	892	164	12	8	2421	123	345	384	139	188	288	203	359	2741	1193	2708	3882	693	293	341	364	93	75	53	8	41	10	3	21	32	243	103	5	405	42	60	21	177	522	62	626	1184	2	166	8	598	52	235	188	329	232	426	452	63	104	90	194	647	680	595	458	165	413	143	410	127	211	95	255	658	230	604	721	188	0	364	217	390	259	241	208	613	240	349	195	7	173	11	795	442	463	420	728	1364	3019	2259	664	357	292	244	151	343	8002	1981	1095	283	301	313	354	526	4133	735	558	465	426	487	254	88	13	0	219	245	381	16	15	225	668	391	363
Clavibacter.3	26	0	257	79	317	1304	602	1132	166	138	759	1501	946	433	236	337	150	147	497	2895	1670	230	98	165	0	0	7	0	240	18	0	0	6	0	17	49	20	102	83	0	322	8	7	0	7	98	5	73	132	1	186	1778	367	490	0	1073	114	8	6	2132	68	195	226	69	94	106	85	160	1381	532	1286	1811	321	125	152	146	1536	602	58	57	23	8	3	28	21	112	198	18	373	9	139	17	87	837	25	1651	892	0	68	3	928	97	1002	234	152	110	171	191	41	46	32	107	290	309	263	197	61	222	70	181	70	86	38	104	233	98	280	308	106	0	147	104	162	128	96	95	282	107	164	84	3	100	5	212	212	230	201	340	541	1554	877	302	170	160	127	65	125	3257	813	542	121	174	157	152	233	258	261	278	235	216	219	120	49	4	0	122	102	167	3	19	81	405	216	178
Clavibacter.4	19	0	126	50	217	732	365	646	115	88	463	938	534	236	167	186	86	87	250	1542	889	138	66	98	0	0	3	0	117	13	0	0	4	0	16	30	10	49	46	0	199	3	6	1	3	66	1	43	63	1	118	898	197	276	0	479	58	6	0	1156	49	117	150	38	61	91	59	70	683	294	738	1019	215	73	115	101	1108	374	34	40	12	3	0	15	7	54	125	3	227	8	66	14	55	522	14	947	488	0	55	4	484	47	529	129	71	60	108	131	17	37	23	65	188	210	172	120	50	118	38	135	32	71	19	85	141	73	169	166	50	0	94	63	108	73	79	74	165	59	98	55	2	61	3	117	133	130	91	193	333	806	479	160	100	75	65	37	73	1743	480	268	82	100	97	116	157	144	180	164	157	104	130	63	31	6	0	64	76	110	5	5	66	222	129	96
Clavibacter.5	44	0	361	93	408	878	604	1114	237	239	953	1110	514	299	310	479	178	189	685	4290	2829	349	129	237	0	0	12	0	267	25	0	0	7	0	22	67	23	101	113	0	422	4	11	2	7	125	1	86	53	1	229	455	296	536	0	639	121	12	1	1842	99	226	289	82	153	190	115	177	1956	764	1939	2750	461	161	210	181	78	71	30	12	26	7	1	14	14	138	72	6	292	19	36	14	76	289	21	265	921	1	91	3	462	38	232	119	203	151	238	290	36	87	65	135	423	412	363	289	91	290	76	259	88	129	40	147	366	154	344	407	93	0	194	128	252	154	131	104	341	140	172	126	3	141	6	213	265	296	228	416	834	1966	1319	366	248	180	149	74	222	4949	1243	746	143	192	202	209	341	359	458	355	323	274	259	170	71	5	0	115	148	244	6	15	132	461	291	227
Clavibacter.6	46	0	262	100	493	1216	614	1307	198	189	720	815	328	265	298	384	174	172	904	8286	4634	381	134	170	0	0	10	0	277	9	0	0	15	0	27	59	8	65	70	0	315	10	15	1	1	95	2	72	22	0	203	249	249	428	0	435	93	4	3	1256	53	153	241	108	104	146	75	171	3363	1205	2891	3500	374	142	180	152	49	41	27	6	31	5	1	10	19	112	34	4	306	9	28	11	123	224	26	173	626	1	69	5	295	24	132	110	141	129	233	251	23	71	32	111	294	322	321	224	94	237	79	230	56	121	39	157	956	199	516	833	84	0	133	100	174	160	112	122	260	88	172	99	2	81	3	187	209	213	199	349	1166	2770	2321	533	205	126	119	55	332	7652	1974	901	99	144	134	162	548	863	802	436	262	211	222	147	51	11	0	251	129	183	5	7	191	526	287	203
Clavibacter.7	30	0	287	83	410	629	509	889	254	206	656	732	359	231	344	420	176	189	805	6017	4198	381	109	179	0	0	13	0	206	14	0	0	10	0	30	65	18	88	78	0	319	5	9	4	8	123	6	60	31	0	204	224	252	436	0	511	90	7	3	1129	66	157	205	73	121	165	100	156	3073	1152	2699	3159	369	173	172	173	48	36	11	5	20	4	5	11	9	115	41	3	270	12	25	13	116	181	22	175	607	0	76	4	355	18	139	124	151	136	231	282	35	38	21	101	338	366	355	245	76	223	68	210	34	97	31	108	602	148	349	570	87	0	140	98	168	138	113	123	349	97	197	94	4	86	5	175	249	246	219	389	1098	2684	2530	557	217	162	126	70	285	6970	1931	993	142	174	152	159	385	646	635	349	285	236	282	164	72	4	0	132	120	206	8	6	134	438	257	197
Curtobacterium.1	52	0	344	178	493	458	1083	2429	246	244	466	648	398	357	643	654	342	279	170	1734	528	540	136	153	0	0	239	0	219	181	0	0	172	0	23	309	451	188	113	0	755	107	8	1	7	224	45	98	52	1	342	614	816	376	0	430	59	4	4	363	48	361	333	306	150	169	93	206	273	220	223	648	528	228	264	254	550	35	291	47	35	11	3	19	25	142	87	7	429	13	118	28	75	190	79	162	576	0	239	5	621	30	283	1183	237	175	381	417	176	814	76	312	815	1923	1861	733	310	2581	873	3459	209	214	141	395	523	445	796	749	185	0	253	198	369	276	343	247	458	177	272	208	2	181	14	221	266	260	234	329	436	1005	240	117	164	224	136	97	116	598	666	306	147	284	198	235	511	289	672	409	467	275	394	174	126	40	0	966	159	245	23	20	293	208	299	274
Curtobacterium.10	4	0	37	9	27	16	45	140	26	22	36	16	28	36	18	50	23	19	279	5142	1440	726	4	12	0	0	1	0	4	2	0	0	10	0	2	9	4	8	15	0	368	1	4	0	3	7	1	6	0	0	20	12	6	44	0	35	9	1	1	29	4	3	13	10	17	19	8	23	45	27	30	60	42	18	18	13	3	2	1	0	3	0	3	0	1	14	0	2	12	0	0	1	5	8	1	1	22	0	14	0	23	0	7	17	13	22	32	36	4	6	6	12	33	44	27	27	7	28	28	31	14	18	10	44	79	25	99	55	22	0	27	20	24	31	87	92	37	20	21	17	0	15	1	11	43	24	29	43	35	89	37	4	20	25	13	15	7	170	90	63	12	30	18	18	28	18	236	38	23	22	19	12	2	0	0	4	12	24	1	2	33	45	21	40
Curtobacterium.100	14	0	106	30	127	87	213	201	89	95	85	72	107	96	179	151	70	89	63	124	57	154	41	34	0	0	1	0	6	10	0	0	2	0	9	23	3	22	54	0	58	6	1	0	0	51	2	38	6	0	95	67	46	151	0	157	26	3	2	216	18	15	20	30	43	64	27	62	53	69	60	164	279	84	95	78	18	16	3	2	22	4	1	1	8	69	4	0	31	5	7	2	19	12	3	11	106	2	38	1	135	9	22	38	119	86	184	159	13	36	33	88	186	226	206	162	47	123	90	149	59	74	44	142	115	118	187	160	80	0	125	73	130	108	103	95	198	59	100	53	0	48	1	63	82	101	89	141	159	359	98	38	66	60	53	21	12	162	137	27	83	81	89	106	104	54	120	175	111	114	150	71	25	5	0	23	42	95	5	5	94	60	54	103
Curtobacterium.101	2	0	46	12	86	149	161	454	18	28	278	71	60	115	46	56	25	32	18	51	16	67	14	22	0	0	0	0	3	2	0	0	0	0	4	6	5	14	9	0	22	0	0	0	1	18	0	11	28	0	21	26	64	74	0	96	7	0	1	69	7	7	6	14	10	18	17	34	21	28	26	73	48	19	22	32	7	5	4	2	15	1	1	0	2	24	59	0	30	2	7	2	10	16	4	424	33	0	18	2	34	1	63	13	22	15	44	46	6	4	10	20	47	84	52	32	19	61	97	43	61	62	31	153	65	43	67	53	28	0	29	21	49	28	49	33	66	11	25	21	0	27	3	26	28	31	32	31	31	150	40	15	27	25	11	10	9	46	51	14	17	32	19	29	58	25	32	45	35	29	58	20	4	0	0	6	18	83	5	2	44	15	26	40
Curtobacterium.102	3	0	6	6	24	28	74	195	5	7	37	58	16	18	18	17	10	5	6	22	7	11	3	1	0	0	11	0	11	16	0	0	25	0	0	7	44	8	4	0	16	5	0	0	1	11	8	8	5	0	15	56	54	6	0	11	1	0	0	22	2	30	15	11	0	6	1	5	11	10	4	14	9	4	6	3	64	3	22	5	1	0	1	5	0	6	2	1	22	1	10	1	4	16	8	15	47	0	19	1	84	5	50	209	2	2	7	10	11	27	3	9	55	171	183	43	19	227	49	348	5	11	3	17	7	13	18	18	3	0	9	2	12	12	7	9	13	14	8	11	0	12	0	6	11	6	6	10	14	30	4	4	4	2	7	2	8	35	11	17	1	4	1	8	11	7	14	10	13	7	11	2	2	0	0	38	9	11	1	0	8	4	15	9
Curtobacterium.103	2	0	9	7	15	8	9	28	6	6	12	7	7	9	17	19	16	6	6	37	14	18	6	3	0	0	0	0	2	3	0	0	2	0	0	2	6	5	2	0	15	3	0	0	0	61	18	7	1	0	42	441	97	15	0	6	4	0	0	13	0	5	6	7	5	5	4	5	10	9	10	18	18	9	9	10	13	2	5	0	7	1	0	6	1	10	0	2	84	0	6	1	4	14	4	3	181	1	184	0	123	24	65	75	15	11	16	17	3	9	3	5	32	33	29	24	5	86	19	71	4	8	5	19	23	18	34	42	6	0	11	6	18	8	17	7	25	11	6	11	0	8	2	7	9	16	6	17	13	37	3	7	18	9	3	3	1	18	31	12	17	12	10	7	14	10	16	19	15	12	22	4	1	0	0	11	7	11	0	0	11	7	10	11
Curtobacterium.104	0	0	0	0	0	1	0	1	0	0	1	1	0	0	0	0	0	0	0	0	0	0	0	0	0	0	0	0	0	0	0	0	0	0	0	0	0	0	0	0	1	0	0	0	0	0	0	0	0	0	0	2	2	0	0	1	0	0	0	0	0	0	0	0	0	0	0	0	0	0	0	0	1	0	0	0	1	0	0	0	0	0	0	0	0	0	0	0	3	0	0	0	0	0	0	0	0	0	0	0	3	0	3	0	0	0	0	0	0	0	0	0	2	0	0	0	0	1	0	4	0	0	0	0	0	0	1	1	0	0	0	0	0	0	0	0	0	0	0	0	0	0	0	0	0	0	0	0	0	0	0	0	0	0	0	0	0	0	0	1	0	0	0	0	0	0	0	0	0	0	0	0	0	0	0	0	0	0	0	0	0	0	0	0
Curtobacterium.105	1	0	13	2	17	19	38	47	11	16	22	15	24	8	31	31	11	15	7	27	19	20	3	9	0	0	0	0	0	0	0	0	4	0	0	2	3	5	7	0	16	0	0	0	0	116	6	13	3	2	79	117	67	14	0	30	1	1	0	19	2	5	11	20	7	8	5	11	13	12	13	35	22	3	14	27	399	21	95	14	4	0	0	2	1	7	39	1	7	1	29	2	3	48	4	36	127	0	77	1	390	17	111	247	5	7	20	20	30	72	11	103	74	291	191	49	250	1076	153	475	41	30	13	83	19	17	30	15	6	0	13	12	15	10	17	13	23	7	11	15	1	9	1	33	8	13	8	33	17	48	31	10	4	13	3	2	15	31	20	9	12	14	7	15	26	9	26	21	19	19	35	9	2	4	0	16	6	21	2	0	14	8	28	17
Curtobacterium.106	8	0	34	11	40	31	70	71	35	39	36	24	41	45	44	45	22	20	15	30	17	47	23	19	0	0	1	0	0	1	0	0	3	0	0	6	2	8	23	0	30	0	0	0	0	33	0	7	3	1	32	106	13	75	0	55	44	2	1	144	31	9	9	10	12	17	14	30	36	16	25	64	68	33	34	27	7	2	2	0	7	1	0	1	5	14	7	2	12	4	3	3	5	5	3	20	352	0	232	1	254	21	322	13	43	23	42	47	2	8	3	18	68	102	72	34	20	33	60	49	73	65	41	223	48	45	54	60	35	0	34	37	43	33	56	35	60	16	33	22	1	13	0	28	24	27	28	49	46	139	46	18	14	22	8	9	8	56	68	10	12	17	13	33	26	21	53	57	49	41	52	20	13	2	0	14	14	34	2	2	31	14	31	33
Curtobacterium.107	0	0	0	0	0	2	6	1	0	2	2	1	0	1	1	0	0	0	0	8	7	3	0	0	0	0	1	0	0	0	0	0	0	0	0	1	0	0	0	0	4	0	0	0	0	2	0	0	0	0	2	2	1	0	0	1	0	0	0	1	0	1	1	0	0	0	0	0	0	0	0	0	1	1	2	0	3	0	0	0	0	0	0	0	0	2	0	0	0	0	0	0	1	0	0	0	0	0	3	0	10	0	0	4	0	0	1	0	2	3	0	1	2	7	5	1	0	9	4	8	0	0	0	0	0	1	3	1	1	0	0	0	0	1	2	1	4	1	0	2	0	0	0	1	0	0	0	0	2	0	3	0	0	0	0	0	1	3	1	0	0	1	1	0	2	4	4	3	0	0	0	0	0	0	0	1	0	0	0	0	3	2	6	2
Curtobacterium.108	4	0	8	7	15	26	58	150	4	7	21	50	12	10	7	16	6	6	2	16	8	14	4	0	0	0	7	0	7	9	0	0	10	0	1	10	25	4	2	0	24	3	0	0	3	7	3	7	2	0	11	26	69	7	0	5	0	0	0	6	2	19	12	8	2	3	1	5	6	3	6	18	10	5	5	8	64	1	22	8	0	0	0	1	0	8	7	0	23	1	11	3	3	20	11	12	20	0	13	0	27	0	21	105	4	7	5	9	6	22	2	7	62	228	211	57	31	300	72	459	4	5	6	12	6	7	17	12	4	0	7	1	5	3	15	12	9	5	8	7	0	11	0	8	2	6	3	6	11	20	8	4	8	3	1	0	6	23	17	17	1	2	5	3	19	8	18	11	8	2	7	1	3	2	0	36	1	4	0	4	7	10	12	5
Curtobacterium.109	3	0	9	3	23	36	64	191	3	11	27	64	17	12	24	11	5	11	8	21	13	14	2	1	0	0	2	0	10	15	0	0	17	0	0	12	41	7	3	0	27	4	0	0	1	15	9	7	3	0	26	38	44	7	0	10	2	1	0	18	1	32	15	7	3	2	6	4	4	7	5	8	10	10	9	6	54	0	25	7	2	0	0	1	0	3	10	1	24	0	8	0	2	15	3	20	47	1	13	1	58	5	67	193	5	3	5	10	5	18	0	9	51	176	170	40	19	230	54	336	8	5	5	9	15	16	16	20	2	0	3	4	8	8	9	6	15	7	6	7	0	13	0	7	9	5	5	17	14	27	7	2	3	4	3	1	9	18	8	5	2	7	5	9	10	12	20	12	15	6	19	7	7	2	0	25	2	7	0	0	5	7	13	5
Curtobacterium.11	0	0	0	0	0	0	0	0	0	0	0	0	0	0	0	0	0	0	1	9	3	2	0	0	0	0	0	0	0	0	0	0	0	0	0	0	0	0	0	0	4	0	0	0	0	0	0	0	0	0	0	0	0	0	0	0	0	0	0	0	0	0	0	0	0	1	0	0	0	0	0	0	0	0	0	0	0	0	0	0	0	0	0	0	0	0	0	0	0	0	0	0	0	0	0	0	0	0	1	0	0	0	1	0	0	0	0	0	0	0	0	0	0	0	0	0	0	0	1	1	0	0	0	0	0	0	0	0	0	0	0	0	0	0	0	0	0	0	0	0	0	0	0	0	0	0	0	0	0	0	0	0	0	0	0	0	0	1	0	0	0	0	0	0	0	0	0	0	1	0	0	0	0	0	0	1	0	0	0	0	0	0	0	0
Curtobacterium.110	11	0	131	52	228	200	423	600	79	106	321	160	240	160	143	156	178	78	102	643	273	227	41	49	0	0	19	0	40	22	0	0	17	0	11	22	20	50	42	0	209	13	2	0	2	152	4	24	32	0	143	331	151	121	0	132	83	3	1	315	39	228	196	298	28	46	38	42	106	130	71	200	200	96	103	125	236	54	82	20	40	1	0	4	4	137	51	5	93	5	35	3	29	81	9	123	485	0	271	2	573	37	416	131	69	47	143	96	182	145	38	493	195	471	273	160	291	655	381	898	396	411	249	763	211	259	445	237	84	0	108	134	173	187	169	199	226	54	109	86	2	71	6	136	63	53	51	111	302	535	408	114	57	26	34	11	51	512	195	55	52	69	56	74	434	182	280	266	208	132	147	86	61	12	0	174	57	106	10	2	274	198	483	173
Curtobacterium.111	1	0	15	4	13	21	33	78	16	11	12	22	18	14	20	24	22	13	6	45	23	12	3	5	0	0	11	0	9	3	0	0	9	0	0	5	14	6	6	0	18	13	0	0	0	11	1	9	1	0	5	27	71	12	0	19	0	1	0	14	4	5	12	8	6	5	2	6	2	10	4	22	22	6	7	8	11	4	15	1	2	0	0	1	0	8	0	1	21	1	4	0	4	9	2	7	31	0	16	0	40	2	140	529	10	8	22	13	7	15	6	8	44	65	68	26	10	72	25	103	4	12	2	17	20	19	39	36	8	0	18	7	15	12	14	23	14	4	11	10	0	6	0	8	17	5	9	21	24	31	13	8	14	10	3	7	3	27	35	30	7	12	10	8	26	16	16	17	20	4	12	11	5	1	0	36	3	4	4	0	15	9	18	11
Curtobacterium.112	5	0	57	14	54	28	332	221	18	35	44	32	44	30	62	68	47	22	18	45	26	35	15	15	0	0	2	0	1	1	0	0	0	0	5	6	4	11	22	0	21	0	0	0	0	15	0	12	2	0	30	15	20	37	0	46	4	1	0	48	2	5	30	33	23	18	5	26	18	21	13	54	132	24	45	46	11	1	5	0	30	0	1	1	2	26	34	0	17	1	2	2	6	5	6	2	26	0	10	1	23	20	7	214	37	25	53	57	14	9	10	113	52	72	58	49	205	628	165	1082	35	33	20	104	86	85	103	97	44	0	51	34	52	147	135	110	62	18	28	21	0	36	0	77	36	29	24	43	85	115	102	29	18	29	19	6	4	77	50	14	19	24	21	29	115	23	65	53	419	103	221	48	10	2	0	67	32	39	2	5	35	43	51	126
Curtobacterium.113	17	0	89	89	115	86	216	237	114	126	143	77	120	101	85	114	67	57	58	206	70	104	106	41	0	0	1	0	7	10	0	0	5	0	3	14	14	46	128	0	156	0	3	0	1	25	2	22	7	1	44	27	54	90	0	66	12	2	0	94	8	47	49	89	23	28	27	46	72	51	64	131	291	63	99	161	131	9	25	8	16	3	1	1	5	48	7	4	59	6	5	2	17	26	3	21	73	0	28	0	65	6	24	46	77	60	807	157	31	38	27	229	91	166	100	88	65	113	88	190	94	83	60	131	92	88	368	145	135	0	111	70	110	96	215	79	525	71	165	131	0	39	4	64	69	48	48	94	247	218	107	51	47	41	32	16	22	211	119	38	54	85	45	55	118	77	115	137	149	103	95	48	29	6	0	38	37	87	5	4	81	68	82	90
Curtobacterium.114	5	0	24	9	69	43	222	215	22	19	40	47	46	45	55	38	34	19	26	173	72	67	12	14	0	0	13	0	28	5	0	0	5	0	5	12	13	25	13	0	626	2	1	0	0	9	1	6	10	0	24	37	26	45	0	44	10	1	1	43	11	92	62	250	17	16	12	16	22	31	19	50	56	35	45	32	40	6	16	6	6	0	0	2	0	196	25	1	19	3	7	3	12	14	6	8	35	1	18	0	51	6	9	23	19	21	62	28	34	27	6	100	69	114	83	38	89	144	105	973	89	79	55	156	84	60	162	61	24	0	24	27	67	49	65	115	62	18	27	19	1	21	3	25	14	25	23	43	58	106	155	14	11	12	9	5	8	89	48	10	14	19	22	22	97	32	48	68	33	19	39	21	10	8	0	108	17	26	1	5	515	62	2793	91
Curtobacterium.115	0	0	12	4	35	35	130	154	7	6	94	26	57	30	14	14	16	21	6	18	8	18	5	4	0	0	1	0	1	4	0	0	3	0	2	2	1	6	6	0	13	1	0	0	0	10	0	5	9	0	7	7	17	12	0	7	2	0	0	17	0	103	87	13	6	10	7	7	7	4	8	33	19	4	8	9	100	55	18	10	22	0	0	0	2	7	12	0	3	0	19	2	4	4	2	3	8	0	6	0	11	0	3	11	6	10	10	17	250	86	18	661	8	24	22	6	55	59	109	60	22	20	8	59	17	17	29	15	9	0	12	10	20	13	18	15	15	3	6	10	0	10	0	25	2	9	10	8	9	35	21	3	3	4	5	2	2	21	18	8	7	7	3	11	16	4	17	19	15	8	21	2	7	0	0	12	7	8	2	0	15	5	29	12
Curtobacterium.116	8	0	51	52	39	25	89	66	70	63	32	34	33	38	48	42	34	39	24	51	21	54	79	17	0	0	0	0	0	0	0	0	2	0	4	1	3	28	100	0	72	3	0	0	1	20	1	11	2	2	23	13	26	33	0	46	7	1	1	49	3	10	14	16	7	23	8	23	24	24	25	47	163	52	50	90	59	1	3	0	4	2	0	0	3	27	6	1	19	0	2	0	8	1	4	0	22	0	7	0	25	1	8	13	66	57	481	117	7	9	12	143	51	62	82	33	18	41	40	50	35	39	33	92	76	62	214	70	83	0	33	43	66	62	117	62	337	43	127	84	0	13	0	26	36	24	30	49	135	110	51	16	26	19	16	10	5	56	46	13	27	70	26	39	46	23	48	80	69	63	59	28	13	1	0	14	26	60	2	7	42	19	26	36
Curtobacterium.117	6	0	56	20	114	80	87	164	37	32	100	41	84	68	50	68	37	34	47	1193	52	308	25	17	0	0	1	0	2	2	0	0	2	0	9	7	3	9	11	0	34	6	1	0	2	17	2	20	12	0	25	17	42	62	0	57	4	1	3	79	10	70	25	150	20	20	26	28	37	80	25	71	74	21	39	36	43	18	13	5	9	1	0	1	4	40	15	0	22	1	7	2	8	25	2	22	35	2	12	0	27	5	12	25	54	29	69	62	56	36	20	106	162	364	107	157	85	66	121	129	818	658	402	788	103	103	160	87	34	0	45	172	118	104	56	121	76	27	26	21	0	20	0	26	30	48	27	48	855	526	736	168	18	26	15	8	30	65	81	15	19	30	29	30	125	146	160	111	221	85	117	89	46	16	0	70	63	122	4	12	42	24	53	37
Curtobacterium.118	12	0	28	18	84	74	96	220	14	16	83	25	45	36	85	72	102	34	28	107	31	69	4	7	0	0	0	0	5	1	0	0	1	0	2	6	4	5	11	0	34	4	2	0	3	5	1	8	16	0	8	5	35	31	0	17	4	2	0	25	1	76	64	366	10	18	4	10	11	26	9	14	44	8	8	11	31	11	8	3	3	1	0	0	3	13	19	0	11	4	3	2	19	29	2	25	17	0	7	0	12	1	4	10	25	16	37	24	261	177	103	604	69	165	53	70	116	124	332	373	320	258	187	276	188	223	320	141	12	0	27	61	120	190	69	182	33	9	9	17	0	14	2	11	15	15	17	20	42	115	53	13	13	8	11	7	11	23	19	7	10	8	13	18	243	67	74	91	90	39	49	50	207	50	0	174	27	46	5	5	89	39	176	124
Curtobacterium.119	4	0	26	10	42	44	42	115	12	13	58	34	160	129	13	29	26	15	176	291	132	429	6	5	0	0	0	0	0	2	0	0	0	0	0	2	4	4	5	0	9	1	0	0	1	2	0	10	16	0	13	5	35	21	0	14	5	0	0	25	2	18	17	91	7	5	6	6	9	20	5	29	21	6	13	21	73	62	23	11	18	0	0	0	1	12	78	0	7	0	4	0	13	97	4	158	12	0	5	0	13	4	1	6	11	5	20	14	476	189	15	207	92	181	64	76	537	171	239	331	386	390	250	346	73	74	242	86	6	0	17	94	17	27	31	15	26	5	7	8	1	32	2	41	9	17	12	21	41	87	32	10	9	5	5	1	12	16	25	4	10	16	6	13	200	60	86	78	104	50	65	37	18	6	0	23	21	71	5	8	82	17	42	65
Curtobacterium.12	0	0	0	0	1	0	0	3	0	0	2	1	2	0	0	0	1	0	4	53	8	5	0	0	0	0	0	0	1	0	0	0	0	0	0	0	0	0	0	0	8	0	0	0	0	0	0	0	0	0	0	0	0	0	0	0	1	0	0	0	0	0	0	0	2	0	0	0	1	0	0	0	0	0	0	0	0	0	0	0	0	0	0	0	0	0	0	0	0	0	0	0	0	0	0	0	1	0	0	0	0	0	0	1	0	0	1	0	0	0	0	0	0	0	0	0	0	0	0	0	0	0	1	0	0	1	1	0	0	0	0	0	0	0	1	3	0	0	0	0	0	0	0	0	0	0	0	0	0	0	0	0	0	0	0	0	0	3	1	0	1	0	0	0	0	0	3	0	0	0	0	0	0	0	0	0	0	0	0	0	0	1	1	0
Curtobacterium.120	3	0	20	8	50	44	104	243	17	22	107	34	77	51	55	21	29	38	14	24	11	16	20	6	0	0	3	0	5	15	0	0	33	0	2	2	3	35	6	0	29	3	0	0	2	11	0	4	66	0	8	15	16	15	0	26	10	1	0	34	0	601	617	21	8	13	6	9	12	10	10	36	33	8	11	10	70	19	9	3	8	2	0	0	1	34	17	0	6	2	8	2	5	1	0	0	12	0	6	0	24	1	1	12	7	12	18	31	115	103	76	1069	24	37	24	19	20	42	46	156	24	27	7	77	29	21	46	26	15	0	12	11	38	14	22	18	33	4	16	8	1	46	1	86	31	8	7	18	32	77	57	5	9	12	8	6	4	56	15	8	8	12	13	13	22	15	25	27	24	10	29	6	7	0	0	25	4	14	0	0	31	11	79	28
Curtobacterium.121	2	0	9	2	34	42	112	155	7	6	94	16	58	35	13	19	31	18	3	14	8	17	2	9	0	0	0	0	2	7	0	0	7	0	0	6	1	4	1	0	8	1	0	0	0	1	0	3	11	0	7	5	6	7	0	14	2	1	0	11	0	86	98	14	2	4	4	8	6	12	5	23	18	6	2	4	95	41	23	14	22	0	0	0	0	8	12	1	10	0	13	0	2	3	1	4	10	0	5	0	10	2	1	8	7	5	9	16	349	64	9	537	16	21	20	6	30	55	93	52	9	12	9	55	22	20	38	17	10	0	7	8	11	17	14	11	20	1	9	6	0	15	0	36	10	12	2	10	8	42	18	4	5	11	3	1	2	17	13	6	2	13	10	10	17	6	18	27	14	11	10	8	9	1	0	3	4	11	1	1	13	5	36	10
Curtobacterium.122	2	0	9	4	31	26	95	128	6	8	76	25	53	19	16	18	18	20	11	10	6	16	5	2	0	0	0	0	1	1	0	0	2	0	2	0	3	6	1	0	9	1	0	0	0	4	0	2	14	0	9	10	13	6	0	5	3	0	0	11	4	92	86	8	3	6	2	10	7	12	0	9	13	9	14	10	78	17	10	7	18	0	0	0	0	14	11	1	7	0	13	1	0	1	1	0	5	0	8	1	14	0	8	17	6	9	5	5	192	60	8	444	19	16	18	8	41	53	92	52	23	17	7	50	17	9	14	14	2	0	6	2	14	9	14	15	14	6	11	4	0	11	0	31	20	6	9	15	9	22	27	2	4	8	5	4	2	13	9	3	6	7	3	6	17	11	11	15	7	7	8	1	8	1	0	8	7	7	0	0	23	13	19	10
Curtobacterium.123	0	0	0	0	0	0	0	0	0	0	0	0	1	0	0	0	0	0	0	0	0	0	0	0	0	0	0	0	0	0	0	0	0	0	0	0	0	0	0	0	0	0	0	0	0	0	0	0	0	0	0	0	0	0	0	0	0	0	0	0	0	0	0	0	0	0	0	0	0	0	0	0	0	0	0	0	0	0	0	0	0	0	0	0	0	0	0	0	0	0	0	0	0	0	0	0	0	0	0	0	0	0	0	0	0	0	0	0	1	0	0	0	0	2	1	0	0	1	0	0	0	0	0	1	0	0	0	1	0	0	0	0	0	0	0	0	0	0	0	0	0	0	0	0	0	0	0	0	0	0	0	0	0	0	0	0	0	0	0	0	0	0	1	0	0	0	0	0	0	0	0	0	0	0	0	0	0	0	0	0	0	0	0	0
Curtobacterium.124	11	0	52	24	61	48	1277	138	37	47	65	31	74	57	74	77	41	46	18	84	41	68	27	17	0	0	0	0	0	6	0	0	1	0	9	16	6	20	26	0	35	0	1	0	3	20	1	28	9	0	34	31	260	93	0	92	94	1	0	195	48	13	13	478	23	33	12	29	34	34	28	60	170	49	49	34	35	30	27	16	83	0	2	0	7	37	25	0	24	5	22	0	24	74	9	125	40	0	17	0	53	2	46	27	51	38	77	61	31	239	105	37	223	430	264	204	74	91	310	204	596	602	297	1755	230	71	252	119	45	0	86	159	137	109	57	156	97	34	51	32	0	197	7	309	39	38	43	54	197	746	90	102	29	39	22	9	32	86	67	13	28	51	37	56	149	45	223	93	48	54	69	36	115	93	0	412	35	51	3	1	58	27	47	73
Curtobacterium.125	11	0	19	5	49	44	67	139	15	14	74	29	210	194	31	27	25	12	203	401	123	528	5	6	0	0	0	0	2	4	0	0	4	0	3	5	2	8	8	0	20	0	0	0	0	11	1	13	11	0	18	5	36	27	0	30	10	1	0	51	7	28	17	149	7	12	7	20	13	25	14	28	39	10	20	11	133	88	37	11	21	0	0	0	0	14	89	1	11	2	4	1	15	121	0	209	20	0	9	1	22	1	7	13	23	9	17	20	393	207	21	310	111	223	85	89	601	258	328	349	566	378	299	453	108	154	384	118	15	0	10	96	20	36	46	25	37	10	12	18	0	33	3	72	12	15	16	26	48	111	40	13	11	8	2	3	16	23	26	13	6	14	4	11	314	95	110	107	145	60	91	46	19	7	0	30	43	73	4	10	121	19	65	78
Curtobacterium.126	12	0	57	19	125	63	119	135	27	32	211	31	71	67	49	49	38	24	28	78	26	68	22	6	0	0	0	0	9	2	0	0	3	0	1	8	4	12	17	0	22	24	5	0	11	18	0	10	18	1	20	19	50	48	0	49	6	1	1	53	1	163	92	682	15	18	6	19	35	53	25	61	55	20	27	35	23	12	12	3	7	1	0	1	3	34	18	0	19	4	3	2	8	18	6	36	16	0	21	1	26	4	3	14	40	15	42	50	103	46	49	368	144	347	124	119	50	57	104	105	683	591	387	667	63	56	85	55	23	0	30	144	41	62	55	40	51	15	19	23	0	15	3	22	23	22	23	41	72	172	73	28	18	13	10	5	17	65	45	13	17	26	24	25	79	33	52	61	130	68	119	59	81	24	0	282	38	95	8	8	36	26	62	46
Curtobacterium.127	8	0	44	12	60	41	605	91	33	48	61	27	38	64	55	65	32	26	32	47	22	61	29	11	0	0	0	0	2	6	0	0	0	0	4	10	6	14	10	0	32	2	1	0	0	28	1	21	7	0	42	32	193	63	0	56	81	3	0	155	46	10	10	323	12	16	13	23	27	25	21	66	132	35	39	28	20	15	20	11	58	0	1	1	3	37	13	2	25	4	9	1	18	59	7	97	41	0	16	2	41	5	29	19	38	35	55	61	22	168	87	24	177	308	194	152	62	43	251	113	394	391	200	1301	168	80	194	86	36	0	48	123	100	84	49	139	94	26	34	28	0	146	2	182	36	43	25	67	143	589	87	70	32	24	12	8	20	51	50	11	23	36	38	47	129	25	183	66	46	46	66	30	97	50	0	265	19	41	1	0	54	24	36	43
Curtobacterium.128	5	0	30	8	39	54	68	130	10	7	75	45	170	171	15	34	17	16	169	357	130	453	5	6	0	0	0	0	2	1	0	0	1	0	2	7	1	6	6	0	6	3	0	1	1	3	0	12	12	0	7	11	20	13	0	16	5	0	0	18	0	26	15	117	2	11	4	16	13	11	10	34	23	5	7	19	111	77	26	17	16	1	0	1	2	12	91	0	15	0	4	3	21	90	0	170	14	0	7	0	8	0	0	10	13	5	26	15	497	213	20	290	108	229	80	95	598	226	331	350	503	415	286	459	85	74	262	88	11	0	10	102	25	26	57	17	27	3	12	20	0	54	1	68	11	13	6	20	31	76	37	12	5	8	8	2	7	26	35	9	8	9	15	9	239	64	102	90	122	45	62	49	38	4	0	19	16	88	5	5	99	28	58	78
Curtobacterium.129	0	0	2	0	11	27	44	64	2	1	39	4	40	13	8	15	20	7	1	8	8	7	5	1	0	0	0	0	0	2	0	0	3	0	1	4	0	5	7	0	5	0	2	0	0	2	0	2	3	0	2	6	2	3	0	3	1	0	0	4	2	50	51	4	3	1	0	3	6	3	4	7	6	6	3	5	42	20	8	4	8	0	0	0	0	7	5	0	1	0	9	1	0	1	0	0	5	0	3	0	12	0	4	8	1	4	2	6	123	28	0	362	4	11	6	11	15	24	55	43	11	11	3	21	10	4	12	9	6	0	5	5	3	8	3	6	4	1	6	1	0	4	0	17	2	3	3	8	7	15	7	2	3	2	1	0	3	13	7	2	4	5	0	4	8	7	6	12	4	6	16	1	5	0	0	5	0	3	0	0	9	1	12	3
Curtobacterium.13	2	0	9	7	22	15	68	145	5	5	16	14	14	9	23	17	10	6	2	13	4	19	0	2	0	0	24	0	24	5	0	0	10	0	0	18	30	20	3	0	51	1	0	0	1	5	2	2	6	0	3	16	25	11	0	19	0	0	0	7	0	46	14	21	5	1	1	8	8	7	3	15	6	4	7	3	12	0	3	1	6	0	0	1	1	2	1	1	15	0	1	0	5	2	1	7	7	0	5	0	18	0	7	32	6	3	12	5	5	13	4	5	19	41	38	14	6	53	11	83	7	4	0	14	14	6	19	17	4	0	3	5	4	7	12	7	7	1	7	4	0	11	0	3	5	4	6	7	15	23	5	5	7	3	2	2	2	12	20	13	5	2	3	10	52	12	91	12	17	9	14	1	5	6	0	131	4	3	1	1	7	9	9	6
Curtobacterium.130	4	0	14	8	31	17	40	131	3	10	10	26	11	10	62	47	15	3	1	30	18	12	3	4	0	0	17	0	16	4	0	0	9	0	2	34	27	13	8	0	54	4	0	0	0	11	3	3	6	0	4	22	32	15	0	4	4	0	0	14	3	26	21	26	3	6	5	7	6	4	4	15	13	5	7	5	29	1	11	0	1	0	1	2	0	5	2	0	16	0	3	2	1	8	1	11	16	0	6	0	22	2	12	52	5	5	16	18	27	74	4	13	28	84	74	22	11	103	23	143	7	14	1	9	12	9	17	19	3	0	11	2	15	12	11	8	10	2	6	11	0	5	0	4	7	3	5	6	13	16	8	3	4	5	1	1	1	15	20	18	3	8	2	9	19	13	38	10	12	10	7	4	4	4	0	88	6	5	2	2	9	11	12	8
Curtobacterium.131	7	0	26	8	43	39	52	133	10	16	71	39	172	184	18	40	24	17	164	379	127	512	9	3	0	0	0	0	0	0	0	0	0	0	1	7	3	3	10	0	8	0	0	0	1	4	0	18	16	0	10	8	26	19	0	21	8	0	0	19	2	24	17	141	5	10	2	11	19	19	11	42	19	10	19	11	136	85	27	18	19	0	0	0	2	17	91	0	13	0	4	2	13	104	2	199	8	1	3	0	10	1	3	5	23	8	14	11	467	190	21	299	93	241	81	105	537	303	353	356	526	456	313	495	105	116	429	116	13	0	9	100	16	29	56	22	28	13	17	13	0	47	2	58	12	11	12	17	45	85	32	11	12	4	10	4	17	34	32	9	3	12	5	16	299	77	98	115	125	53	94	43	26	5	0	36	35	99	4	7	103	23	70	78
Curtobacterium.132	2	0	3	3	25	8	40	99	9	7	14	14	13	10	46	46	16	10	3	22	7	23	2	3	0	0	14	0	11	8	0	0	8	0	0	31	23	8	1	0	36	8	0	0	0	5	1	1	3	0	10	18	39	5	0	5	0	0	0	6	0	13	10	12	2	1	3	4	4	5	5	11	13	7	3	7	16	4	9	5	2	0	0	0	1	5	5	0	7	0	2	0	2	2	2	5	18	0	9	0	18	0	4	59	9	1	14	7	24	67	1	16	28	69	64	29	9	84	28	140	6	6	1	17	24	14	25	15	12	0	6	5	15	9	14	7	16	2	8	2	1	11	0	7	5	4	5	7	10	20	5	0	8	3	5	3	5	13	14	20	2	6	2	2	25	6	35	11	25	0	3	8	1	2	0	70	2	4	0	0	4	8	12	7
Curtobacterium.133	5	0	158	120	75	41	84	101	37	60	40	36	33	36	154	94	19	32	16	59	19	49	53	5	0	0	0	0	1	4	0	0	1	0	4	3	3	28	67	0	68	6	1	0	2	20	3	13	2	0	18	8	94	43	0	60	8	1	0	67	6	18	3	83	30	21	15	36	34	21	26	64	262	155	189	229	89	0	13	2	9	1	1	0	3	19	2	0	184	1	5	3	9	1	1	2	34	0	25	0	38	0	12	51	69	23	187	63	15	15	11	449	116	149	225	53	13	68	53	71	28	29	20	86	53	97	113	53	32	0	50	31	146	86	231	69	256	34	410	175	0	35	1	67	32	41	27	46	122	108	30	21	15	27	12	10	14	60	66	17	20	28	15	31	39	22	40	68	609	293	493	43	24	0	0	41	59	41	2	4	29	30	30	108
Curtobacterium.134	5	0	18	12	59	42	71	158	14	15	58	16	41	35	48	22	15	36	16	239	11	82	12	11	0	0	0	0	3	10	0	0	23	0	2	3	4	23	2	0	21	1	1	0	2	11	0	8	35	0	14	9	19	25	0	17	12	0	0	24	3	361	375	40	8	14	4	8	24	27	16	25	48	10	12	11	40	21	8	5	7	0	1	0	5	23	8	0	3	2	8	0	2	3	5	3	9	0	7	0	21	1	4	10	13	11	30	29	57	69	47	700	61	102	41	44	32	29	66	80	185	193	91	200	30	42	54	26	10	0	14	43	34	31	21	26	29	12	19	13	0	27	0	57	12	20	15	17	195	149	187	51	17	4	13	3	7	45	30	4	10	24	12	18	40	30	57	38	42	18	41	15	13	0	0	21	18	26	0	4	16	7	49	21
Curtobacterium.135	4	0	34	12	49	54	78	187	12	24	88	44	223	195	31	31	26	22	171	382	132	477	7	3	0	0	0	0	1	3	0	0	1	0	2	5	9	11	7	0	21	2	1	0	0	3	0	11	23	0	10	1	36	24	0	21	5	1	0	29	5	42	23	141	7	7	6	11	9	18	11	23	38	14	17	13	116	87	13	15	8	0	1	0	0	10	131	0	20	0	6	0	13	119	0	168	8	0	9	0	11	2	4	9	21	11	24	25	704	207	22	348	100	269	75	101	728	280	370	415	526	449	325	478	103	98	296	93	8	0	15	101	33	38	45	17	44	4	20	14	0	37	5	52	13	22	21	23	33	109	41	10	11	6	9	2	16	29	24	13	10	22	16	14	283	90	102	105	157	55	92	36	31	6	0	52	31	86	3	10	126	17	81	88
Curtobacterium.136	5	0	36	21	99	81	93	231	13	18	75	30	43	54	80	73	115	45	29	79	32	64	11	12	0	0	2	0	5	0	0	0	0	0	2	7	3	9	7	0	37	4	1	0	0	4	1	9	18	1	12	6	36	25	0	26	4	1	0	35	6	62	55	307	7	11	8	15	26	19	13	41	33	7	10	18	28	15	9	5	7	0	0	0	1	23	17	0	9	2	6	3	25	20	4	22	18	0	3	0	12	1	8	7	21	14	35	21	288	200	79	621	69	159	73	61	107	121	318	351	404	287	231	335	196	194	357	147	10	0	19	76	135	190	77	119	43	2	17	15	0	16	0	27	24	12	9	23	38	104	37	9	16	9	4	2	6	27	37	15	12	7	13	13	229	63	67	67	114	47	54	50	178	45	0	147	21	73	0	3	97	39	183	115
Curtobacterium.137	1	0	21	2	33	46	93	148	6	10	80	20	65	31	15	18	27	29	5	20	10	12	4	8	0	0	0	0	3	3	0	0	6	0	2	2	0	5	1	0	7	4	0	0	0	3	0	5	11	0	10	6	12	11	0	15	2	0	1	6	2	83	73	13	4	6	6	11	3	11	9	23	16	1	1	4	96	26	16	5	20	0	1	0	0	6	5	0	6	2	21	1	1	4	0	6	5	0	4	0	15	1	2	9	14	12	11	14	202	82	19	609	22	33	25	15	34	48	128	49	14	18	11	54	10	8	19	23	7	0	8	4	17	12	11	18	15	9	9	7	0	13	0	46	10	10	9	5	17	42	21	7	6	6	0	1	4	23	18	3	9	9	5	10	14	7	7	16	12	6	13	5	8	1	0	9	11	13	1	0	14	6	30	13
Curtobacterium.138	5	0	51	13	72	63	209	114	24	19	32	26	45	27	107	110	70	23	21	69	30	51	16	26	0	0	89	0	2	3	0	0	6	0	4	9	2	15	6	0	36	2	0	0	0	16	1	16	3	0	33	19	186	40	0	45	19	1	0	40	3	29	83	58	9	13	7	52	32	33	11	56	73	22	21	35	23	4	2	3	10	2	0	0	3	17	83	1	70	2	22	1	5	7	4	5	28	0	16	0	42	17	29	28	54	19	35	46	12	26	20	59	117	394	182	71	668	2808	863	5695	24	22	35	86	40	124	413	192	36	0	51	25	124	109	196	130	51	16	38	15	1	124	1	85	25	13	28	53	53	116	37	22	20	23	18	7	19	57	42	7	20	23	19	30	129	43	112	77	512	196	366	24	26	0	0	101	78	57	0	4	76	76	214	423
Curtobacterium.139	3	0	27	16	59	62	65	136	10	13	100	47	225	206	29	35	24	29	177	394	150	499	12	6	0	0	1	0	5	1	0	0	2	0	1	5	2	11	9	0	15	6	1	0	0	6	0	7	20	0	13	5	42	14	0	16	1	0	0	21	2	25	8	140	5	8	2	8	21	19	17	34	34	13	25	17	119	75	21	21	19	1	0	1	3	22	99	0	4	0	3	1	11	139	4	216	18	0	5	0	13	1	5	8	16	4	21	17	465	261	28	347	125	252	115	120	736	251	384	404	598	494	318	507	95	129	349	109	11	0	16	108	23	24	49	27	36	13	17	10	0	41	1	65	20	10	9	16	44	113	38	14	6	3	7	1	13	25	22	10	9	10	16	13	275	83	111	111	166	49	70	53	27	8	0	27	29	66	4	6	111	22	66	70
Curtobacterium.14	0	0	7	3	11	13	36	79	7	11	14	11	9	4	11	11	6	6	5	47	13	10	3	3	0	0	10	0	9	1	0	0	4	0	0	29	17	9	4	0	31	2	0	0	1	4	0	4	2	0	4	3	12	8	0	8	1	0	0	3	1	9	11	21	2	3	1	3	6	2	7	16	15	1	6	8	8	0	2	0	0	1	0	0	0	3	1	0	4	0	5	0	1	0	2	2	8	1	5	0	12	0	1	13	4	4	7	6	5	12	1	4	13	25	29	16	6	48	15	59	4	3	3	4	9	8	12	18	3	0	7	2	4	4	11	5	13	7	10	5	0	3	0	2	2	6	4	11	10	34	4	5	7	4	2	6	0	15	10	10	6	4	5	4	12	8	12	12	23	7	11	8	5	2	0	45	3	9	0	0	10	5	8	7
Curtobacterium.140	0	0	9	2	45	34	111	184	6	10	98	21	68	42	14	23	32	20	4	18	9	7	10	4	0	0	3	0	0	8	0	0	11	0	0	1	2	1	4	0	10	0	0	0	0	8	1	4	10	0	7	7	4	17	0	13	1	1	0	13	3	86	108	12	3	4	2	7	9	9	10	15	9	4	8	8	105	40	19	6	31	0	0	1	0	13	9	0	5	2	8	1	3	5	0	1	10	0	4	0	17	1	2	15	10	5	13	12	194	85	15	564	10	23	20	12	46	43	116	64	18	15	7	57	15	15	21	19	7	0	12	9	11	12	8	12	14	11	3	6	0	18	0	33	12	11	7	12	21	45	23	3	6	7	3	8	3	19	9	2	11	8	2	6	29	13	16	11	7	11	11	4	5	0	0	10	5	1	0	1	17	14	29	10
Curtobacterium.141	13	0	33	15	89	75	90	309	13	11	100	29	45	47	94	76	124	39	30	107	44	74	14	1	0	0	0	0	4	4	0	0	1	0	3	9	8	4	7	0	51	0	1	0	2	2	0	4	15	0	11	5	49	23	0	26	1	0	0	35	3	104	77	431	4	6	3	10	19	30	11	29	23	5	18	16	33	17	5	1	4	0	0	0	2	14	15	0	11	0	3	0	30	29	0	30	11	1	3	0	9	2	5	2	19	7	35	14	403	273	119	1080	80	204	60	65	111	135	406	421	417	359	245	390	196	204	406	124	21	0	13	68	127	207	81	131	35	12	15	15	0	8	0	20	16	10	6	24	32	102	36	10	12	12	12	1	15	35	26	16	9	14	9	21	290	72	64	91	99	50	56	52	216	46	0	180	32	45	4	4	104	54	189	139
Curtobacterium.142	0	0	0	1	1	4	8	14	0	2	7	4	5	2	2	1	4	2	0	7	4	0	1	1	0	0	0	0	0	1	0	0	0	0	0	0	0	0	0	0	2	0	0	0	0	1	0	0	1	0	1	3	2	0	0	0	0	0	0	0	0	16	7	5	0	1	0	0	0	1	0	0	1	1	1	1	12	6	2	0	0	0	0	0	0	2	1	0	1	0	2	0	0	0	0	3	0	0	2	0	4	1	2	3	0	0	0	0	14	1	0	53	1	6	7	3	10	11	7	34	12	5	4	25	5	3	11	6	0	0	2	1	2	7	5	4	5	0	1	1	0	1	0	4	1	1	1	0	1	3	1	0	0	0	0	0	2	0	0	0	0	0	1	0	6	3	4	4	1	3	4	1	0	0	0	1	0	0	0	0	8	2	19	6
Curtobacterium.143	3	0	39	18	95	61	92	219	10	11	73	19	37	32	85	57	94	31	20	71	30	56	5	3	0	0	0	0	2	3	0	0	0	0	2	5	3	8	5	0	20	1	0	0	2	4	0	5	13	1	13	5	24	11	0	17	3	0	0	11	2	63	54	249	6	7	0	13	12	22	9	15	40	11	16	20	28	16	7	3	0	1	1	0	1	17	20	0	16	1	2	1	16	18	2	22	14	0	5	0	18	2	10	6	15	11	23	16	266	198	103	558	74	151	45	61	84	106	275	311	302	260	148	331	191	179	305	110	7	0	12	55	111	150	70	137	30	5	19	13	0	8	0	21	7	17	9	12	54	98	51	8	7	6	8	2	7	24	18	4	5	13	10	12	277	69	119	75	82	40	44	44	166	44	0	156	33	63	3	5	97	31	169	105
Curtobacterium.144	3	0	16	8	87	45	76	197	3	11	50	17	32	28	43	51	93	30	18	78	30	52	5	1	0	0	0	0	2	0	0	0	0	0	1	4	3	4	1	0	27	7	2	0	0	3	0	5	5	0	4	3	24	11	0	12	1	1	0	14	3	57	40	261	2	11	5	9	10	12	6	16	18	5	15	6	17	14	10	4	7	0	0	0	0	13	26	0	10	1	3	0	21	19	3	21	7	0	2	0	7	0	7	3	20	9	32	11	207	137	99	513	63	127	44	55	89	90	305	344	247	237	145	251	160	151	264	80	12	0	9	70	91	152	62	93	18	6	10	11	2	9	1	15	9	10	6	20	26	76	27	10	14	6	6	2	4	23	24	4	6	11	15	12	182	54	49	48	68	27	48	34	127	41	0	134	13	29	2	8	82	32	141	77
Curtobacterium.145	1	0	8	3	28	19	37	103	6	2	15	36	17	11	15	26	10	13	2	28	6	9	3	3	0	0	27	0	14	6	0	0	8	0	1	20	28	9	4	0	52	5	0	0	1	3	0	4	5	1	3	12	39	4	0	5	3	1	0	6	1	24	31	24	3	4	2	8	6	5	2	10	9	4	5	7	27	3	17	0	1	0	0	0	1	6	6	0	19	0	3	0	4	7	3	9	23	0	7	0	26	3	8	57	1	1	12	12	11	134	2	16	31	71	68	24	7	116	35	152	6	5	6	12	12	9	20	28	8	0	7	0	12	17	24	11	15	3	4	10	0	4	0	10	4	2	2	7	12	19	6	3	4	3	4	3	3	15	20	16	3	7	4	7	21	12	35	15	16	10	13	4	6	2	0	77	1	4	0	0	12	8	15	8
Curtobacterium.146	4	0	10	1	37	27	92	169	7	13	86	17	56	23	17	17	26	26	2	6	6	12	2	2	0	0	0	0	2	2	0	0	5	0	0	1	2	7	10	0	16	0	0	0	0	9	0	2	10	0	7	2	16	15	0	15	2	0	1	9	0	71	82	6	5	7	2	8	13	6	13	19	26	6	12	5	102	36	12	11	17	0	0	0	0	3	2	0	4	0	9	0	4	3	0	1	6	0	7	0	18	0	4	13	12	5	15	15	220	166	15	554	17	27	16	8	40	41	105	57	13	13	11	55	17	16	17	18	6	0	11	5	10	6	10	13	14	6	11	7	0	16	1	30	9	12	12	10	22	38	16	5	5	7	6	0	3	16	18	5	5	8	7	8	20	9	8	25	12	10	12	5	6	0	0	8	6	13	1	1	10	9	17	12
Curtobacterium.147	0	0	6	0	5	0	11	11	1	1	2	1	3	4	1	2	1	0	1	6	4	0	3	2	0	0	0	0	0	2	0	0	0	0	0	1	0	0	0	0	1	0	0	0	0	1	0	0	0	0	3	1	2	1	0	2	1	0	0	2	1	0	2	2	0	3	0	1	1	0	2	4	5	2	0	3	0	0	0	0	0	0	0	1	0	0	3	0	0	0	0	0	1	1	0	0	1	0	0	0	2	0	0	7	4	2	2	2	3	2	0	6	7	2	3	3	6	14	7	37	3	2	0	5	1	4	9	5	1	0	2	0	5	7	6	4	3	1	3	1	0	1	0	2	1	1	1	2	3	9	6	0	1	1	0	0	0	3	2	0	1	0	1	0	5	2	0	3	13	6	15	4	1	0	0	1	2	1	0	0	1	3	5	5
Curtobacterium.148	1	0	63	15	52	67	151	69	15	18	23	22	31	20	69	75	66	27	21	59	37	37	15	23	0	0	61	0	3	2	0	0	2	0	2	12	6	16	10	0	20	4	1	0	0	12	1	14	2	1	15	11	153	27	0	31	4	1	1	32	2	28	63	46	12	12	3	28	19	19	12	40	58	23	21	30	13	2	2	1	7	0	1	0	0	7	72	1	55	0	23	1	6	3	1	10	29	1	6	2	17	10	15	22	46	15	25	41	10	30	18	47	79	340	164	41	633	2366	725	4654	41	24	32	76	42	93	381	156	22	0	37	19	132	77	187	94	58	8	17	17	0	97	0	61	22	8	17	24	43	54	21	15	13	9	10	6	25	67	23	13	12	17	14	14	142	31	71	51	425	144	296	29	14	0	0	95	70	35	2	1	76	74	212	398
Curtobacterium.149	0	0	0	0	0	0	0	1	0	0	0	0	1	0	0	1	0	0	1	0	1	0	0	0	0	0	0	0	1	0	0	0	0	0	0	1	0	0	0	0	0	0	0	0	0	0	0	0	0	0	0	0	0	0	0	1	0	0	0	2	0	0	0	0	0	0	0	0	0	0	0	0	0	0	0	0	0	0	0	0	0	0	0	0	0	0	1	0	2	1	0	0	0	0	0	0	0	0	0	0	0	0	0	0	0	0	0	0	0	0	0	0	0	0	1	0	1	10	3	14	1	0	0	3	6	1	3	5	0	0	0	0	2	3	0	1	0	0	0	0	0	0	0	1	1	0	0	0	0	0	0	0	0	0	0	0	0	0	0	0	0	1	0	0	0	0	0	1	3	1	2	0	0	0	0	0	0	0	0	0	1	0	2	2
Curtobacterium.15	0	0	11	4	5	12	21	52	4	10	8	7	8	9	7	11	3	2	52	1643	536	238	7	4	0	0	5	0	3	0	0	0	0	0	1	6	0	1	6	0	593	1	2	0	0	3	0	2	0	0	7	2	10	10	0	7	3	0	1	5	2	1	6	3	6	6	4	8	18	9	2	20	13	8	3	10	1	2	0	0	2	0	0	0	1	3	0	0	2	0	0	0	1	2	0	1	16	0	7	0	6	0	1	3	7	4	10	20	3	3	1	9	14	20	8	11	4	11	8	11	2	5	5	17	10	14	26	20	10	0	10	2	12	22	35	30	13	4	2	3	0	2	0	3	11	4	6	13	15	29	9	4	7	8	5	1	0	59	27	20	13	6	6	8	12	5	62	13	8	4	16	4	0	0	0	5	6	9	0	1	14	6	7	18
Curtobacterium.150	4	0	21	10	107	79	103	243	17	18	76	32	37	43	104	62	122	36	26	91	44	71	6	5	0	0	0	0	5	2	0	0	0	0	0	6	4	9	3	0	47	4	4	0	0	3	0	6	19	1	6	4	41	29	0	26	6	1	0	18	3	110	66	349	3	20	2	10	23	26	12	29	42	5	14	16	37	13	8	7	7	0	0	0	3	25	14	0	15	1	3	0	26	35	1	42	6	0	2	0	12	0	6	4	21	6	42	20	304	214	105	660	58	199	56	90	88	125	342	408	380	350	216	331	213	221	341	166	8	0	14	94	160	246	96	144	29	3	21	7	1	13	2	22	17	13	6	13	40	113	26	13	9	13	9	1	18	21	28	10	3	11	12	13	267	69	78	89	94	37	52	51	187	59	0	191	27	62	5	9	101	40	222	119
Curtobacterium.151	5	0	10	4	15	20	41	106	9	3	17	25	12	11	38	36	18	15	2	24	17	19	4	4	0	0	22	0	9	6	0	0	5	0	0	27	29	7	2	0	47	7	0	0	1	4	0	3	5	0	7	12	38	7	0	8	1	0	0	6	4	13	13	14	0	1	1	4	5	3	4	9	8	6	10	2	24	1	6	2	3	1	0	0	0	3	3	0	14	0	3	0	5	7	2	7	18	0	6	0	14	4	10	49	9	3	11	16	12	904	14	12	34	63	78	22	10	86	25	145	3	2	3	12	26	17	28	12	4	0	3	5	17	4	13	3	9	3	2	2	0	7	0	4	8	4	4	5	16	16	5	2	7	5	3	1	3	12	13	11	1	5	1	5	23	14	33	22	13	4	13	5	4	4	0	68	3	8	0	2	11	4	13	13
Curtobacterium.152	10	0	28	20	107	78	73	263	9	13	57	31	41	38	77	59	86	29	18	71	21	46	6	6	0	0	1	0	3	3	0	0	0	0	2	9	3	15	4	0	38	4	0	0	1	4	0	8	10	0	9	9	38	10	0	8	1	1	0	15	3	69	56	326	6	5	3	13	15	19	6	25	22	7	9	14	18	18	5	2	8	0	0	0	2	22	14	0	14	0	6	1	20	21	0	23	8	1	3	0	13	0	2	8	12	14	33	24	293	197	118	665	72	138	46	56	99	127	318	354	296	294	197	244	184	204	326	112	11	0	15	71	134	185	79	135	31	10	17	17	1	7	0	8	10	8	12	15	42	76	32	12	6	11	3	0	5	16	16	6	8	13	10	13	263	65	66	46	94	40	42	38	179	43	0	151	32	44	0	3	81	35	190	112
Curtobacterium.153	4	0	14	0	43	35	102	196	10	4	90	24	48	26	19	22	27	13	5	16	5	12	4	4	0	0	0	0	1	3	0	0	6	0	0	2	2	4	4	0	13	0	0	0	0	3	0	6	13	0	11	5	12	19	0	11	6	1	0	15	1	90	86	7	4	2	1	2	10	6	9	16	12	8	9	2	89	32	21	11	24	1	1	0	0	7	6	0	10	2	20	0	1	7	0	2	13	1	3	0	10	2	5	12	6	2	11	10	176	72	18	628	17	39	11	16	37	49	114	59	18	26	10	47	11	21	19	18	5	0	19	7	8	16	18	9	18	10	14	4	0	19	0	18	5	9	4	11	27	42	21	2	3	3	4	1	1	17	12	8	8	5	12	8	16	5	21	13	6	11	9	9	12	0	0	8	0	6	0	0	8	8	33	13
Curtobacterium.154	31	0	156	161	931	319	2153	1520	121	477	238	89	326	431	258	216	235	239	54	233	54	162	168	49	0	0	1	0	3	15	0	0	3	0	11	31	24	76	141	0	340	3	3	0	1	50	1	50	31	2	74	55	43	139	0	167	37	0	3	180	19	260	229	68	46	65	43	99	80	99	93	221	1407	311	182	272	71	4	16	4	113	6	2	1	11	133	166	2	46	13	8	1	64	5	6	13	107	0	72	2	78	11	16	65	383	214	1249	429	568	489	915	2994	570	1521	553	829	1203	1311	703	1913	44	76	100	137	559	844	2999	756	371	0	515	141	1459	3271	537	1479	1015	214	277	239	0	371	28	380	93	112	84	141	405	472	337	70	67	68	45	30	74	279	158	64	130	212	143	201	717	333	1190	561	302	278	454	247	68	18	0	121	126	159	30	56	639	156	1225	1364
Curtobacterium.155	2	0	13	9	16	20	35	27	7	9	13	9	13	11	14	23	9	11	3	17	7	17	9	1	0	0	0	0	3	1	0	0	0	0	3	2	2	4	8	0	22	0	0	0	1	73	1	9	7	0	39	97	73	21	0	20	1	0	1	15	1	7	5	22	5	4	3	9	11	5	7	14	25	9	15	7	477	30	136	29	5	0	2	2	1	7	42	2	21	3	43	1	5	43	2	52	100	0	62	0	273	8	54	125	13	9	14	15	39	84	8	137	62	421	303	47	342	1758	204	794	28	22	10	72	20	13	27	18	13	0	9	10	15	15	21	11	19	9	11	8	1	14	1	27	6	9	8	21	23	40	31	4	4	8	9	7	23	8	21	5	6	13	7	13	20	10	24	30	11	8	16	7	1	1	0	17	5	10	1	0	27	6	21	12
Curtobacterium.156	3	0	55	16	73	58	438	116	30	45	57	35	61	56	59	69	50	34	29	68	30	64	20	26	0	0	0	0	3	2	0	0	3	0	5	14	4	16	16	0	45	1	1	0	0	16	3	24	12	0	49	33	131	80	0	86	101	4	0	160	54	6	16	196	25	28	14	25	28	21	19	68	143	36	53	47	16	9	20	6	43	1	1	1	3	30	20	0	27	5	8	1	17	55	9	105	57	1	17	1	48	3	39	23	46	39	61	62	30	202	172	31	227	449	254	176	76	57	267	144	499	491	224	1462	206	83	317	130	41	0	58	126	120	111	52	131	73	31	37	32	0	133	5	193	56	47	44	84	182	722	55	94	28	22	23	16	26	69	69	16	25	43	37	61	119	43	196	103	72	65	72	35	52	33	0	142	27	39	4	0	49	33	51	58
Curtobacterium.157	0	0	3	1	11	9	23	51	0	2	28	13	8	13	18	2	4	9	4	9	7	3	2	1	0	0	0	0	2	2	0	0	3	0	0	1	0	5	0	0	7	0	0	0	1	3	0	0	20	0	7	8	3	3	0	1	0	0	0	5	1	129	133	7	0	1	0	2	4	2	0	6	6	1	2	6	23	7	5	1	1	0	0	1	0	13	3	0	1	0	3	0	0	1	1	2	9	0	4	0	25	0	5	0	4	0	5	8	24	19	10	212	8	25	17	6	11	41	20	45	11	11	12	72	22	14	21	15	2	0	4	5	6	12	10	9	5	2	4	0	0	13	0	22	5	4	0	4	5	13	16	1	2	2	0	0	1	22	6	1	4	2	2	0	13	5	8	11	0	4	3	1	8	0	0	12	2	2	1	1	22	8	32	7
Curtobacterium.158	7	0	41	11	57	37	253	87	38	18	36	36	46	50	47	52	26	37	16	54	20	45	16	13	0	0	0	0	1	0	0	0	0	0	2	11	0	10	12	0	28	0	1	0	2	12	0	22	4	0	27	22	81	50	0	51	56	0	0	93	34	6	9	125	18	19	23	20	31	22	35	75	84	23	49	37	10	11	12	1	27	2	0	0	2	20	13	0	14	1	5	1	19	45	4	56	35	0	18	0	27	2	20	20	39	22	29	48	18	113	89	27	109	274	175	108	55	39	182	87	295	297	137	896	141	46	179	67	31	0	41	66	81	49	33	75	55	16	22	16	1	105	0	109	30	23	22	60	116	465	44	63	19	20	12	11	16	42	60	9	29	21	31	35	77	26	120	54	33	39	36	19	38	26	0	102	12	37	1	1	45	19	13	31
Curtobacterium.159	0	0	0	0	0	0	0	0	0	0	0	0	0	0	0	0	0	0	0	0	0	0	0	0	0	0	0	0	0	0	0	0	0	0	0	0	0	0	0	0	0	0	0	0	0	0	0	0	0	0	0	0	0	0	0	0	0	0	0	0	0	0	0	0	0	0	0	0	0	0	0	0	0	0	0	0	1	0	0	0	0	0	0	0	0	0	0	0	0	0	0	0	0	0	0	0	0	0	0	0	0	0	0	0	0	0	0	0	0	1	1	0	0	0	0	0	0	0	0	0	0	0	0	0	0	0	0	0	0	0	0	0	0	0	0	0	0	0	0	0	0	0	0	0	0	0	0	0	0	1	0	0	0	0	0	0	0	0	0	0	0	0	0	0	0	0	0	0	0	0	0	0	0	0	0	0	0	0	0	0	0	0	1	0
Curtobacterium.16	3	0	7	3	18	20	42	165	4	1	16	56	12	15	9	13	3	4	2	17	6	12	3	5	0	0	1	0	10	7	0	0	10	0	0	7	79	2	3	0	12	3	0	0	0	5	6	1	0	0	5	9	18	6	0	5	1	1	0	4	0	15	9	3	3	0	5	8	8	5	5	22	6	4	4	6	29	1	10	3	4	1	0	1	0	3	2	0	16	0	7	0	2	7	3	4	16	0	10	0	22	0	10	54	7	3	4	4	2	11	0	8	23	79	74	24	8	106	33	164	4	0	3	10	13	4	6	10	8	0	6	5	7	12	4	5	7	3	2	2	0	13	0	4	3	9	8	5	17	14	4	3	1	7	2	1	2	18	26	12	1	2	2	1	11	5	14	2	11	5	5	5	2	0	0	17	2	9	0	0	3	3	17	6
Curtobacterium.160	7	0	159	121	89	28	80	67	46	54	34	24	31	25	167	69	25	20	19	48	27	37	38	11	0	0	3	0	5	6	0	0	2	0	1	4	3	10	63	0	52	2	0	0	2	10	0	12	0	2	14	11	85	43	0	35	10	0	0	33	1	14	9	101	10	26	11	15	24	30	23	54	309	141	193	231	80	0	10	0	8	0	1	0	3	20	5	0	167	1	7	3	5	5	4	0	31	2	15	1	27	3	7	68	72	16	157	57	18	16	19	369	121	152	194	58	14	58	49	67	25	34	22	74	50	97	121	53	42	0	40	31	245	103	242	52	259	32	389	164	1	40	2	70	17	28	23	34	115	111	38	10	19	16	11	14	12	70	56	22	12	16	21	23	22	16	27	65	689	300	482	38	20	0	0	35	67	46	3	1	42	12	34	75
Curtobacterium.161	3	0	8	2	38	32	94	157	8	9	76	13	48	35	18	12	28	28	9	17	3	14	2	3	0	0	0	0	2	3	0	0	4	0	0	1	0	2	3	0	7	0	0	0	0	2	0	4	12	0	9	13	6	10	0	9	1	1	0	10	4	76	73	9	2	3	6	7	6	5	8	18	17	4	15	10	76	35	11	11	22	0	0	1	2	9	6	0	10	0	12	0	2	3	1	0	7	0	3	0	11	0	3	11	7	5	11	9	188	70	13	774	19	19	31	12	35	70	88	77	21	24	11	57	10	14	25	11	12	0	12	7	14	11	17	11	11	2	4	2	0	18	1	26	7	8	1	17	17	34	17	3	4	3	7	2	2	19	18	4	7	12	14	8	14	11	7	27	8	12	14	7	8	1	0	6	6	9	0	0	15	10	28	6
Curtobacterium.162	2	0	43	16	36	32	139	87	23	18	48	30	33	41	166	109	57	41	24	66	28	39	12	21	0	0	4	0	0	2	0	0	1	0	1	6	4	16	6	0	14	0	1	1	1	22	0	8	6	0	24	23	16	41	0	40	14	1	0	44	5	9	31	15	15	26	8	21	25	23	19	55	351	26	32	49	78	3	4	12	10	2	1	0	2	26	26	0	22	3	0	3	5	3	7	8	36	0	10	4	36	0	19	52	27	36	51	117	40	17	51	562	177	430	216	79	193	380	295	620	22	22	15	63	60	48	96	56	32	0	48	21	66	61	121	52	61	18	31	20	0	13	1	23	24	32	31	41	44	134	35	17	22	14	14	2	19	50	47	7	14	24	28	35	43	16	35	68	57	45	88	26	9	0	0	67	26	35	5	3	32	20	17	45
Curtobacterium.163	4	0	31	9	30	47	151	145	11	19	29	23	24	24	50	51	18	14	15	82	49	39	9	8	0	0	10	0	20	1	0	0	1	0	2	9	2	19	12	0	486	1	0	0	0	8	0	8	3	0	18	15	14	27	0	31	8	0	1	38	4	69	46	171	10	18	5	16	17	21	17	40	45	24	15	25	16	1	4	2	6	0	0	1	2	136	7	0	14	0	2	1	9	5	2	3	17	0	11	0	28	2	9	12	13	21	30	27	12	9	3	34	23	69	34	35	33	83	55	699	32	29	28	113	67	41	113	50	13	0	25	20	32	41	51	79	35	14	17	13	1	16	2	25	14	20	12	28	36	56	73	8	13	4	16	4	5	31	37	12	12	11	24	20	59	22	34	29	30	19	34	22	13	7	0	71	12	23	1	5	451	43	2474	90
Curtobacterium.164	1	0	4	1	29	25	77	122	5	7	54	16	42	22	16	9	23	16	6	11	7	13	8	4	0	0	0	0	0	1	0	0	4	0	0	4	1	3	0	0	10	0	0	0	0	2	0	3	7	0	1	5	9	10	0	12	0	0	0	14	3	66	73	5	5	5	3	8	3	2	8	18	12	8	6	9	72	27	16	7	16	0	0	0	1	2	4	0	8	0	20	0	1	0	2	1	7	0	8	0	11	1	1	7	6	10	4	10	279	51	5	514	7	14	13	13	30	37	69	38	11	10	8	39	16	6	17	9	2	0	8	4	12	12	4	9	13	4	8	2	0	15	0	20	4	11	1	3	8	23	20	3	5	8	4	1	1	13	8	3	8	8	2	9	7	4	15	11	13	10	11	6	5	0	0	2	9	7	0	0	13	4	19	8
Curtobacterium.165	1	0	18	2	30	23	68	99	7	2	63	13	52	34	14	19	24	11	5	7	9	11	5	1	0	0	1	0	2	3	0	0	3	0	1	0	1	7	2	0	10	0	0	0	0	2	0	2	6	0	11	6	11	11	0	6	6	0	0	12	1	69	64	11	6	6	3	4	7	5	9	22	9	5	2	8	52	18	7	5	11	0	0	0	0	6	10	1	9	1	11	1	1	2	1	0	7	0	4	0	10	1	4	12	6	9	10	7	178	44	12	875	11	16	18	11	24	38	70	45	16	8	5	35	8	7	11	12	4	0	13	7	7	7	8	5	17	8	5	7	0	10	0	29	4	10	5	10	13	33	14	3	3	6	4	2	1	19	7	3	2	8	5	6	9	3	12	7	15	6	15	1	9	0	0	8	5	8	0	0	9	7	15	9
Curtobacterium.166	14	0	75	21	176	65	140	212	20	39	272	42	68	61	41	48	39	18	27	104	32	94	11	7	0	0	3	0	4	5	0	0	3	0	7	29	6	26	19	0	34	28	6	0	14	11	0	8	51	0	22	14	52	45	0	38	8	2	2	54	3	241	149	1062	14	11	9	30	36	58	16	42	73	21	22	31	51	14	10	4	8	0	0	1	2	53	17	0	13	2	1	0	14	13	5	24	32	0	15	0	27	4	11	12	31	22	42	47	106	30	57	813	145	402	130	182	77	74	138	104	908	759	516	858	76	76	93	67	31	0	40	167	59	78	70	77	47	16	29	28	0	16	1	24	44	34	13	45	89	223	84	24	23	20	14	5	19	125	57	27	13	21	25	22	79	31	62	65	210	115	105	74	84	49	0	434	49	145	7	13	52	17	68	62
Curtobacterium.167	9	0	44	17	163	101	125	381	13	25	114	45	66	61	74	67	91	35	35	116	36	108	16	11	0	0	0	0	1	1	0	0	1	0	1	8	2	11	7	0	28	4	2	0	0	14	2	9	21	0	26	13	35	41	0	26	6	0	1	37	5	101	53	287	10	10	6	23	22	43	24	37	46	13	19	21	46	24	8	2	1	2	1	0	3	27	24	0	15	3	4	0	29	37	1	66	17	0	2	0	17	4	7	14	23	23	35	37	219	204	120	651	94	200	70	80	175	182	623	375	413	328	214	360	299	295	634	239	12	0	26	77	85	160	68	129	30	11	24	10	1	6	1	35	18	23	21	29	45	138	55	21	7	19	15	8	9	26	22	10	13	20	16	17	231	75	74	72	97	67	66	38	145	41	0	123	27	86	3	7	109	37	145	110
Curtobacterium.168	3	0	9	8	39	33	99	206	2	15	85	17	56	36	57	17	22	28	7	23	9	24	6	4	0	0	0	0	0	20	0	0	31	0	2	4	4	18	2	0	23	1	2	0	0	9	1	4	65	0	16	7	15	27	0	15	6	0	0	32	2	473	527	25	7	7	5	19	17	13	11	31	41	5	11	12	48	19	17	4	15	0	1	0	1	36	13	0	5	0	20	1	2	3	0	6	19	0	12	0	37	1	5	7	13	12	19	37	110	58	73	893	25	43	28	14	23	51	44	128	23	31	19	80	32	28	51	28	10	0	8	9	27	17	18	31	14	2	8	8	0	26	0	99	22	14	15	30	25	58	38	6	7	14	10	5	2	45	18	4	9	12	10	8	39	16	30	17	18	6	14	6	16	0	0	24	7	19	1	1	34	15	83	27
Curtobacterium.169	0	0	0	0	0	0	1	0	0	0	1	0	1	0	0	0	0	0	0	0	0	0	0	0	0	0	0	0	0	0	0	0	0	0	0	0	0	0	0	0	0	0	0	0	0	0	0	0	0	0	0	0	0	0	0	0	0	0	0	0	0	0	0	0	0	0	0	0	0	1	0	0	0	0	0	0	1	0	0	0	0	0	0	0	0	0	0	0	0	0	0	0	0	0	0	0	0	0	0	0	0	0	0	0	0	0	0	0	0	0	0	3	0	0	0	0	0	0	0	0	0	0	0	0	0	0	0	0	0	0	0	0	0	1	0	0	0	0	0	0	0	0	0	0	0	0	0	0	0	0	0	0	0	0	0	0	0	0	0	0	0	0	0	0	0	0	0	0	0	0	0	0	0	0	0	0	0	0	0	0	0	0	0	0
Curtobacterium.17	0	0	7	3	7	8	18	47	0	2	10	12	5	4	11	10	8	3	0	11	5	10	1	1	0	0	28	0	6	0	0	0	2	0	0	10	16	8	0	0	30	5	0	0	0	3	1	3	2	0	2	8	12	6	0	1	0	1	0	3	0	6	4	40	1	2	0	4	5	2	3	8	5	3	4	3	6	0	5	1	0	0	0	1	0	0	0	0	5	0	3	0	0	3	0	4	6	0	0	0	4	0	1	16	2	2	2	3	2	20	0	3	9	26	23	6	5	33	11	51	7	4	0	4	0	3	11	7	2	0	5	1	4	3	6	4	11	1	6	2	0	4	0	2	2	3	5	4	0	4	3	2	3	1	2	1	0	8	6	6	3	3	0	4	7	5	14	7	9	1	5	3	6	1	0	94	3	4	0	0	9	8	9	1
Curtobacterium.170	0	0	0	0	0	0	1	2	0	0	0	0	1	2	0	0	0	0	0	0	0	0	0	0	0	0	0	0	0	0	0	0	0	0	0	0	0	0	0	0	0	0	0	0	0	0	0	0	0	0	0	0	0	1	0	0	0	0	0	0	0	1	1	0	0	0	0	0	0	0	0	0	0	0	0	0	2	0	0	0	0	0	0	0	0	0	0	0	0	0	0	0	0	0	0	0	0	0	1	0	0	0	0	0	0	0	0	0	1	0	0	16	0	0	0	0	1	0	1	0	0	0	0	0	0	0	1	0	0	0	2	0	0	0	0	0	0	0	0	0	0	0	0	0	0	0	0	0	0	0	0	0	0	0	0	0	0	0	0	0	0	0	0	0	0	0	0	0	0	0	0	0	0	0	0	0	0	0	0	0	0	0	0	0
Curtobacterium.171	0	0	4	1	0	0	0	3	1	1	0	1	0	0	3	1	0	0	1	0	0	1	0	0	0	0	0	0	0	0	0	0	0	0	0	0	0	0	2	0	1	0	0	0	0	0	0	0	0	0	0	1	2	0	0	0	0	0	0	0	0	0	0	0	0	0	0	0	0	0	0	0	6	5	0	0	1	1	0	0	0	0	0	0	0	0	0	0	2	0	0	0	0	0	0	0	1	0	1	0	0	0	0	0	2	1	4	0	0	0	0	8	2	3	1	0	0	0	2	0	2	0	0	1	0	4	1	3	1	0	0	0	3	1	0	0	1	0	3	0	0	0	0	0	0	0	0	0	0	0	0	1	1	0	0	0	0	0	0	2	0	0	1	1	0	1	1	0	9	4	6	1	1	0	0	0	1	0	0	0	0	0	0	5
Curtobacterium.172	0	0	14	3	25	32	76	120	3	7	74	13	40	24	18	11	30	13	1	9	10	8	2	1	0	0	0	0	1	6	0	0	2	0	0	2	3	3	1	0	8	0	0	0	0	2	0	4	5	0	7	7	13	4	0	13	0	0	1	13	3	72	71	4	5	2	1	8	6	5	4	10	23	5	5	4	59	15	13	6	14	1	0	0	2	5	6	0	5	2	11	0	3	4	1	3	8	0	6	0	8	0	2	12	4	3	5	9	208	45	9	734	21	16	15	13	40	62	86	57	16	11	3	30	8	10	14	8	8	0	9	3	8	14	6	15	7	3	5	3	0	12	0	15	10	5	2	9	10	22	17	2	4	2	4	0	2	18	18	3	4	4	3	8	19	5	9	14	6	10	6	5	2	0	0	6	4	5	0	1	17	6	29	8
Curtobacterium.173	1	0	14	4	38	25	67	148	8	9	62	17	42	29	29	14	27	35	7	20	13	9	3	4	0	0	1	0	2	15	0	0	15	0	2	7	6	7	5	0	9	3	1	0	1	3	1	8	50	0	6	6	14	26	0	15	3	0	0	15	2	343	367	18	4	5	3	11	14	12	6	17	23	5	10	10	32	12	8	7	20	1	0	0	0	17	16	0	4	0	5	0	1	5	0	5	12	0	1	0	10	1	4	4	4	13	25	21	52	45	80	647	15	24	13	10	18	25	23	77	16	20	13	39	16	20	27	18	10	0	13	3	8	5	11	8	20	7	7	4	0	27	1	61	19	7	11	8	16	41	19	7	9	7	9	1	1	39	19	5	4	15	5	9	23	7	8	28	9	11	12	7	2	0	0	11	7	12	1	0	16	12	38	11
Curtobacterium.174	23	0	140	60	324	157	764	500	120	116	208	108	240	189	236	209	182	241	59	192	83	131	68	79	0	0	7	0	13	13	0	0	1	0	12	36	17	46	68	0	115	0	4	0	2	95	4	149	11	2	194	115	61	290	0	287	41	0	2	295	37	32	42	43	76	66	42	114	109	96	109	249	2184	166	149	180	28	9	11	6	2233	6	6	4	21	133	16	4	63	18	4	8	87	15	12	9	179	1	130	3	199	15	48	77	210	411	527	343	68	741	476	3289	336	276	285	178	79	174	98	204	60	85	53	121	875	171	234	375	125	0	224	108	468	1581	137	226	290	83	162	82	2	1033	61	965	147	137	112	202	291	1006	472	78	88	100	53	39	25	221	197	55	119	115	144	202	149	71	167	263	162	188	245	124	48	9	0	34	69	124	10	6	99	76	106	193
Curtobacterium.175	2	0	5	2	22	10	47	81	3	3	35	8	21	15	20	9	7	8	3	8	7	7	9	2	0	0	0	0	1	5	0	0	13	0	0	3	1	8	1	0	12	0	0	0	0	2	1	1	24	0	7	4	5	7	0	7	1	0	0	15	0	235	236	12	4	4	3	1	4	2	7	8	12	2	8	3	31	14	3	3	9	1	0	0	0	9	4	0	2	2	5	0	1	2	0	0	9	0	3	0	0	0	3	7	8	3	9	13	34	27	70	388	9	23	13	6	8	21	16	35	14	13	10	34	4	7	12	5	6	0	6	10	10	5	8	1	5	0	5	0	0	20	1	22	10	3	1	10	3	20	11	3	2	4	3	0	0	19	10	3	3	3	5	10	5	6	7	15	9	1	3	1	2	0	0	12	3	4	0	1	9	7	21	8
Curtobacterium.176	0	0	1	0	8	4	6	11	0	2	3	1	2	2	6	0	12	0	5	10	5	5	0	1	0	0	0	0	1	0	0	0	0	0	0	0	0	1	0	0	0	0	0	0	0	0	0	1	0	0	1	0	2	3	0	0	1	0	0	2	0	5	6	29	0	1	0	0	0	0	0	2	1	2	0	1	5	0	1	1	0	0	0	0	0	0	3	0	1	0	0	0	0	4	0	3	0	0	1	0	0	0	0	0	1	0	4	0	27	14	6	52	7	4	3	3	8	4	17	21	20	11	9	15	13	5	21	7	0	0	1	4	6	12	4	6	0	0	0	1	0	0	0	1	0	0	1	1	3	10	2	2	0	0	0	0	0	0	1	0	0	0	1	0	12	7	3	3	6	2	3	0	15	3	0	8	2	6	0	0	7	5	8	9
Curtobacterium.177	4	0	111	94	75	6	55	66	18	48	21	12	16	19	113	59	12	11	8	28	8	32	41	10	0	0	1	0	0	2	0	0	4	0	3	4	3	10	54	0	63	2	1	0	2	10	1	13	3	0	4	7	73	11	0	25	5	2	0	29	3	13	4	84	9	14	5	9	13	16	11	40	267	126	116	208	78	0	6	1	2	0	1	1	2	12	1	0	127	0	6	0	5	1	2	0	22	0	19	0	21	0	6	43	50	19	117	56	28	16	9	335	77	115	156	40	11	50	34	43	20	18	24	53	40	63	97	42	25	0	21	19	110	74	188	52	193	21	316	149	0	44	1	72	16	14	13	20	77	46	24	8	10	9	8	2	11	30	34	6	7	9	17	5	23	8	40	45	443	202	356	22	12	0	0	40	34	25	0	1	16	17	18	72
Curtobacterium.178	116	0	231	47	154	28	121	100	58	589	77	56	58	375	677	464	789	626	88	219	59	147	48	19	0	0	1	0	4	6	0	0	2	0	4	6	4	33	34	0	76	0	0	0	3	21	0	23	7	0	40	27	10	48	0	53	9	6	0	60	4	20	11	147	30	33	10	27	43	45	42	114	75	25	74	81	16	8	4	0	22	2	0	1	6	28	9	1	25	4	8	1	42	8	2	6	38	1	18	2	24	5	12	15	22	23	95	48	7	9	7	21	629	2324	1474	485	32	161	125	52	70	64	138	106	335	410	970	332	133	0	61	59	228	363	381	313	581	99	54	99	0	42	0	196	34	43	33	53	240	144	102	17	41	29	25	7	99	78	79	27	33	133	35	48	368	444	452	454	113	51	118	40	15	0	0	13	91	116	16	2	193	1082	445	176
Curtobacterium.179	7	0	30	15	54	53	50	154	17	14	85	48	238	246	16	45	29	20	216	416	140	591	8	6	0	0	2	0	1	5	0	0	1	0	2	8	3	3	6	0	12	1	1	0	0	4	0	2	21	1	13	6	27	22	0	22	0	1	0	25	0	34	17	136	8	3	0	7	12	29	12	43	27	8	14	14	118	73	28	25	14	0	0	1	3	25	102	0	13	1	3	2	21	118	1	209	13	0	5	1	11	1	7	7	24	14	33	28	352	167	20	263	96	298	93	103	575	263	352	382	555	496	366	569	85	132	419	86	16	0	12	111	17	35	50	31	32	11	20	12	0	30	1	62	14	15	11	12	37	106	29	12	8	19	7	5	19	22	32	9	6	9	8	13	323	98	132	127	141	67	80	38	34	13	0	34	31	77	4	7	105	23	83	97
Curtobacterium.18	1	0	12	6	12	8	33	53	4	17	21	17	11	15	17	23	76	9	7	69	24	23	7	8	0	0	5	0	4	17	0	0	4	0	1	13	13	14	3	0	26	27	0	0	0	12	0	6	1	0	10	26	104	20	0	25	2	0	0	17	1	9	23	13	4	5	4	6	6	4	9	25	39	8	11	8	63	0	16	4	3	0	0	0	0	5	2	1	25	0	5	4	7	22	3	8	25	0	13	0	43	2	5	31	12	8	14	20	3	10	2	17	35	52	48	17	15	148	20	196	15	14	9	36	52	41	104	111	9	0	8	13	13	10	26	10	19	5	22	6	0	8	0	6	11	10	12	7	7	55	16	9	3	11	2	0	1	25	22	14	2	8	3	3	16	12	29	15	11	16	37	5	14	3	0	28	12	9	3	0	16	25	17	17
Curtobacterium.180	4	0	23	9	22	16	31	36	20	12	17	14	23	11	21	21	10	6	5	12	11	16	5	7	0	0	0	0	1	1	0	0	4	0	3	4	1	2	6	0	11	0	0	0	0	115	1	7	6	0	65	114	66	33	0	30	3	0	0	35	5	11	6	16	8	15	4	20	8	10	12	22	37	7	20	19	421	32	113	21	4	2	0	5	2	20	86	0	14	1	28	1	4	52	4	44	122	0	57	3	361	25	85	123	10	11	22	22	37	79	9	99	71	435	233	51	579	1608	276	1010	36	40	14	122	32	38	36	23	11	0	19	16	27	16	25	18	22	7	19	7	0	8	0	32	9	20	24	27	31	74	36	9	14	8	3	5	21	27	31	7	14	21	15	20	26	15	19	26	16	19	24	10	2	1	0	15	8	16	0	0	21	4	28	15
Curtobacterium.181	1	0	30	4	32	34	138	138	22	15	30	30	32	39	50	32	15	20	9	66	37	35	3	9	0	0	8	0	23	2	0	0	3	0	2	9	1	14	5	0	439	1	1	1	1	12	0	5	6	0	15	16	12	30	0	34	3	2	1	22	6	55	41	195	13	13	3	16	18	20	23	37	55	18	17	15	13	1	6	1	1	1	0	0	2	115	8	0	7	1	0	0	6	4	2	2	20	0	9	2	25	1	4	7	13	26	27	34	9	11	4	20	23	51	46	25	47	47	49	820	27	29	18	76	74	39	87	36	28	0	24	14	34	34	42	69	38	9	17	9	0	2	1	14	15	15	23	26	39	78	72	11	12	19	14	2	5	39	40	7	9	18	9	18	40	14	37	29	18	28	38	4	3	8	0	80	11	17	2	2	488	38	2230	83
Curtobacterium.182	4	0	65	16	62	36	100	119	64	42	64	53	66	54	83	73	46	53	35	112	40	88	26	28	0	0	0	0	0	6	0	0	0	0	3	15	2	22	27	0	38	1	0	0	0	20	0	16	1	0	50	29	26	75	0	77	6	1	0	77	11	8	11	19	14	32	25	32	50	48	38	104	132	40	45	47	4	4	2	1	13	2	3	0	4	26	14	0	32	3	6	6	12	7	2	6	65	0	17	0	67	3	10	20	49	33	79	68	11	43	19	39	121	105	85	91	74	200	2598	213	43	47	31	109	95	83	101	114	50	0	62	52	94	72	90	67	84	41	37	30	1	32	3	26	46	46	43	66	66	186	50	22	36	23	24	19	15	102	88	22	37	43	40	46	79	17	74	100	49	53	62	29	12	1	0	18	25	51	3	1	56	29	38	64
Curtobacterium.183	4	0	39	10	50	54	166	70	20	23	23	15	27	19	89	64	50	15	15	47	20	35	5	24	0	0	60	0	0	2	0	0	3	0	1	11	7	21	7	0	27	3	0	0	0	8	0	17	4	0	22	12	128	36	0	24	4	1	0	26	6	22	49	22	10	12	9	31	16	23	18	31	38	13	18	28	13	3	1	4	4	0	0	0	0	21	80	0	50	3	26	0	6	4	2	2	22	0	9	0	13	12	10	19	52	18	25	27	9	17	16	32	123	304	146	42	469	2160	718	4249	22	17	31	49	35	83	352	139	16	0	27	16	122	83	157	79	63	11	21	9	3	92	1	57	17	14	18	34	42	74	23	12	20	10	14	3	14	24	30	8	10	13	14	18	105	25	75	52	381	116	254	33	18	0	0	67	50	38	0	3	58	58	162	279
Curtobacterium.184	2	0	46	22	309	46	113	187	45	36	80	50	63	42	330	236	602	111	119	835	926	696	16	12	0	0	1	0	6	5	0	0	0	0	5	8	3	18	18	0	40	2	2	0	1	24	0	14	3	0	32	26	17	53	0	72	11	2	4	77	4	19	29	78	23	45	18	22	34	40	31	65	68	36	37	29	17	7	5	0	15	4	1	0	0	45	4	0	15	2	3	2	83	8	3	8	45	0	21	0	63	3	13	24	29	28	42	45	15	58	14	53	61	121	91	54	49	150	146	111	105	154	241	257	688	1380	3063	909	46	0	47	35	641	535	728	508	71	17	45	23	0	25	1	37	25	25	30	51	55	147	75	26	23	26	15	8	17	92	66	19	28	79	28	24	4123	1439	1692	1562	58	42	51	65	18	6	0	38	31	62	10	2	2046	1160	628	723
Curtobacterium.185	0	0	27	11	36	26	183	198	24	19	28	26	30	42	65	40	34	27	17	47	23	47	12	16	0	0	4	0	2	5	0	0	1	0	3	6	4	4	4	0	30	0	0	0	0	13	0	6	1	0	24	14	18	33	0	34	8	1	0	39	6	6	10	23	14	10	9	23	23	17	11	73	79	23	34	42	9	2	2	3	12	1	1	0	3	19	27	0	15	1	2	4	11	0	1	5	25	0	15	0	25	16	9	50	38	23	24	37	5	18	10	105	51	63	47	28	175	437	140	855	17	23	14	70	58	89	110	70	19	0	26	17	66	142	92	127	57	16	23	7	0	14	3	41	14	16	20	42	65	103	66	22	16	16	3	11	1	54	42	23	11	23	20	22	88	22	54	58	456	83	192	48	3	0	0	74	23	41	0	1	21	60	48	145
Curtobacterium.186	11	0	36	21	164	100	121	345	17	16	104	34	79	61	113	101	148	66	28	119	39	91	15	7	0	0	0	0	7	0	0	0	1	0	2	10	4	8	9	0	41	6	1	0	3	10	0	21	13	0	20	10	43	32	0	38	6	0	1	41	3	98	71	451	10	12	8	13	20	28	17	27	45	18	15	14	33	32	14	2	5	2	1	0	0	31	25	1	18	2	7	2	31	44	3	32	23	0	1	0	24	4	7	11	39	20	55	29	358	298	137	886	88	231	85	93	131	161	460	466	523	398	292	422	376	331	562	197	16	0	11	102	209	256	131	217	60	14	21	18	2	16	1	26	18	18	11	26	46	141	45	25	17	14	8	5	15	27	37	13	15	14	21	24	376	78	101	93	128	58	82	67	264	59	0	250	31	75	1	8	162	66	262	186
Curtobacterium.187	3	0	22	14	88	73	88	197	9	7	49	28	43	35	67	63	103	35	19	86	31	41	9	7	0	0	0	0	8	2	0	0	0	0	3	3	1	7	5	0	40	4	4	0	2	11	0	3	17	0	9	5	17	8	0	10	2	0	0	19	3	67	65	295	5	9	5	10	9	12	2	24	20	10	8	8	19	19	8	2	5	0	0	0	0	22	13	0	7	1	9	3	18	24	1	25	11	0	4	0	9	2	3	8	15	6	36	17	225	163	86	604	73	158	54	68	100	114	272	329	304	294	188	294	169	194	308	115	19	0	14	64	128	213	63	126	23	4	9	3	0	16	3	9	12	13	3	16	33	79	31	13	10	6	3	1	5	22	13	4	3	16	10	9	229	63	71	77	99	30	56	42	157	39	0	143	16	53	1	3	92	37	146	137
Curtobacterium.188	2	0	7	6	8	14	20	48	5	8	15	11	7	9	15	20	42	6	7	31	14	16	3	4	0	0	6	0	10	30	0	0	11	0	1	14	9	7	1	0	11	22	0	0	0	7	1	5	0	0	7	28	98	11	0	6	3	0	0	11	1	12	30	6	6	9	4	6	18	5	8	26	9	4	9	4	45	1	21	3	0	0	0	1	0	2	1	0	26	0	12	1	43	19	4	4	23	0	17	1	80	1	5	29	15	6	7	23	2	9	0	6	23	37	35	16	12	115	42	174	11	6	4	14	387	231	655	654	4	0	11	4	20	5	16	6	17	2	10	9	0	8	2	7	8	6	1	12	13	26	9	1	7	6	3	3	1	18	29	8	6	7	5	3	20	8	15	14	13	19	12	8	4	1	0	26	9	9	6	4	21	33	15	20
Curtobacterium.189	9	0	53	28	130	89	119	297	6	13	93	21	47	42	94	75	115	47	23	91	34	62	9	6	0	0	1	0	3	0	0	0	0	0	1	5	2	7	6	0	47	7	1	0	1	7	0	6	27	0	12	8	45	32	0	25	5	0	0	31	2	88	73	371	4	11	3	18	14	33	6	30	33	9	14	21	22	19	9	7	7	1	0	1	2	12	19	0	18	2	3	1	40	29	4	29	10	1	1	0	17	0	9	7	26	13	36	21	315	228	121	634	94	224	78	95	191	166	383	414	534	377	283	501	329	293	509	216	19	0	17	102	162	207	93	183	32	13	23	8	0	25	1	21	13	18	11	25	40	110	46	14	5	8	7	4	7	20	33	10	13	17	13	22	281	72	82	67	118	34	54	38	189	55	0	211	30	70	2	4	99	36	241	146
Curtobacterium.19	1	0	3	1	12	18	33	97	4	6	16	36	15	3	6	7	7	4	3	15	6	4	2	1	0	0	5	0	3	10	0	0	6	0	1	4	17	5	0	0	20	2	0	0	0	16	4	2	2	0	21	39	13	8	0	15	4	0	0	11	1	10	10	6	2	2	1	1	6	6	5	10	11	3	6	2	19	2	6	1	1	0	0	2	1	0	0	0	7	0	3	0	0	15	4	7	13	0	13	0	207	4	13	120	2	0	10	5	1	10	0	6	20	79	73	22	13	107	20	130	0	4	3	6	11	5	22	14	1	0	6	3	7	3	9	3	9	6	4	2	0	8	0	8	5	6	2	15	8	18	3	2	2	4	2	2	2	19	4	10	3	3	4	1	6	4	11	7	8	5	7	2	3	1	0	14	1	5	0	0	6	4	7	4
Curtobacterium.190	4	0	46	17	47	50	167	65	14	25	22	19	26	26	60	59	45	19	11	46	24	25	8	9	0	0	53	0	1	2	0	0	2	0	2	3	7	19	21	0	29	2	0	1	1	8	0	13	5	0	14	9	121	22	0	29	6	0	0	21	6	13	65	32	14	7	7	36	18	14	16	41	43	27	24	27	13	0	1	4	1	0	0	0	1	14	87	0	42	4	15	2	8	5	1	4	28	0	8	0	11	11	18	10	38	22	31	32	13	17	21	28	89	335	129	47	633	2447	961	4859	17	19	36	45	44	95	357	195	22	0	43	15	82	108	149	87	48	13	19	15	1	92	0	37	17	12	13	26	47	75	38	25	9	6	4	6	10	39	35	5	9	18	17	40	93	22	64	49	383	113	262	23	18	1	0	72	69	38	0	1	56	44	185	273
Curtobacterium.191	18	0	104	52	42	15	59	50	61	40	35	26	36	30	43	60	96	38	22	43	21	48	51	17	0	0	0	0	0	2	0	0	1	0	3	8	3	32	26	0	34	8	0	0	0	14	0	7	0	0	19	8	13	38	0	45	5	2	0	40	5	5	4	10	13	14	13	27	31	23	28	67	58	21	17	28	7	2	2	0	3	2	1	0	3	17	3	0	39	3	1	4	5	2	0	2	31	0	9	0	22	1	11	9	21	16	49	40	4	11	5	23	46	60	36	34	11	34	34	31	21	23	12	73	33	36	69	50	40	0	51	81	33	30	33	25	110	9	43	27	0	7	2	22	32	17	28	53	62	92	36	15	23	25	16	9	6	41	58	25	35	32	22	35	29	17	33	45	54	30	65	33	16	0	0	16	33	38	9	0	23	13	27	24
Curtobacterium.192	16	0	49	65	56	25	80	69	98	98	34	10	33	36	53	58	24	37	18	53	15	45	55	5	0	0	1	0	2	4	0	0	0	0	0	5	3	36	61	0	90	3	1	0	0	14	0	2	8	0	18	15	14	48	0	34	4	0	1	43	5	7	12	12	21	18	19	21	23	21	21	57	157	32	42	105	48	3	3	1	11	0	3	1	4	27	2	1	25	0	2	3	9	4	1	4	29	0	9	0	25	0	5	13	52	40	357	81	10	5	5	150	66	77	56	25	17	36	41	65	44	50	41	113	54	39	189	72	153	0	63	63	59	53	144	41	320	40	97	69	0	7	1	19	27	27	21	42	124	127	61	16	16	24	17	11	3	52	27	9	26	90	21	34	42	27	39	121	103	94	45	18	11	0	0	20	28	60	1	2	32	17	36	45
Curtobacterium.193	2	0	35	14	40	33	93	66	36	21	31	20	28	24	114	123	172	47	28	71	37	59	16	7	0	0	17	0	1	1	0	0	0	0	4	3	1	7	12	0	20	1	0	0	0	8	0	3	4	0	31	11	40	37	0	35	9	0	0	55	2	6	22	19	16	24	2	22	29	28	24	62	58	26	28	32	13	0	3	0	3	3	0	0	0	16	22	0	23	1	6	1	6	3	2	5	17	0	12	1	26	8	13	18	33	24	36	36	7	6	6	26	46	131	56	38	162	815	200	1822	37	28	34	71	72	113	366	257	17	0	58	23	263	228	227	184	42	6	26	19	0	33	0	40	24	24	23	37	55	82	31	22	19	15	14	13	9	33	58	17	19	21	19	19	53	28	45	38	355	57	135	23	11	1	0	37	42	51	3	2	33	36	80	127
Curtobacterium.194	1	0	5	0	11	11	28	21	5	7	7	3	5	2	19	11	23	5	7	16	13	10	1	1	0	0	1	0	1	4	0	0	0	0	0	1	2	2	3	0	9	2	0	0	0	0	0	2	1	0	7	1	12	2	0	2	1	0	0	1	0	2	4	8	0	2	0	2	4	0	3	3	16	11	8	4	3	0	1	2	3	0	0	0	0	2	4	0	9	0	1	0	0	4	0	3	2	0	1	0	3	0	0	10	7	1	7	8	4	2	1	10	10	30	16	5	20	113	35	196	8	8	9	17	4	15	33	22	5	0	9	8	15	10	22	11	20	2	8	2	0	11	0	8	1	2	0	1	13	11	7	2	0	1	0	0	0	22	5	6	0	5	1	4	17	6	7	4	39	16	22	6	3	1	0	9	5	7	0	0	7	6	8	19
Curtobacterium.195	6	0	24	15	225	25	48	101	25	27	30	13	33	32	229	123	356	53	82	545	569	421	15	9	0	0	0	0	4	3	0	0	2	0	3	4	1	6	9	0	19	0	3	1	1	6	0	7	2	0	21	13	12	26	0	26	5	3	0	34	5	7	4	43	5	18	6	23	14	14	15	40	23	23	20	12	7	2	2	0	3	3	0	0	1	21	2	0	7	0	1	2	47	5	1	2	21	0	8	0	26	1	9	12	19	14	21	28	6	43	1	20	51	53	46	26	30	82	59	49	57	102	173	129	392	891	1993	565	29	0	21	31	437	313	479	324	27	15	10	12	2	12	0	21	13	13	18	28	27	80	34	15	13	18	10	7	7	34	30	7	20	55	21	22	2716	932	1085	1018	20	17	25	35	8	5	0	17	22	23	3	0	1307	753	363	506
Curtobacterium.196	0	0	32	13	37	35	66	57	19	22	30	20	27	29	117	128	157	51	24	61	29	64	17	15	0	0	10	0	3	1	0	0	0	0	2	4	2	14	12	0	27	0	0	0	0	4	0	4	4	0	18	11	36	51	0	41	2	0	0	52	3	6	23	15	16	19	11	22	15	23	22	41	51	18	28	23	8	0	1	1	4	1	0	0	0	15	19	0	24	1	8	0	12	4	2	2	21	0	10	0	31	2	9	18	48	17	37	38	3	16	7	32	37	127	45	31	157	896	218	1822	19	25	28	58	61	125	351	293	24	0	66	27	178	237	256	182	47	13	22	20	0	22	0	22	21	21	25	33	56	91	48	23	14	19	13	8	8	46	44	8	18	17	18	27	68	21	40	55	376	74	173	19	5	5	0	56	47	43	1	1	38	37	71	113
Curtobacterium.197	0	0	0	0	0	0	0	0	0	0	0	0	0	0	0	0	0	0	0	0	0	0	0	0	0	0	0	0	0	0	0	0	0	0	0	0	3	0	0	0	0	0	0	0	0	0	0	0	0	0	0	0	0	0	0	0	0	0	0	0	0	0	0	0	0	0	0	0	0	0	0	0	0	0	0	0	1	0	0	0	0	0	0	0	0	0	0	0	0	0	0	0	0	0	0	0	0	0	0	0	0	0	0	0	0	0	0	0	0	0	0	0	0	0	1	0	0	3	0	2	0	0	1	1	0	0	0	0	0	0	0	0	0	0	0	0	0	0	0	0	0	0	0	0	0	0	0	0	0	0	0	0	0	0	0	0	0	0	0	0	0	0	0	0	0	0	0	0	0	0	0	0	0	0	0	0	0	0	0	0	0	0	0	0
Curtobacterium.198	0	0	0	0	0	0	1	1	0	1	0	0	0	0	0	0	0	0	1	1	0	0	0	1	0	0	0	0	0	0	0	0	0	0	0	0	0	0	0	0	1	0	0	0	0	0	0	0	0	0	0	0	1	0	0	0	1	0	0	0	0	0	0	0	0	0	0	2	1	0	0	0	0	0	0	0	0	0	0	0	0	0	0	0	0	0	0	0	0	0	0	0	0	0	0	0	0	0	1	0	0	1	0	1	0	0	0	1	0	0	0	0	2	2	1	0	3	20	7	43	0	0	0	0	1	0	3	1	0	0	0	0	0	0	2	4	0	0	0	0	0	0	0	0	0	0	0	0	0	0	2	1	0	0	0	0	0	0	0	0	0	0	0	0	0	0	0	0	6	0	1	0	0	0	0	0	1	0	0	0	0	0	0	2
Curtobacterium.199	0	0	16	3	12	13	31	71	10	6	6	9	6	15	13	8	13	5	97	3040	945	432	2	1	0	0	4	0	5	1	0	0	1	0	2	6	1	3	4	0	184	0	3	0	0	3	0	3	1	0	8	7	11	21	0	21	3	1	0	14	3	6	4	2	2	8	2	6	7	6	17	24	17	3	15	12	6	0	2	1	2	0	0	0	0	4	0	1	8	0	1	0	4	0	0	0	17	0	9	0	12	0	3	14	6	6	12	10	2	3	2	12	16	22	21	8	4	19	7	22	4	3	4	12	22	10	45	30	9	0	10	4	15	20	44	85	17	4	9	6	0	4	0	7	19	20	8	14	14	50	10	3	7	7	2	3	6	77	42	23	5	4	5	7	9	5	154	12	11	8	6	9	0	0	0	8	7	7	0	1	17	15	18	17
Curtobacterium.2	13	0	34	16	174	120	249	805	19	23	119	254	55	44	62	62	21	26	10	79	26	30	7	20	0	0	38	0	41	57	0	0	74	0	6	32	142	18	8	0	84	21	1	0	0	32	17	19	18	1	41	107	147	33	0	28	4	1	1	39	4	84	68	30	11	15	3	35	17	22	17	49	44	11	19	20	163	15	96	27	5	0	0	12	2	9	19	4	74	2	34	3	6	66	14	57	56	0	34	0	112	7	99	434	20	13	31	30	16	72	7	32	193	627	629	181	67	783	160	1155	20	19	8	33	49	36	54	48	21	0	31	21	30	19	33	15	45	25	35	25	0	31	2	33	18	24	21	26	32	84	28	6	16	10	8	8	23	104	72	51	15	25	21	19	41	12	60	34	31	19	35	14	7	7	0	102	10	9	2	0	16	23	55	22
Curtobacterium.20	11	0	70	24	70	41	136	128	54	49	71	44	82	66	73	91	51	45	23	102	28	63	39	20	0	0	0	0	3	2	0	0	0	0	3	9	1	19	27	0	52	1	1	0	0	424	3	17	2	3	407	421	28	130	0	103	24	5	4	99	16	14	14	20	20	37	23	40	43	39	41	134	107	42	35	69	8	6	3	0	11	2	0	1	2	34	7	0	26	2	3	2	11	3	2	3	58	1	24	0	1025	1	26	30	50	40	68	86	11	25	15	49	107	145	92	82	24	72	75	92	109	86	65	288	84	80	100	84	47	0	63	54	80	55	63	60	111	46	64	17	0	41	1	43	49	58	47	105	100	238	89	20	42	40	33	16	18	83	119	30	45	58	47	49	68	29	57	90	69	70	77	51	10	1	0	24	42	49	0	4	46	31	56	62
Curtobacterium.200	5	0	26	13	205	19	62	96	16	15	27	20	40	14	208	127	356	73	72	575	593	407	15	12	0	0	1	0	1	1	0	0	0	0	1	3	1	10	6	0	23	2	2	2	1	10	0	5	2	0	21	12	12	26	0	37	9	3	1	45	4	11	10	32	8	21	6	23	20	23	13	33	41	16	23	20	20	6	5	1	2	0	1	1	4	18	8	0	10	0	2	2	52	5	1	8	18	1	8	1	15	0	4	15	21	16	21	24	17	36	5	35	54	50	55	37	24	89	74	66	69	88	172	178	466	868	2017	547	25	0	19	25	425	374	532	317	40	16	15	14	0	10	1	20	24	28	24	30	31	104	46	17	10	11	10	1	5	47	44	10	16	51	6	19	2791	977	1185	944	21	25	34	28	9	1	0	23	15	24	4	3	1336	803	379	526
Curtobacterium.201	10	0	36	11	46	32	104	95	44	368	48	34	49	52	58	51	42	52	16	46	29	61	62	9	0	0	1	0	1	6	0	0	6	0	7	4	10	58	53	0	66	2	0	0	0	23	0	7	2	0	24	22	13	43	0	32	6	1	2	60	4	10	19	32	12	20	15	28	24	20	25	70	85	46	152	152	9	5	9	0	4	2	2	0	2	25	2	1	340	2	5	3	8	11	0	4	36	0	11	1	33	1	8	12	36	14	83	39	20	14	12	38	53	114	81	39	30	44	44	52	49	64	36	100	71	71	91	83	47	0	41	35	68	69	90	69	649	48	295	376	0	21	0	36	32	25	22	40	266	120	47	18	18	29	22	9	11	66	43	15	13	29	29	42	61	22	58	73	49	37	50	19	7	0	0	8	12	29	2	2	47	27	36	54
Curtobacterium.202	12	0	158	123	78	24	75	81	39	62	39	20	28	27	148	54	12	19	18	36	17	42	34	5	0	0	1	0	0	7	0	0	3	0	6	4	4	17	68	0	66	5	0	0	0	11	2	5	0	2	13	9	76	30	0	33	6	3	0	17	6	8	4	72	13	13	5	28	30	20	11	70	256	151	198	282	78	1	4	0	4	0	0	0	4	12	1	1	168	0	1	1	1	1	0	2	16	0	12	1	19	5	4	39	62	21	138	54	18	10	11	322	91	144	201	45	12	56	34	54	23	28	13	85	31	86	103	66	23	0	26	31	129	79	231	57	299	36	608	220	1	49	1	65	20	19	14	37	120	101	28	13	26	16	22	5	3	61	59	20	19	20	20	16	34	16	24	65	686	295	477	30	15	1	0	19	43	29	0	0	28	18	16	116
Curtobacterium.203	8	0	92	82	36	31	77	70	39	46	40	19	31	23	48	58	28	21	19	63	17	37	38	10	0	0	1	0	0	4	0	0	3	0	1	11	1	11	53	0	47	5	0	0	0	10	0	15	1	0	24	10	110	42	0	15	3	1	1	29	3	7	11	20	14	14	8	16	34	29	22	87	113	60	60	130	14	3	3	0	5	0	0	2	1	36	5	0	325	2	3	2	12	3	1	1	29	0	12	0	23	3	4	18	45	16	147	40	8	12	9	82	98	181	110	28	15	27	41	48	14	52	21	69	47	55	67	61	38	0	45	33	75	38	109	46	699	19	193	191	0	22	0	35	15	27	24	46	275	120	25	18	23	37	13	11	9	54	56	17	22	28	19	23	31	11	38	76	128	77	108	23	14	1	0	22	20	26	2	0	31	14	18	35
Curtobacterium.204	1	0	41	12	33	20	95	68	42	303	58	19	33	36	54	58	34	39	18	73	20	69	68	16	0	0	1	0	2	6	0	0	1	0	1	0	5	46	34	0	53	1	0	2	3	13	0	10	0	0	35	19	13	36	0	51	15	1	1	64	4	16	14	22	22	16	14	16	20	25	27	57	93	46	177	146	11	5	4	2	5	0	0	3	4	20	1	1	312	0	7	0	9	7	0	7	47	0	13	1	39	1	6	14	26	18	69	49	9	8	8	17	67	77	72	43	22	44	38	53	41	40	25	84	56	65	98	79	23	0	31	27	80	81	80	71	527	32	202	363	1	17	1	28	31	32	29	42	172	144	57	17	23	26	7	7	10	42	51	18	16	27	26	32	46	20	57	83	39	37	50	21	7	2	0	18	18	35	0	1	28	26	40	33
Curtobacterium.205	23	0	146	98	264	364	346	660	26	42	215	66	297	213	34	41	25	16	33	96	44	90	18	8	0	0	0	0	3	11	0	0	2	0	2	12	3	12	15	0	22	26	5	0	1	9	1	20	29	0	14	7	797	36	0	23	5	2	2	65	3	173	48	589	12	12	7	28	27	38	16	69	60	15	40	24	98	38	47	25	41	0	1	0	1	348	40	0	168	2	44	5	9	100	11	210	27	1	14	1	17	11	11	9	35	11	33	23	73	29	13	97	179	442	151	205	108	92	145	109	1012	904	606	916	70	63	97	52	18	0	27	206	44	44	46	38	89	27	52	75	0	25	4	25	30	23	15	24	191	1190	138	128	13	7	10	9	25	113	34	9	18	18	20	19	79	31	47	60	290	108	143	101	66	37	0	270	60	148	5	15	44	22	57	45
Curtobacterium.206	21	0	166	63	234	266	235	569	32	21	185	58	222	129	30	38	27	16	47	66	27	89	7	12	0	0	1	0	4	10	0	0	3	0	3	5	3	17	7	0	23	16	6	1	2	7	1	23	28	0	15	5	550	24	0	32	6	0	0	42	6	113	29	472	12	10	7	22	9	30	25	54	39	24	37	24	85	30	61	19	31	0	1	0	4	257	37	0	134	2	52	5	13	78	7	209	23	0	12	0	28	5	12	8	27	9	34	22	48	31	19	79	159	411	159	187	109	73	170	134	912	869	566	951	48	58	92	52	19	0	26	199	34	39	31	34	71	12	38	47	0	28	2	24	28	27	19	35	157	850	102	82	11	11	6	2	21	95	31	20	7	18	15	15	71	26	34	52	221	108	114	90	55	25	0	232	58	140	11	9	47	18	53	35
Curtobacterium.207	0	0	1	0	5	3	1	7	0	0	3	1	3	1	1	0	0	0	0	3	0	1	0	0	0	0	0	0	0	0	0	0	0	0	0	0	0	0	0	0	1	0	0	1	0	0	0	1	1	0	0	1	3	0	0	0	0	0	0	0	0	1	2	12	0	0	0	0	0	0	0	0	0	1	0	0	0	2	0	0	0	0	0	0	0	1	6	0	1	0	1	0	0	1	0	4	0	0	0	0	0	2	0	0	2	0	0	0	3	1	0	3	5	12	2	5	1	0	0	3	31	19	15	26	1	2	1	0	0	0	0	0	2	0	1	0	2	0	1	0	0	0	0	1	3	1	0	2	0	10	1	0	0	0	0	0	0	0	0	0	0	0	1	0	2	1	3	0	1	3	1	0	0	0	0	4	0	1	0	0	0	0	0	0
Curtobacterium.208	4	0	145	84	155	76	357	136	32	197	58	159	122	99	39	51	28	23	16	30	14	41	16	7	0	0	1	0	2	28	0	0	8	0	6	7	0	14	22	0	43	10	2	0	0	24	2	8	3	0	25	14	136	52	0	30	1	0	0	36	4	9	14	8	18	14	10	29	26	18	21	55	307	232	292	274	9	1	3	3	75	1	0	1	1	22	5	1	212	2	82	2	7	1	1	1	33	0	56	0	23	12	31	172	24	37	55	82	3	8	9	23	196	1365	586	189	16	39	30	57	17	23	21	56	43	42	55	39	17	0	30	29	59	38	44	24	684	66	75	159	0	18	0	110	17	25	25	25	278	85	30	12	15	12	8	11	73	123	43	8	14	20	19	31	33	20	37	32	45	37	49	20	3	0	0	6	10	23	1	2	34	12	57	33
Curtobacterium.209	3	0	16	8	26	40	90	220	7	3	34	61	22	5	8	15	10	8	2	19	12	17	3	8	0	0	9	0	17	15	0	0	26	0	0	10	34	14	5	0	33	6	1	0	7	23	8	1	8	0	15	27	46	14	0	11	1	0	0	12	0	34	21	5	2	2	2	3	8	4	3	7	10	4	2	10	48	4	32	6	3	0	0	2	0	2	4	0	20	0	10	0	1	26	6	18	22	0	10	0	41	0	21	98	5	7	10	11	6	26	0	13	33	167	123	38	15	216	53	357	6	7	4	6	15	8	16	11	1	0	9	9	4	9	10	8	14	5	6	11	0	9	0	37	10	4	10	11	8	23	5	2	3	7	4	0	9	39	18	9	3	3	4	5	19	4	22	8	7	6	8	3	3	1	0	43	6	4	0	0	7	4	14	3
Curtobacterium.21	3	0	67	10	70	47	108	106	42	32	57	21	57	51	60	69	37	34	19	63	37	75	31	23	0	0	0	0	1	3	0	0	4	0	1	5	7	12	21	0	35	0	0	0	0	26	0	21	3	0	48	74	21	113	0	102	163	0	0	447	84	10	22	22	22	27	24	34	44	38	33	108	91	30	39	40	15	4	4	3	9	0	2	0	3	32	8	1	19	3	5	1	9	7	2	7	127	0	86	1	153	9	99	13	41	42	41	52	16	15	12	26	85	130	93	83	30	55	91	75	103	107	55	356	70	49	99	71	43	0	59	38	61	63	72	63	75	20	35	24	0	21	4	32	49	35	52	73	90	203	66	22	35	37	23	16	5	81	101	28	34	40	35	41	44	43	54	77	59	46	57	29	10	1	0	13	22	55	0	0	44	21	49	54
Curtobacterium.210	2	0	19	10	32	9	57	135	7	3	13	17	18	5	25	32	15	13	8	22	9	17	3	3	0	0	29	0	18	2	0	0	15	0	0	27	36	15	3	0	61	4	0	0	0	3	2	5	4	0	5	20	30	5	0	12	1	0	0	9	2	26	27	27	2	8	4	5	5	11	6	17	20	10	8	7	19	0	4	4	1	0	0	1	2	6	3	0	18	0	6	0	4	18	0	8	13	0	12	0	18	0	9	54	8	6	8	17	6	42	5	10	20	46	58	15	8	90	29	128	3	4	3	13	14	12	10	13	4	0	4	4	8	8	14	9	20	5	11	6	0	19	0	6	9	7	4	12	17	28	8	4	12	4	4	4	2	9	28	10	7	5	2	10	24	13	36	6	18	10	8	5	7	7	0	130	4	7	1	1	9	6	16	10
Curtobacterium.211	0	0	0	0	1	3	7	6	0	0	3	0	1	1	0	0	0	1	0	0	0	0	0	0	0	0	0	0	0	0	0	0	0	0	0	0	0	0	0	0	0	0	0	0	0	0	0	0	1	0	0	0	0	0	0	0	0	0	0	0	0	4	2	0	0	0	0	0	0	0	0	0	1	0	0	0	6	2	2	0	0	0	0	0	0	0	0	0	0	0	1	0	0	0	0	0	0	0	0	0	0	0	0	0	0	0	1	0	0	1	3	7	0	0	0	0	0	0	2	3	0	0	0	0	0	0	0	0	0	0	0	0	0	1	0	0	0	0	0	0	0	1	0	1	0	0	0	0	0	1	1	0	0	0	0	0	0	1	1	0	0	0	0	0	0	0	0	1	0	0	0	0	0	0	0	0	0	0	0	0	0	0	0	0
Curtobacterium.212	24	0	105	53	387	305	345	968	25	28	171	55	152	89	46	53	52	24	33	98	49	86	14	17	0	0	1	0	25	11	0	0	3	0	4	14	3	14	9	0	38	9	0	1	3	20	3	11	98	1	29	11	198	41	0	35	13	1	2	44	5	674	110	1013	10	12	10	24	26	44	21	56	58	20	26	25	62	46	37	8	25	0	0	0	1	108	29	0	39	0	12	3	13	155	8	82	18	0	11	1	34	1	9	11	37	17	38	31	68	44	29	166	180	409	119	183	104	89	150	163	829	824	540	789	65	107	145	70	17	0	21	173	44	62	66	47	74	20	32	28	0	24	5	34	33	43	29	30	119	491	117	57	19	14	11	14	21	68	41	16	10	22	15	21	98	37	58	69	231	78	120	72	112	44	0	283	37	131	10	13	44	27	70	50
Curtobacterium.213	0	0	0	0	0	0	3	1	0	0	0	0	0	0	0	0	0	0	0	0	0	0	0	0	0	0	0	0	0	0	0	0	0	0	0	0	0	0	0	0	0	0	0	0	0	0	0	0	0	0	0	0	0	0	0	0	0	0	0	0	0	0	0	0	0	0	0	0	0	0	0	0	0	0	0	0	0	0	0	0	0	0	0	0	0	0	0	0	0	0	0	0	0	0	0	0	0	0	0	0	0	0	0	0	0	0	0	0	0	0	0	2	0	2	0	0	0	0	0	0	0	0	0	0	0	0	0	0	0	0	0	0	0	0	0	1	0	0	0	0	0	0	0	0	0	0	0	0	0	0	0	0	0	0	0	0	0	0	0	0	0	0	0	0	0	0	0	0	0	0	0	0	0	0	0	0	0	0	0	0	0	0	2	0
Curtobacterium.214	8	0	53	83	125	73	506	254	149	2949	75	40	90	80	69	81	64	49	45	101	47	92	88	17	0	0	3	0	6	60	0	0	13	0	4	13	5	75	195	0	233	8	2	0	1	48	2	28	5	0	42	28	36	68	0	75	8	4	3	76	9	46	28	50	15	33	15	31	37	49	30	88	382	226	899	881	35	13	20	4	56	17	1	1	8	41	8	3	534	1	5	0	11	13	4	9	52	0	16	0	57	0	17	108	68	56	457	122	23	25	13	67	95	156	106	65	46	89	82	139	136	172	75	216	120	120	146	117	63	0	60	46	124	98	161	96	2464	863	930	862	0	95	4	152	48	43	48	68	891	199	102	30	27	21	30	17	18	575	79	15	53	76	45	68	80	45	96	104	72	105	117	35	26	4	0	21	29	52	4	2	69	47	195	69
Curtobacterium.215	4	0	25	3	25	17	296	68	22	39	25	25	60	43	50	50	45	51	23	50	23	40	14	15	0	0	0	0	2	7	0	0	0	0	2	15	4	16	12	0	25	0	1	0	1	14	0	14	7	0	21	9	19	26	0	33	8	1	0	31	3	14	59	911	10	14	5	17	23	26	34	86	53	22	26	38	12	1	2	1	85	1	0	0	1	20	2	0	11	2	8	1	10	7	4	4	19	0	13	1	14	2	6	12	23	18	33	26	5	10	7	16	44	56	52	40	15	27	44	33	30	27	32	60	90	110	99	123	35	0	24	30	99	107	125	85	61	17	29	25	0	62	0	80	24	21	24	17	50	105	57	14	9	17	13	12	3	52	42	11	11	30	27	14	54	46	79	56	42	22	25	11	5	2	0	16	23	36	0	2	61	39	43	40
Curtobacterium.216	42	0	149	78	918	722	688	1972	25	44	170	43	178	135	34	44	47	28	35	100	39	74	13	10	0	0	1	0	29	6	0	0	1	0	4	17	5	12	9	0	38	9	2	1	2	12	1	16	69	1	11	9	180	43	0	29	5	2	0	33	7	612	78	852	14	12	12	23	24	56	20	32	50	22	38	21	68	43	86	8	37	1	0	1	0	83	31	0	35	8	14	0	15	418	0	69	20	0	12	0	17	7	6	10	31	19	27	35	67	39	24	137	157	371	108	141	95	72	145	249	768	731	462	757	55	67	99	64	33	0	19	154	51	49	46	50	75	23	35	49	2	29	3	51	25	26	23	27	125	415	86	45	16	22	6	14	14	57	50	13	14	23	22	24	73	35	62	60	192	87	114	75	111	41	0	221	33	100	13	8	46	28	55	43
Curtobacterium.217	4	0	28	10	309	41	1837	452	16	99	53	94	84	22	22	31	19	11	12	31	15	31	42	15	0	0	0	0	0	17	0	0	6	0	10	3	1	39	33	0	42	3	0	0	0	10	0	11	0	0	20	6	21	34	0	27	9	1	0	37	9	20	45	9	6	17	5	14	15	20	18	55	801	577	285	343	16	6	6	11	36	0	0	3	1	20	2	1	20	3	20	1	3	5	4	1	26	0	48	0	20	1	25	362	29	35	81	128	7	4	4	7	71	237	126	60	11	31	28	50	22	33	10	52	43	39	52	35	14	0	11	10	33	28	44	32	293	30	120	51	2	19	0	144	15	16	17	29	133	70	25	20	8	11	11	2	10	83	35	9	14	21	16	17	27	6	21	31	23	26	48	5	1	1	0	11	14	24	2	3	19	15	30	19
Curtobacterium.218	1	0	10	6	11	10	22	32	5	5	9	21	12	13	7	13	33	5	3	19	8	14	2	2	0	0	3	0	8	40	0	0	11	0	1	28	5	2	3	0	18	20	0	0	0	5	2	5	0	0	3	28	72	10	0	8	1	0	0	9	1	8	43	5	6	4	2	6	6	1	6	17	9	4	4	6	33	0	18	8	0	0	0	0	2	8	1	0	21	0	8	1	12	30	3	5	16	0	6	0	43	2	5	20	16	1	11	16	2	5	0	11	16	31	19	14	5	96	34	138	8	11	5	12	103	91	153	210	6	0	6	3	18	9	20	15	18	3	14	6	0	4	24	2	6	5	5	13	10	25	8	3	6	4	1	2	2	17	26	13	5	6	4	8	9	9	13	10	12	22	14	7	8	2	0	25	7	8	2	1	8	27	10	11
Curtobacterium.219	0	0	0	0	0	0	0	0	0	0	0	0	0	0	0	0	0	0	0	0	0	0	0	0	0	0	0	0	0	0	0	0	0	0	0	0	0	0	0	0	0	0	0	0	0	0	0	0	0	0	0	0	0	0	0	0	0	0	0	0	0	0	0	0	0	0	0	0	0	0	0	0	0	0	0	0	0	0	0	0	0	0	0	0	0	0	0	0	0	0	0	0	0	0	0	0	0	0	0	0	0	0	0	0	0	0	0	0	0	0	0	0	0	0	0	0	0	0	0	0	0	0	0	0	0	0	0	0	0	0	0	0	0	0	0	0	0	0	0	0	0	0	0	0	0	0	0	0	0	0	0	0	0	0	0	0	0	0	0	0	0	0	0	0	0	0	0	0	0	0	0	0	0	0	0	0	0	0	0	0	0	0	0	0
Curtobacterium.22	55	0	124	33	187	40	105	120	59	251	76	49	91	188	1168	939	1166	714	101	386	79	231	45	30	0	0	1	0	2	4	0	0	4	0	5	15	4	30	34	0	53	1	0	0	0	24	0	24	5	0	51	37	27	75	0	70	8	2	2	95	12	14	18	247	25	41	22	55	59	44	59	117	112	39	85	69	15	4	12	1	14	1	1	0	4	33	9	0	39	4	22	1	82	7	4	4	55	0	22	4	40	5	10	22	44	41	251	71	15	24	12	36	703	603	614	1318	41	206	297	94	74	59	463	150	557	670	1976	509	166	0	56	65	321	686	712	657	278	53	58	53	1	42	1	109	46	46	52	85	136	200	114	31	33	41	38	26	36	71	81	25	40	116	49	83	772	689	853	479	167	51	197	56	17	3	0	31	101	148	16	7	248	663	841	215
Curtobacterium.220	2	0	26	10	225	447	412	1413	18	26	906	140	154	302	24	31	12	13	11	41	15	44	11	8	0	0	7	0	3	3	0	0	1	0	3	4	3	4	15	0	20	0	0	0	1	6	1	12	7	0	20	16	13	35	0	53	15	2	0	46	2	4	13	13	10	11	5	15	25	18	12	47	42	22	21	14	5	9	1	0	40	1	2	0	5	19	5	1	6	2	3	1	7	8	2	32	23	0	12	2	22	0	25	6	23	22	36	31	7	10	2	12	37	68	25	26	10	38	52	38	36	43	20	107	29	35	55	40	14	0	18	13	40	23	24	20	49	7	16	14	0	48	10	64	17	20	23	38	39	86	31	24	16	11	7	7	3	29	39	12	7	16	15	22	36	23	31	34	32	21	29	14	3	0	0	4	19	49	1	2	38	22	20	27
Curtobacterium.221	0	0	0	0	0	0	2	2	0	0	0	0	0	0	0	0	0	0	0	3	2	2	0	0	0	0	0	0	0	0	0	0	0	0	0	0	0	0	0	0	0	1	0	0	0	0	0	0	0	0	1	0	1	0	0	0	0	0	0	0	0	0	0	0	0	0	0	0	0	0	0	0	0	1	0	0	0	0	0	0	0	0	0	0	0	0	0	0	1	0	0	0	1	0	0	0	1	0	0	0	1	0	0	0	0	0	0	0	0	1	0	0	0	0	1	0	0	1	1	1	0	0	0	0	0	1	6	1	0	0	0	1	2	0	0	0	0	0	0	1	0	0	0	0	0	0	0	0	1	0	0	0	0	0	0	0	0	1	1	0	0	0	0	0	0	1	1	0	0	0	0	0	0	0	0	1	0	0	0	0	0	0	0	0
Curtobacterium.222	0	0	20	9	37	27	95	117	7	23	38	27	41	30	30	20	33	8	9	136	42	62	2	11	0	0	5	0	8	7	0	0	5	0	2	8	14	7	4	0	36	11	0	0	0	13	0	2	5	0	16	37	33	8	0	6	4	0	0	30	3	20	25	52	3	2	4	5	9	11	12	22	48	18	24	28	48	8	20	0	8	0	0	1	1	19	8	0	15	2	10	1	7	22	6	10	34	0	10	0	40	1	15	44	15	9	30	15	33	42	9	77	39	104	81	34	40	132	76	194	65	49	54	99	49	45	100	81	12	0	17	24	34	20	48	37	52	9	18	20	0	16	2	28	7	8	5	26	41	72	45	17	4	5	3	3	6	100	25	8	20	13	1	14	53	20	43	47	33	24	33	10	5	3	0	29	3	11	2	1	24	16	50	25
Curtobacterium.223	0	0	2	0	3	1	3	13	0	0	0	0	2	2	0	1	5	2	0	25	8	7	1	1	0	0	2	0	0	1	0	0	2	0	0	1	0	0	1	0	9	2	0	0	0	2	0	1	0	0	0	6	2	0	0	0	0	0	0	0	0	3	3	1	0	0	0	0	0	0	0	1	2	0	2	2	4	1	0	0	0	0	0	0	0	0	0	0	3	0	0	0	1	1	0	0	9	0	6	0	10	1	0	10	0	0	0	1	0	5	0	3	4	15	12	4	3	26	8	33	0	0	0	1	2	2	4	5	0	0	0	1	2	0	3	3	5	0	0	1	0	1	1	1	0	0	0	0	2	0	0	1	0	0	0	0	0	14	2	5	1	0	0	1	11	1	3	2	2	2	4	0	0	1	0	4	0	0	0	0	1	0	5	3
Curtobacterium.224	5	0	74	20	164	112	957	1186	49	58	1252	531	703	116	73	64	38	61	39	80	35	98	33	124	0	0	3	0	23	124	0	0	21	0	11	42	364	113	16	0	36	11	5	0	4	18	1	30	190	2	51	31	525	83	0	94	11	1	0	83	11	1479	1635	45	22	33	19	40	49	53	52	118	214	57	70	105	2518	121	1465	229	63	0	0	3	23	75	123	4	204	9	123	8	19	1435	16	27	64	0	48	0	46	4	71	280	58	39	84	65	204	19	9	142	218	875	283	130	873	490	179	723	428	331	216	440	101	82	136	83	55	0	36	102	81	92	91	90	92	33	53	39	0	113	7	226	109	59	49	92	92	210	85	39	31	33	30	13	41	140	83	27	38	53	31	47	90	39	94	91	127	108	109	58	15	0	0	41	49	88	5	9	49	43	124	61
Curtobacterium.225	4	0	98	52	107	54	201	84	22	155	51	118	91	74	32	47	17	15	14	34	19	26	21	11	0	0	1	0	0	14	0	0	5	0	2	2	0	16	19	0	31	4	0	0	1	19	3	10	1	0	20	8	112	48	0	42	2	0	0	34	4	6	8	4	10	9	9	17	29	22	20	51	212	212	260	221	2	0	0	0	17	0	0	0	3	18	5	1	203	3	64	4	4	0	3	3	19	0	50	1	17	6	16	164	20	27	43	59	6	0	2	13	189	1314	554	174	15	25	19	61	25	40	19	74	26	22	45	28	29	0	27	22	28	39	40	31	544	53	48	131	0	11	0	254	22	16	10	40	203	81	32	9	17	11	18	10	41	98	38	6	13	25	17	16	17	22	21	39	22	21	36	17	6	0	0	8	12	15	1	1	14	6	43	22
Curtobacterium.226	0	0	0	0	1	0	1	0	0	2	0	0	0	0	0	0	0	0	0	0	0	0	0	0	0	0	0	0	0	0	0	0	0	0	0	0	0	0	0	0	0	0	0	0	0	0	0	0	0	0	0	0	0	0	0	0	0	0	0	0	0	0	0	0	0	0	0	0	0	0	0	1	0	0	0	1	0	0	0	0	0	0	0	0	0	0	0	0	0	0	0	0	0	0	0	0	0	0	0	0	0	0	0	0	0	0	0	0	0	0	0	0	0	1	1	0	0	3	0	3	0	0	0	0	2	0	0	0	0	0	0	0	0	1	0	0	2	0	0	0	0	0	0	0	0	0	0	1	1	0	0	0	0	0	0	0	0	0	0	0	0	0	0	0	1	0	0	0	0	0	0	0	0	0	0	0	0	0	0	0	1	0	0	1
Curtobacterium.227	10	0	34	7	78	68	491	409	24	21	34	32	35	53	49	34	19	26	16	82	34	42	11	11	0	0	17	0	21	3	0	0	13	0	2	21	1	44	10	0	311	0	0	0	0	14	0	4	26	1	25	21	14	34	0	45	9	0	1	52	7	203	162	730	4	15	4	19	27	25	19	36	47	16	16	25	33	4	4	3	4	0	0	0	1	564	8	1	7	1	5	0	18	6	2	6	33	0	11	0	50	1	11	17	14	15	27	17	19	15	6	55	49	56	45	43	85	104	112	401	40	53	32	132	94	53	112	49	17	0	28	14	43	50	42	83	36	15	19	13	1	20	0	42	18	10	11	26	53	101	127	13	22	12	13	4	6	79	38	12	14	16	8	15	83	36	34	43	34	12	32	9	8	26	0	216	14	23	3	2	256	49	1692	76
Curtobacterium.228	1	0	13	3	9	19	26	29	12	12	19	6	12	14	16	17	10	15	5	15	13	13	4	7	0	0	0	0	1	0	0	0	0	0	1	2	0	7	2	0	17	1	0	0	1	50	1	9	6	0	34	63	45	25	0	22	1	0	1	21	7	6	8	16	13	4	5	7	7	4	5	19	25	10	17	10	470	31	113	21	4	2	0	0	2	8	48	0	15	2	33	0	8	54	7	60	46	0	43	1	179	6	49	87	10	3	19	17	32	47	3	93	42	281	203	40	207	1030	123	482	28	8	13	68	13	9	23	18	11	0	11	13	20	10	9	8	22	3	11	3	0	9	0	30	6	8	9	20	12	55	12	4	10	7	5	4	14	17	17	4	5	12	11	9	15	8	11	7	12	8	14	6	5	0	0	18	7	10	0	1	8	6	15	8
Curtobacterium.229	5	0	22	16	231	49	1815	447	20	76	63	88	78	31	35	29	13	27	15	32	14	39	37	7	0	0	0	0	0	15	0	0	5	0	8	5	1	31	37	0	46	7	0	0	1	22	0	8	2	0	14	13	24	37	0	25	6	0	1	39	2	21	50	12	11	11	9	14	20	23	15	45	772	587	238	320	15	2	2	2	11	1	2	0	0	21	3	0	23	1	18	3	12	3	3	3	22	0	51	0	17	2	21	365	32	34	73	152	4	5	3	15	57	200	104	55	19	33	22	47	25	30	18	48	32	25	45	30	21	0	22	23	22	23	25	23	298	40	120	55	1	25	0	151	18	24	19	35	127	68	21	12	16	14	9	10	8	87	46	14	14	22	19	16	21	15	26	35	23	32	55	17	5	0	0	8	20	19	0	1	24	10	21	38
Curtobacterium.23	15	0	106	33	126	67	248	213	72	61	120	68	139	123	114	140	67	72	49	133	55	115	53	41	0	0	1	0	2	3	0	0	3	0	8	16	12	22	30	0	82	0	1	1	2	39	0	19	5	4	82	74	46	177	0	156	364	4	2	422	169	17	25	41	37	53	19	73	53	53	52	150	203	77	66	79	17	7	7	2	18	0	0	2	5	71	14	2	25	7	4	4	17	11	6	8	109	0	48	0	104	4	91	45	104	79	129	152	18	25	22	62	437	941	498	418	104	112	450	294	1230	1209	563	3822	158	125	212	170	70	0	109	282	164	105	120	118	130	49	79	53	0	53	2	78	88	93	88	129	163	425	88	61	43	48	35	12	61	125	117	27	72	75	70	94	108	40	123	146	123	105	136	54	25	0	0	41	50	88	3	1	77	36	56	102
Curtobacterium.230	32	0	93	47	389	291	332	805	28	26	231	62	133	93	39	32	32	14	32	88	33	86	9	12	0	0	4	0	15	8	0	0	0	0	4	9	5	14	20	0	25	8	1	0	3	9	0	15	99	0	15	11	154	38	0	27	6	0	0	49	7	633	90	879	11	17	8	12	33	37	21	61	55	16	26	25	62	28	52	9	19	1	0	1	0	84	37	0	44	1	18	3	7	114	2	71	23	0	8	0	19	0	9	7	32	11	41	28	63	44	23	165	162	414	116	172	81	70	133	148	794	681	465	791	73	72	99	57	18	0	27	153	59	41	46	46	63	24	31	32	0	23	2	53	29	23	28	29	112	402	75	35	18	14	9	6	19	45	46	13	6	25	14	13	64	34	52	62	194	81	104	50	89	42	0	222	46	138	10	8	45	22	60	62
Curtobacterium.231	5	0	28	10	175	369	351	1275	24	17	824	141	158	320	35	37	22	31	18	50	40	57	8	4	0	0	9	0	3	2	0	0	0	0	3	3	1	9	15	0	14	0	1	0	0	8	0	11	9	0	16	9	12	34	0	48	6	0	0	54	8	16	22	23	9	10	8	22	12	12	11	30	59	22	18	24	23	8	2	5	48	0	1	0	2	12	11	0	15	2	3	0	3	7	4	36	26	0	16	1	41	5	28	7	18	12	27	29	22	14	9	50	43	72	53	21	25	56	71	63	54	57	32	142	54	47	75	57	28	0	28	25	44	36	59	25	69	14	28	8	0	47	7	70	21	17	26	24	56	74	35	17	17	12	6	3	9	42	53	7	10	20	18	26	70	38	39	46	21	24	38	15	4	2	0	13	11	43	5	1	36	20	30	40
Curtobacterium.232	7	0	26	9	40	28	53	79	14	19	25	10	20	40	32	32	32	22	16	45	15	37	12	17	0	0	0	0	1	3	0	0	0	0	2	4	2	4	9	0	23	0	0	0	0	12	2	15	4	0	26	18	8	48	0	53	9	1	0	57	8	13	13	6	10	16	8	17	106	47	15	41	60	13	31	27	8	2	5	4	3	0	0	1	5	19	0	0	18	3	4	3	5	3	0	6	21	1	10	0	39	2	13	9	44	16	34	34	11	9	7	24	48	81	51	29	13	34	41	48	44	38	29	132	45	43	62	53	14	0	28	22	38	26	36	21	33	8	18	24	0	13	0	15	33	31	33	31	1097	610	3553	440	20	15	12	4	46	560	450	54	17	23	22	21	35	17	40	30	35	30	36	18	2	0	0	7	24	24	2	3	30	16	40	35
Curtobacterium.233	4	0	48	16	66	59	172	59	22	14	25	26	32	33	102	86	67	16	19	57	29	49	21	20	0	0	59	0	3	4	0	0	0	0	2	5	6	14	14	0	35	0	0	1	0	9	1	9	3	0	29	16	172	53	0	30	6	0	0	48	4	26	71	37	12	13	3	41	29	16	21	42	45	16	42	25	15	2	0	1	7	3	1	1	1	15	63	1	51	2	24	1	7	3	6	7	18	0	7	0	15	12	22	23	52	16	32	41	10	16	23	37	80	355	142	57	551	2370	777	4668	24	24	30	72	48	96	416	152	28	0	38	22	94	106	187	120	51	13	24	16	0	94	0	78	20	22	28	38	46	80	29	21	19	17	19	12	26	37	46	14	23	20	19	25	127	27	76	64	428	148	272	32	21	1	0	83	61	52	0	3	52	77	164	322
Curtobacterium.234	24	0	91	49	131	133	155	271	33	27	135	53	153	87	37	40	22	24	50	125	33	106	15	8	0	0	1	0	6	5	0	0	1	0	4	4	3	19	7	0	27	5	4	1	1	6	0	9	29	1	13	16	209	35	0	37	6	0	1	58	4	98	27	384	17	18	12	20	40	74	23	60	53	14	26	33	63	28	15	4	20	0	0	0	4	164	25	0	63	3	16	1	14	28	5	89	18	0	13	1	18	5	11	11	35	23	36	27	63	30	21	108	252	585	183	266	123	70	177	134	1472	1326	790	1303	85	68	113	63	25	0	24	303	49	47	50	43	77	13	37	39	0	18	0	17	22	32	23	32	142	691	125	65	23	16	15	7	41	80	64	14	26	18	19	26	92	21	59	60	344	133	161	120	72	19	0	125	76	199	11	20	43	25	51	50
Curtobacterium.235	3	0	24	8	23	17	45	81	21	17	18	16	29	40	13	30	13	19	13	41	14	36	3	7	0	0	0	0	0	4	0	0	1	0	0	0	2	16	6	0	22	0	1	0	0	8	0	10	1	2	10	10	8	31	0	24	5	0	4	21	4	4	7	13	2	11	5	12	112	59	27	29	59	11	16	21	6	0	1	1	9	0	1	0	3	20	5	0	13	0	3	1	2	3	3	1	9	1	12	0	29	2	5	5	27	12	22	41	4	11	5	16	53	54	45	28	18	17	41	36	29	27	27	90	31	19	39	34	15	0	27	16	46	26	29	27	47	14	12	12	0	10	1	24	15	19	24	36	1003	762	3771	506	9	15	8	9	41	487	400	43	12	15	20	10	34	13	18	29	31	25	36	17	9	0	0	11	17	11	0	1	31	11	26	24
Curtobacterium.236	0	0	10	4	11	10	21	28	7	6	9	7	10	11	12	9	6	10	6	18	5	13	2	1	0	0	0	0	1	2	0	0	1	0	0	0	1	3	3	0	4	1	1	0	0	3	1	3	0	2	7	2	7	11	0	16	5	1	3	12	1	5	1	8	2	9	5	9	24	15	12	20	12	6	5	8	2	0	2	2	1	0	0	0	2	7	0	0	5	0	0	0	0	1	0	1	15	0	5	0	12	0	2	4	22	13	12	9	2	3	6	6	17	13	12	11	3	15	10	12	11	17	3	42	15	12	19	17	9	0	9	7	19	3	15	9	11	3	8	4	0	6	0	9	6	9	4	15	327	189	1901	172	5	9	0	1	24	153	141	21	5	6	7	13	13	3	16	24	12	9	13	5	1	0	0	3	2	9	0	0	18	10	9	11
Curtobacterium.237	1	0	2	2	6	0	6	13	7	6	5	3	7	4	5	0	4	2	0	9	4	3	5	0	0	0	0	0	0	0	0	0	0	0	1	1	0	0	1	0	3	0	0	0	0	5	0	4	1	0	10	2	3	5	0	14	4	0	2	9	1	2	0	5	1	1	1	5	8	7	4	7	9	7	3	2	1	0	0	0	0	0	0	0	0	1	1	0	1	1	0	0	0	0	0	0	4	0	4	0	5	0	0	1	2	1	6	5	0	0	0	2	7	3	6	6	1	9	3	3	5	2	3	8	15	7	13	3	1	0	1	5	3	7	4	2	8	0	2	0	0	2	0	2	5	5	1	5	146	83	336	59	3	2	1	2	1	59	41	4	3	2	0	2	6	4	6	2	7	1	4	2	3	0	0	4	0	2	0	0	2	1	6	5
Curtobacterium.238	6	0	30	11	41	28	55	67	29	27	47	34	46	35	37	41	25	30	23	34	30	36	25	10	0	0	1	0	2	2	0	0	0	0	2	5	2	10	8	0	39	0	0	0	1	15	0	15	1	1	32	28	12	44	0	45	7	2	1	38	5	14	12	13	16	17	10	33	103	69	22	45	64	31	25	31	17	5	3	0	5	1	1	0	1	26	1	1	17	1	3	4	7	5	2	5	37	0	8	0	35	1	8	11	31	22	33	48	9	11	5	34	59	68	51	50	19	37	46	36	70	62	28	131	48	53	77	43	17	0	39	17	31	40	40	44	37	9	27	18	2	16	0	21	20	24	31	40	539	453	1114	493	22	28	12	14	127	1621	400	135	23	18	13	17	34	19	28	50	28	39	47	17	10	1	0	10	18	40	3	1	35	23	41	33
Curtobacterium.239	0	0	0	0	0	0	1	1	0	0	0	0	0	0	3	0	0	1	0	0	0	0	0	0	0	0	0	0	0	0	0	0	0	0	0	0	0	0	2	0	1	0	0	0	0	0	0	0	0	0	0	0	0	0	0	0	0	0	0	0	0	0	0	0	1	1	0	0	0	0	0	0	2	0	1	0	0	0	0	0	0	0	0	0	0	0	0	0	0	0	0	0	0	0	0	0	0	0	0	0	1	0	0	1	0	0	0	0	0	0	0	0	1	5	3	0	0	0	0	0	0	0	0	0	0	0	0	0	0	0	0	0	0	0	0	0	1	1	0	1	0	0	0	0	0	0	0	0	1	0	1	0	0	0	0	0	2	1	4	0	1	0	1	0	0	0	0	0	0	0	1	0	0	0	0	0	0	0	0	0	0	0	0	0
Curtobacterium.24	6	0	26	9	25	19	52	55	19	14	27	23	26	36	24	32	11	12	9	40	9	29	12	16	0	0	0	0	1	1	0	0	0	0	0	11	0	6	9	0	13	0	0	1	1	13	1	3	0	0	29	37	9	51	0	35	74	1	0	265	49	4	2	9	10	13	5	8	21	22	14	41	50	9	12	16	6	1	1	1	5	1	0	1	0	24	1	0	16	2	1	0	6	3	1	2	66	0	48	0	57	2	60	9	23	12	29	29	3	10	3	18	42	73	43	30	10	33	27	22	43	47	30	133	36	21	37	33	26	0	20	24	26	18	34	29	37	13	19	10	0	11	0	14	22	35	17	35	40	82	27	7	17	14	9	9	5	43	47	8	13	22	9	18	27	9	27	25	30	21	27	20	5	0	0	9	9	22	0	0	15	12	19	24
Curtobacterium.240	5	0	57	17	52	30	95	88	37	42	56	24	56	49	36	57	28	47	33	68	31	76	25	19	0	0	0	0	3	5	0	0	1	0	1	9	2	21	20	0	37	1	0	3	0	15	0	9	1	0	35	19	20	80	0	75	12	3	0	84	6	7	10	19	32	32	9	43	128	70	350	127	79	33	31	25	8	8	2	0	6	2	1	0	4	30	2	1	29	5	3	2	12	6	6	5	38	0	21	2	49	2	8	20	43	28	58	77	11	10	13	22	60	74	83	57	17	58	42	61	48	44	28	103	92	74	118	89	46	0	61	33	71	55	89	65	76	22	30	25	0	19	0	32	40	64	44	60	76	194	307	41	28	35	25	19	446	22476	207	20	40	45	37	29	55	29	66	75	55	52	72	26	12	3	0	19	29	37	2	2	44	32	35	54
Curtobacterium.241	2	0	44	11	48	23	99	82	30	38	48	40	52	36	55	43	20	37	18	49	21	45	20	19	0	0	0	0	2	4	0	0	3	0	2	8	3	8	10	0	39	0	0	5	0	17	0	10	2	0	24	17	14	59	0	71	6	2	2	55	3	10	19	9	9	22	14	28	52	48	204	60	96	38	31	24	4	6	3	1	9	1	0	0	2	25	2	1	23	2	0	1	9	4	2	2	35	0	12	3	36	2	11	17	43	23	56	46	11	9	8	23	72	85	67	37	28	37	47	61	52	21	26	91	65	60	80	57	25	0	46	33	40	55	57	44	47	21	28	32	1	31	0	24	40	40	33	55	62	134	136	20	21	34	26	4	210	12479	111	21	25	32	31	29	43	13	37	53	43	35	44	16	4	0	0	10	22	24	1	0	40	12	27	43
Curtobacterium.242	0	0	4	1	2	3	8	4	2	2	0	5	4	1	5	6	0	2	0	4	2	4	1	4	0	0	0	0	0	1	0	0	0	0	0	0	0	0	0	0	1	0	0	0	0	2	0	1	0	0	3	2	1	4	0	6	0	0	0	2	0	0	2	2	0	0	0	2	6	1	12	3	3	0	2	3	0	0	0	0	0	0	0	0	0	2	1	0	2	0	0	0	0	0	0	0	5	0	0	0	2	0	2	1	2	1	3	5	1	1	0	2	1	6	1	3	0	3	0	14	0	1	5	5	3	4	5	4	1	0	1	6	1	2	1	4	2	0	3	3	0	0	0	1	0	0	1	2	2	15	5	3	0	0	1	0	6	594	6	4	3	3	3	2	0	0	0	2	3	1	5	2	0	0	0	0	0	2	0	0	1	0	3	7
Curtobacterium.243	1	0	30	11	33	22	71	80	26	23	31	19	23	39	31	40	18	17	28	47	16	53	11	16	0	0	2	0	2	0	0	0	1	0	0	6	0	8	8	0	22	0	0	0	1	8	0	7	0	0	24	8	10	35	0	42	6	0	1	30	1	9	10	12	11	12	4	19	88	47	28	47	50	38	17	28	9	1	2	0	8	1	0	0	2	20	4	0	11	3	1	0	8	3	1	2	16	0	16	0	22	1	7	10	28	16	30	37	2	9	6	19	33	55	54	42	13	39	43	44	44	37	26	118	51	34	41	48	31	0	26	28	43	33	35	44	39	7	20	13	0	13	0	24	25	17	22	41	508	416	1164	468	10	23	20	4	140	2003	433	449	13	25	19	20	46	17	28	53	32	28	25	11	4	0	0	18	11	21	0	2	28	11	25	21
Curtobacterium.244	4	0	27	12	50	74	60	173	12	15	96	37	236	195	19	37	26	24	242	430	199	609	8	7	0	0	0	0	0	6	0	0	0	0	1	5	5	7	11	0	10	1	3	0	1	9	1	13	21	0	15	6	39	25	0	27	4	0	1	41	4	32	6	154	8	10	13	19	17	22	12	38	35	10	5	17	132	104	29	19	15	1	0	1	0	22	108	0	17	0	6	1	18	133	3	220	27	0	12	1	13	1	5	7	25	22	17	25	444	203	29	320	118	264	103	120	667	294	387	415	662	569	392	595	134	129	463	151	13	0	27	137	29	35	57	32	24	9	11	13	0	55	2	76	14	12	15	22	41	110	35	8	9	8	9	4	17	18	34	12	5	11	11	9	405	121	158	148	186	74	109	66	42	6	0	37	38	110	7	9	116	30	89	108
Curtobacterium.245	0	0	8	2	22	16	32	177	8	2	2	15	10	13	13	17	8	4	2	13	3	23	4	5	0	0	14	0	16	4	0	0	10	0	0	16	39	16	1	0	67	7	0	0	0	5	0	0	4	0	1	12	15	10	0	5	0	0	0	4	0	36	18	24	1	5	2	4	6	4	3	9	10	3	7	3	7	0	9	3	1	0	0	0	0	2	2	0	11	0	5	1	1	2	0	1	12	0	4	0	12	0	7	32	7	1	8	6	6	22	3	8	9	46	35	15	4	81	23	99	2	4	4	10	11	9	15	14	5	0	5	1	17	11	8	8	12	3	5	3	0	5	0	4	0	1	3	2	11	17	3	3	2	1	1	1	3	11	22	12	2	3	2	6	134	16	25	11	18	1	7	1	2	12	0	85	3	2	1	0	13	4	11	5
Curtobacterium.246	3	0	14	3	30	32	69	142	7	5	13	32	14	10	31	28	13	9	4	40	8	18	9	7	0	0	39	0	22	6	0	0	10	0	0	30	47	12	6	0	79	8	0	0	1	7	3	1	16	0	9	12	31	3	0	10	1	0	0	5	0	84	25	25	4	2	3	6	8	4	5	16	13	7	4	7	15	2	6	0	1	0	0	0	0	1	3	0	23	0	10	0	7	7	2	7	14	0	9	0	17	1	11	46	3	4	17	12	6	37	2	14	26	65	67	25	10	109	26	142	5	8	7	11	18	18	21	21	10	0	6	3	22	6	15	7	14	5	6	6	1	4	0	4	12	10	5	13	14	19	5	3	6	7	7	1	1	24	11	12	2	3	1	5	27	21	51	17	20	11	10	13	4	6	0	123	10	7	2	0	14	12	13	9
Curtobacterium.247	2	0	26	5	254	15	36	101	22	28	36	31	38	40	239	157	417	63	96	626	746	476	7	15	0	0	1	0	1	2	0	0	0	0	2	2	6	5	13	0	30	2	3	2	0	12	0	9	1	0	27	10	12	35	0	42	10	2	2	42	6	8	15	37	12	23	13	17	21	25	23	55	50	21	21	21	8	1	1	1	2	3	1	1	1	21	4	0	5	5	6	1	66	4	3	2	24	0	11	1	24	1	7	20	22	19	22	29	6	41	2	20	49	60	48	40	13	95	52	46	78	88	198	161	553	993	2398	665	32	0	33	23	516	458	596	385	44	15	21	16	1	15	1	30	37	26	18	41	32	101	52	8	16	16	19	7	9	30	43	8	13	59	32	25	3107	1101	1386	1131	22	28	32	28	9	4	0	19	16	43	6	2	1663	920	454	610
Curtobacterium.248	1	0	10	4	15	19	44	84	13	5	15	26	5	9	26	25	12	9	3	48	9	22	4	8	0	0	15	0	16	3	0	0	11	0	0	17	21	6	3	0	50	6	0	0	0	10	0	6	0	0	12	14	42	17	0	12	2	0	0	12	1	22	14	16	6	8	5	6	10	6	5	19	16	3	6	4	17	3	6	4	3	0	0	2	0	2	3	0	18	0	4	1	3	4	4	5	14	0	5	0	15	0	7	35	9	4	15	14	0	22	4	12	30	69	64	24	5	84	27	114	9	7	3	7	21	9	27	17	9	0	8	9	26	6	18	5	10	6	12	8	0	2	0	10	9	6	2	14	17	25	7	3	6	0	3	6	4	14	40	23	2	8	6	4	46	15	26	16	31	8	19	4	14	6	0	71	3	7	2	1	31	14	28	11
Curtobacterium.249	0	0	0	0	0	0	0	0	0	0	0	0	0	0	0	0	0	0	0	0	0	0	0	0	0	0	0	0	0	0	0	0	0	0	0	0	0	0	0	0	0	0	0	0	0	0	0	0	0	0	0	0	0	0	0	0	0	0	0	0	0	0	0	0	0	0	0	0	0	0	0	0	0	0	0	0	0	0	0	0	0	0	0	0	0	0	0	0	0	0	0	0	0	0	0	0	0	0	0	0	0	0	0	0	0	0	0	0	0	0	0	0	0	0	0	0	0	0	2	1	0	0	0	0	0	0	0	0	0	0	0	0	0	0	1	0	0	0	0	0	0	0	0	0	0	0	0	0	0	0	0	0	0	0	0	0	0	0	0	0	0	0	0	0	0	0	0	0	0	0	0	0	0	0	0	0	0	0	0	0	0	0	0	0
Curtobacterium.25	0	0	0	0	0	0	0	1	0	0	1	0	0	4	0	0	0	0	1	1	0	1	0	1	0	0	1	0	0	0	0	0	0	0	0	0	0	0	0	0	1	0	0	0	0	0	0	0	0	0	0	2	1	0	0	1	2	0	0	3	0	0	0	1	0	0	0	0	0	1	0	0	1	0	0	0	0	0	0	0	0	0	0	0	0	1	0	0	0	0	0	0	1	0	0	0	0	0	0	0	0	0	1	0	0	0	0	0	0	0	0	1	0	1	0	0	0	0	3	3	0	0	0	1	1	0	0	1	0	0	0	0	0	2	0	0	1	0	0	0	0	0	0	0	0	0	0	0	2	0	1	1	0	0	0	0	0	1	1	0	0	0	0	0	0	0	1	0	0	0	0	0	0	0	0	0	0	0	0	0	0	2	1	0
Curtobacterium.250	3	0	52	17	55	56	177	98	22	25	23	29	27	26	82	55	56	29	25	51	31	41	8	13	0	0	43	0	5	4	0	0	2	0	1	7	4	19	9	0	25	1	0	0	0	11	0	7	3	0	10	14	168	29	0	28	4	0	0	28	7	15	51	42	11	13	9	35	22	11	11	32	56	25	30	29	9	2	1	0	6	0	1	0	2	19	70	0	45	1	23	2	5	3	4	6	18	0	10	1	26	12	10	23	42	16	31	28	12	24	10	32	70	309	144	48	482	2226	666	4490	16	28	31	81	51	75	349	162	27	0	35	20	74	95	187	108	55	16	22	10	2	78	1	57	23	32	15	33	37	94	30	22	18	8	13	8	14	29	49	8	14	21	17	16	107	34	77	46	442	133	311	24	15	1	0	70	53	52	0	2	52	65	158	317
Curtobacterium.251	0	0	14	7	23	8	29	67	5	10	22	16	17	4	18	18	15	16	11	39	9	18	2	5	0	0	18	0	10	7	0	0	6	0	0	11	21	7	6	0	38	7	0	0	0	2	2	5	4	0	9	21	42	11	0	5	5	0	0	18	3	21	11	12	6	8	3	4	5	4	6	22	18	7	5	6	16	4	6	1	0	0	0	1	1	5	2	0	17	0	8	1	1	5	1	4	25	1	5	0	13	0	6	30	15	4	18	13	5	20	0	7	39	49	49	14	14	75	26	106	10	7	5	21	17	16	23	20	14	0	7	2	12	19	26	14	18	5	9	12	0	2	0	12	5	14	7	13	17	25	15	5	5	4	3	3	1	31	37	13	6	1	5	9	56	11	35	17	33	5	20	8	11	3	0	63	5	13	0	0	94	20	49	15
Curtobacterium.252	4	0	32	12	75	44	239	223	16	16	32	19	36	25	42	45	19	20	27	94	36	43	15	7	0	0	6	0	19	1	0	0	3	0	4	19	1	25	10	0	419	1	0	0	0	13	1	9	13	0	29	11	8	33	0	41	11	2	1	30	4	89	68	328	13	8	6	23	22	16	14	31	38	13	10	17	10	0	0	1	4	0	0	0	2	220	15	1	4	2	7	1	8	5	1	0	22	0	8	1	24	4	6	9	19	13	20	33	7	9	11	22	35	38	53	29	60	59	73	540	39	41	20	109	88	36	95	57	21	0	17	18	38	45	79	92	44	8	16	9	0	7	1	29	34	27	21	28	39	81	86	9	12	21	10	4	3	52	29	5	14	21	16	14	54	14	39	44	35	26	24	11	7	14	0	133	11	35	1	3	717	108	3822	141
Curtobacterium.253	6	0	55	17	48	45	275	236	38	31	55	35	42	42	70	75	39	36	20	46	21	72	17	10	0	0	2	0	4	2	0	0	0	0	2	6	3	16	20	0	29	1	0	1	0	21	1	16	0	0	21	21	25	62	0	41	7	1	0	51	3	6	17	22	19	21	9	27	30	36	13	81	144	22	40	33	9	0	4	2	23	2	2	0	4	35	40	0	24	3	6	1	8	5	4	2	29	0	24	0	31	23	7	63	33	38	64	53	12	23	18	126	78	97	69	46	263	561	204	1059	30	35	18	69	68	100	118	117	33	0	48	25	66	145	132	112	95	23	50	22	0	47	0	35	28	25	29	45	78	151	87	35	27	18	8	13	7	69	54	12	17	33	28	30	88	19	43	57	443	107	203	80	10	0	0	50	28	32	5	2	41	48	63	161
Curtobacterium.254	2	0	32	9	40	25	80	65	35	31	27	15	37	29	43	31	22	38	19	32	19	25	12	13	0	0	0	0	0	1	0	0	0	0	3	9	3	6	12	0	17	0	0	0	0	22	2	8	0	0	25	23	10	56	0	51	12	0	1	35	6	6	7	9	13	16	9	16	22	23	18	46	74	22	24	35	6	5	0	1	7	0	1	0	4	21	0	0	12	2	2	4	5	7	1	2	24	0	9	0	50	3	4	22	40	24	55	39	2	12	12	16	46	49	27	26	9	22	12	30	7	15	10	21	34	26	38	26	33	0	31	17	27	19	19	21	47	24	32	15	0	20	3	32	29	32	18	45	51	196	70	5	23	22	14	8	2	40	36	13	14	14	28	29	28	15	29	40	37	28	30	9	4	1	0	8	24	31	0	3	16	8	19	30
Curtobacterium.255	5	0	46	12	74	25	133	102	38	40	42	32	57	53	44	57	24	24	14	47	18	33	18	21	0	0	0	0	1	2	0	0	1	0	3	10	1	9	21	0	27	3	1	0	0	23	1	6	1	0	35	29	14	56	0	48	3	2	0	72	3	8	6	11	16	12	7	10	25	31	22	45	94	38	16	33	3	4	1	0	13	0	1	0	4	29	1	1	14	3	2	0	6	0	2	2	32	0	18	0	54	0	7	23	48	48	67	61	8	13	12	31	68	76	54	50	14	39	29	32	13	21	4	17	39	32	46	50	35	0	56	27	46	27	47	27	56	27	35	28	0	20	2	40	30	40	32	51	55	211	100	14	23	23	13	7	4	60	48	10	21	38	36	42	36	19	27	59	46	42	66	21	8	1	0	21	21	34	1	2	30	21	21	44
Curtobacterium.256	8	0	48	15	42	27	90	80	26	27	52	28	42	35	43	59	32	34	24	35	36	44	21	9	0	0	0	0	2	2	0	0	2	0	6	6	2	11	11	0	32	1	1	0	0	66	1	9	1	0	90	70	12	89	0	67	12	0	0	83	8	11	14	12	17	27	11	22	30	34	29	53	102	28	25	33	5	2	4	1	3	3	3	0	1	21	6	0	18	2	2	2	8	6	1	2	41	0	9	2	445	3	27	17	45	27	67	56	5	13	5	18	78	101	72	52	14	35	62	56	78	76	40	219	70	53	92	49	33	0	49	44	47	68	59	51	66	21	40	20	1	27	2	21	32	38	32	48	75	154	64	22	23	19	17	11	6	51	57	4	24	33	34	43	37	29	58	74	39	43	67	24	12	1	0	22	27	43	3	3	37	18	28	38
Curtobacterium.257	4	0	21	5	21	9	36	44	21	16	13	14	31	24	30	32	15	23	10	34	9	18	12	9	0	0	0	0	0	3	0	0	1	0	5	6	1	9	15	0	19	0	1	0	0	153	7	8	0	0	168	288	12	32	0	20	9	0	0	47	8	6	6	5	12	5	5	10	22	9	11	24	43	15	10	9	1	2	2	0	3	0	0	2	1	15	3	2	5	2	0	0	4	9	0	3	42	0	17	0	345	4	29	13	16	12	22	19	2	7	2	8	31	46	40	30	13	31	24	26	44	33	27	121	20	23	33	28	10	0	29	18	28	15	21	12	32	7	11	20	0	10	2	22	17	18	13	34	27	84	44	10	8	10	8	3	3	41	29	6	11	16	17	21	23	11	32	28	30	21	22	11	3	0	0	3	7	28	1	0	16	7	23	12
Curtobacterium.258	1	0	2	4	5	11	11	12	2	6	9	11	11	3	10	10	5	7	6	30	9	21	4	1	0	0	0	0	1	6	0	0	1	0	1	2	4	1	3	0	10	1	0	0	0	68	17	3	2	0	43	390	50	8	0	7	2	0	0	3	1	4	2	1	0	6	4	2	5	5	4	15	13	5	5	8	7	1	6	5	0	0	0	3	0	3	1	1	70	0	7	0	3	7	2	3	216	0	136	0	123	26	48	52	5	2	11	6	3	3	1	1	15	16	28	9	5	63	14	38	4	4	2	9	25	10	30	21	2	0	8	5	9	8	10	9	12	4	5	2	0	5	0	5	6	3	3	12	11	29	2	4	6	3	3	1	3	17	27	19	6	6	5	3	3	2	12	5	9	4	13	6	2	1	0	3	3	8	1	1	7	10	5	8
Curtobacterium.259	4	0	23	16	60	28	79	92	24	34	39	20	48	34	46	31	18	22	14	35	19	24	22	15	0	0	0	0	1	2	0	0	2	0	3	6	4	9	13	0	23	1	0	1	0	14	0	10	2	0	43	39	15	46	0	43	12	2	1	51	7	6	11	4	14	9	14	19	22	19	12	50	87	29	31	20	4	0	4	0	13	1	0	1	4	19	1	0	10	5	1	4	12	1	4	3	27	0	38	0	37	4	9	18	40	30	63	49	6	21	18	18	59	57	47	46	16	21	16	35	11	20	11	27	50	23	63	31	45	0	56	26	47	34	35	27	65	29	27	19	0	39	3	43	33	25	22	38	71	220	146	17	13	28	17	10	4	47	34	12	23	25	27	28	24	8	35	51	41	43	33	20	8	0	0	10	18	32	3	2	30	10	21	30
Curtobacterium.26	5	0	59	20	55	44	331	264	28	41	35	40	47	49	82	90	51	35	22	56	31	44	14	25	0	0	4	0	1	7	0	0	1	0	7	15	7	13	29	0	42	1	2	0	0	17	0	17	8	0	33	19	26	77	0	67	8	1	0	63	7	18	29	28	19	35	9	38	22	28	27	72	143	43	47	54	18	2	2	3	25	1	0	0	2	33	38	1	19	3	3	1	11	6	5	2	41	0	15	1	37	31	12	78	50	34	57	59	57	47	14	212	57	136	69	55	242	615	209	1239	32	50	40	103	88	122	163	129	32	0	38	26	81	185	147	140	67	22	35	33	0	52	2	62	20	39	35	58	67	175	105	25	21	19	18	14	8	91	80	19	24	35	27	26	105	31	70	65	489	109	249	64	12	2	0	77	46	41	5	2	44	61	62	157
Curtobacterium.260	0	0	0	0	0	0	0	0	0	0	0	0	0	0	0	0	0	0	0	1	0	0	0	0	0	0	0	0	0	0	0	0	0	0	0	0	0	0	0	0	0	0	0	0	0	1	0	0	0	0	0	0	0	0	0	0	0	0	0	0	0	0	0	0	0	0	0	0	0	0	0	0	0	0	0	0	0	0	0	0	0	0	0	0	0	0	0	0	0	0	0	0	0	0	1	0	0	0	0	0	0	0	0	0	0	0	0	0	0	0	0	0	0	0	0	1	0	0	0	0	0	0	0	0	0	0	0	0	0	0	0	0	0	0	0	0	0	0	0	0	0	0	0	0	0	0	0	0	0	0	0	0	0	0	0	0	0	0	0	0	0	0	0	0	0	0	0	0	0	0	0	0	0	0	0	0	0	0	0	0	0	0	0	0
Curtobacterium.261	6	0	46	12	65	33	112	98	17	40	57	31	51	42	64	55	28	38	22	45	21	34	17	20	0	0	0	0	3	3	0	0	0	0	1	8	5	5	26	0	39	1	0	0	0	22	0	19	2	0	45	40	12	59	0	60	11	1	1	78	5	7	12	10	24	27	11	22	15	33	15	57	125	42	29	56	6	1	3	0	6	0	0	0	3	22	5	1	12	2	2	1	5	3	0	3	50	0	24	0	48	2	6	24	41	33	59	74	7	12	7	41	64	86	47	43	15	47	32	42	10	14	14	22	52	23	53	43	39	0	65	26	50	36	48	31	93	22	47	18	2	30	3	44	30	31	28	60	78	247	106	18	30	25	21	7	14	62	53	16	25	41	48	38	36	20	50	63	40	43	77	15	12	0	0	4	21	27	0	0	40	22	16	39
Curtobacterium.262	2	0	23	7	29	19	55	48	25	12	22	18	19	23	23	37	16	10	7	47	17	35	11	4	0	0	2	0	0	0	0	0	0	0	0	3	1	6	8	0	22	1	0	0	0	715	21	21	1	1	366	961	20	30	0	31	7	0	0	26	5	6	11	33	14	4	9	11	21	15	13	43	46	20	24	22	126	9	40	7	5	1	1	5	6	15	22	7	16	2	23	3	4	21	2	16	1198	0	728	12	3151	125	224	281	12	11	33	26	11	37	5	50	43	146	119	37	125	448	89	237	44	37	16	83	41	26	48	41	15	0	25	7	38	16	26	19	33	5	5	9	4	25	0	20	24	11	13	98	37	78	46	4	14	11	11	2	11	33	28	4	22	17	19	17	32	13	27	29	23	18	28	8	5	1	0	12	12	22	0	0	13	9	33	18
Curtobacterium.263	0	0	0	1	0	1	1	0	0	0	2	1	0	0	0	1	0	0	0	0	0	0	1	0	0	0	0	0	0	0	0	0	0	0	0	0	0	0	0	0	2	0	0	0	0	0	0	0	0	0	0	0	0	0	0	0	0	0	0	0	0	0	1	0	0	0	0	0	0	0	0	0	0	0	1	0	0	0	0	0	0	0	0	0	0	0	0	0	0	0	0	0	0	0	0	0	0	0	0	0	0	0	0	0	1	0	0	0	0	0	1	0	0	0	1	0	0	0	0	0	0	2	0	0	2	1	1	0	0	0	1	0	0	0	0	0	0	1	0	0	0	2	0	0	1	0	0	0	0	1	0	0	0	0	0	0	0	0	0	0	2	0	0	0	1	0	0	0	0	0	0	0	0	0	0	0	1	0	0	0	0	0	0	1
Curtobacterium.264	7	0	47	19	53	27	83	79	13	34	57	32	44	47	55	53	26	39	26	73	26	54	13	14	0	0	0	0	2	2	0	0	0	0	3	14	3	13	16	0	29	0	1	0	0	338	3	10	3	1	260	343	19	69	0	38	9	0	0	52	7	12	11	14	16	30	12	26	24	28	20	40	71	17	31	35	4	1	3	3	6	0	2	0	2	23	2	1	17	4	1	2	12	4	2	6	33	0	16	1	743	1	22	12	32	21	36	42	8	14	19	30	77	110	80	65	15	47	57	54	74	73	30	218	52	53	81	49	33	0	35	28	60	43	47	38	61	26	32	36	0	30	1	34	31	29	30	57	53	162	52	25	35	28	22	7	12	43	52	11	26	27	29	44	38	23	53	60	53	35	55	25	8	1	0	8	17	41	1	0	45	21	32	29
Curtobacterium.265	9	0	49	31	112	37	153	143	66	56	70	39	79	66	68	72	21	35	15	53	33	51	28	23	0	0	0	0	2	2	0	0	1	0	4	12	4	10	31	0	36	0	0	0	0	36	1	13	0	0	64	52	27	93	0	62	16	0	2	74	10	20	16	21	44	32	22	25	49	45	36	72	134	52	53	55	6	1	4	1	13	0	0	2	4	43	5	3	27	3	0	7	10	6	5	3	44	0	35	1	87	8	16	33	68	44	88	84	8	27	27	41	91	99	76	73	28	56	24	52	14	35	22	40	60	55	79	66	63	0	81	59	77	40	51	40	108	53	62	38	0	47	4	68	52	48	45	92	102	315	208	18	29	22	23	11	13	97	77	18	44	39	57	45	48	17	61	111	58	51	91	42	12	2	0	11	29	39	1	2	43	21	30	67
Curtobacterium.266	1	0	30	6	39	35	85	50	23	16	26	17	36	26	29	39	11	25	6	39	8	35	11	13	0	0	0	0	3	1	0	0	0	0	3	12	2	8	15	0	17	0	0	1	1	17	0	5	2	0	15	11	3	34	0	41	1	0	0	70	4	4	11	3	6	16	7	8	13	15	9	18	63	17	9	22	2	0	0	0	6	1	0	0	0	21	1	0	8	0	1	3	4	2	2	1	22	0	12	1	43	1	2	15	40	29	41	27	2	10	18	24	41	39	25	33	8	25	22	19	7	16	10	15	22	24	34	32	27	0	46	21	30	25	31	16	45	18	23	11	0	20	1	27	26	16	22	50	39	120	65	11	13	14	10	8	4	43	29	7	24	21	27	35	20	10	22	49	30	21	42	20	7	0	0	7	12	30	1	0	15	13	17	20
Curtobacterium.267	3	0	28	10	61	45	107	98	20	24	25	23	53	44	31	48	27	39	13	58	22	38	25	17	0	0	0	0	1	2	0	0	1	0	3	8	2	5	20	0	33	2	1	0	1	18	0	8	2	0	29	25	11	43	0	43	8	1	0	58	8	12	8	8	21	12	11	21	9	20	9	23	95	32	21	35	1	0	4	0	6	1	0	1	3	21	3	0	13	0	2	2	3	1	1	2	25	1	22	0	50	1	8	22	52	31	59	58	11	13	12	21	63	68	46	45	19	26	19	41	8	27	12	33	36	40	46	34	13	0	64	29	38	25	30	30	52	28	43	23	1	32	4	45	31	29	33	25	61	157	96	9	16	12	7	6	2	47	45	3	25	29	33	45	31	14	22	51	38	46	59	23	9	1	0	2	12	17	3	4	35	9	22	32
Curtobacterium.268	5	0	22	9	37	29	50	61	21	10	27	26	44	29	22	35	16	17	19	35	18	44	14	3	0	0	1	0	0	1	0	0	0	0	4	3	0	3	11	0	17	0	1	0	0	186	6	9	1	0	238	403	10	43	0	46	15	1	1	55	9	9	3	5	16	21	9	21	18	8	19	36	43	19	22	23	3	0	2	1	2	2	1	0	0	21	6	2	4	2	5	0	6	6	1	3	30	0	17	0	416	2	18	9	37	17	31	28	5	10	3	26	46	64	52	28	17	23	33	26	58	44	40	147	41	33	50	38	12	0	41	28	29	26	33	22	39	14	27	17	0	10	0	18	19	23	24	45	38	98	41	21	16	12	6	3	8	32	39	7	21	21	25	16	31	17	32	48	47	27	31	22	3	1	0	6	12	26	3	1	20	14	22	24
Curtobacterium.269	0	0	3	5	10	5	28	38	10	5	20	20	10	6	12	20	11	5	5	44	12	15	5	1	0	0	8	0	11	3	0	0	4	0	0	5	13	6	3	0	56	6	0	0	0	4	1	2	3	0	3	12	31	12	0	9	1	1	0	8	0	10	4	9	2	4	6	6	4	1	4	10	6	2	7	9	10	1	4	2	0	1	0	1	0	4	1	0	12	0	4	2	4	2	4	4	17	0	10	0	14	2	6	21	7	3	5	11	5	12	2	5	22	42	35	10	5	44	16	63	2	2	6	16	18	8	18	27	5	0	7	5	10	13	22	11	20	8	6	8	0	5	0	3	5	5	5	8	16	21	11	2	3	3	3	1	3	17	28	18	2	5	4	6	25	4	37	13	14	3	7	3	4	2	0	35	1	3	0	0	20	21	14	9
Curtobacterium.27	1	0	5	9	21	14	52	181	5	8	25	42	11	8	13	19	4	6	2	9	8	6	3	7	0	0	11	0	15	11	0	0	8	0	0	8	34	4	4	0	18	0	0	0	0	7	3	0	6	0	19	19	24	10	0	13	1	0	0	4	0	33	19	11	4	3	2	7	4	4	4	15	11	1	5	8	26	1	16	5	1	0	0	2	0	5	7	0	19	2	2	1	0	9	4	10	22	0	12	0	25	4	20	82	4	4	7	4	3	15	1	5	28	114	92	38	16	144	32	228	1	6	0	5	10	11	13	10	9	0	5	5	3	9	14	1	13	4	2	5	0	5	0	13	4	5	8	7	7	21	5	1	4	2	2	2	8	24	17	7	0	2	3	6	6	8	18	10	11	3	4	5	2	0	0	18	7	12	0	0	4	4	14	6
Curtobacterium.270	4	0	21	7	49	40	223	189	12	22	28	29	25	36	36	31	23	20	16	99	57	37	9	17	0	0	10	0	14	4	0	0	3	0	5	8	2	26	11	0	439	0	0	0	0	11	0	10	9	0	20	14	15	37	0	31	6	1	1	31	5	86	82	288	14	10	11	20	24	23	16	40	29	17	9	20	11	4	5	0	4	0	0	1	3	211	7	3	9	0	4	1	11	3	3	2	23	0	8	0	38	3	9	13	13	12	21	27	6	8	9	34	39	66	27	31	60	66	87	642	59	53	23	113	95	45	113	54	25	0	24	23	53	35	40	75	28	13	17	9	0	10	0	17	17	14	18	17	35	70	106	12	13	18	13	5	6	60	35	6	5	23	16	18	70	22	38	44	20	28	28	17	5	8	0	118	17	31	2	3	418	48	2781	82
Curtobacterium.271	1	0	7	4	21	22	52	131	4	4	16	44	10	9	14	13	7	3	3	26	8	5	1	5	0	0	7	0	6	8	0	0	11	0	2	12	18	7	2	0	17	3	0	0	1	12	6	4	3	0	8	17	43	2	0	7	0	0	0	6	1	13	10	9	3	1	4	8	3	0	2	11	7	7	3	7	47	5	17	6	3	0	0	0	0	6	3	2	25	0	11	3	2	24	5	8	12	0	6	0	35	0	15	80	2	2	7	8	2	17	1	9	64	165	149	44	16	248	56	345	5	2	2	7	10	8	23	9	3	0	5	3	6	5	7	3	10	3	7	4	1	6	0	2	3	5	3	4	12	15	6	1	3	2	3	1	7	12	11	11	5	6	1	6	10	4	19	11	15	7	6	3	1	0	0	28	0	6	0	1	8	6	18	1
Curtobacterium.272	13	0	45	13	56	42	97	84	47	34	47	33	53	32	53	63	54	34	34	59	32	83	17	28	0	0	1	0	2	5	0	0	0	0	3	15	1	16	14	0	43	0	0	0	0	18	0	8	3	0	44	29	30	85	0	61	5	2	3	66	19	5	10	16	15	20	20	32	39	33	28	95	80	29	41	52	3	1	3	1	9	0	0	3	5	26	12	0	22	1	2	4	7	4	2	4	64	0	15	2	42	1	9	13	43	31	53	58	10	36	12	27	82	100	89	67	47	128	1562	98	42	46	26	97	85	57	104	73	51	0	49	31	85	63	62	53	76	28	36	30	1	6	0	33	40	41	56	76	64	152	57	21	43	15	19	13	6	74	64	16	29	28	31	47	53	25	63	76	52	51	63	33	12	1	0	15	23	36	4	3	44	26	27	47
Curtobacterium.273	2	0	6	7	8	12	13	40	5	10	11	11	12	11	12	21	29	10	6	21	7	7	2	4	0	0	2	0	8	25	0	0	3	0	2	9	3	2	3	0	14	22	0	0	0	10	1	6	1	0	5	17	54	6	0	9	1	0	1	6	1	6	15	6	9	6	3	4	17	6	10	19	10	13	6	6	30	2	8	3	2	0	1	0	1	6	3	1	10	0	5	0	9	17	7	2	22	0	9	0	60	1	10	14	11	7	11	16	6	4	0	7	23	23	34	16	13	97	23	128	8	13	3	14	84	56	150	138	8	0	5	7	12	7	7	8	12	4	5	3	1	5	2	2	5	4	6	10	18	24	5	2	1	6	4	3	0	17	14	15	3	7	6	10	12	5	19	20	15	33	20	4	6	1	0	9	11	5	4	0	12	15	5	6
Curtobacterium.274	1	0	9	3	15	15	31	59	3	2	8	12	8	2	15	11	4	6	5	24	4	7	2	2	0	0	13	0	15	4	0	0	6	0	2	15	27	16	1	0	39	8	2	0	0	2	1	2	2	0	1	13	21	8	0	3	0	0	0	4	1	19	12	15	1	1	1	8	3	2	3	6	10	3	1	2	12	1	7	3	2	0	0	0	0	3	0	0	8	1	0	0	1	5	1	4	10	0	3	0	7	0	4	27	7	1	10	4	5	27	0	6	15	31	48	17	3	59	10	68	3	6	2	5	9	6	11	14	5	0	5	2	19	7	6	6	4	5	3	7	0	3	0	5	5	0	3	8	4	20	4	3	3	2	0	3	5	9	11	3	5	1	2	5	15	12	14	14	16	5	6	2	2	3	0	81	1	6	1	0	8	6	10	7
Curtobacterium.275	2	0	5	4	14	17	34	71	9	2	14	18	11	11	12	14	16	9	2	35	13	21	2	6	0	0	16	0	17	6	0	0	9	0	0	10	20	5	5	0	32	11	0	0	1	3	1	5	5	0	6	7	20	5	0	8	2	0	0	11	1	13	15	10	3	0	3	5	4	3	5	10	18	3	8	3	15	1	9	3	3	1	0	0	1	4	0	0	8	0	3	0	3	10	0	1	9	0	6	0	16	1	10	26	12	2	8	9	2	36	4	8	29	53	43	9	6	81	25	96	7	8	8	15	22	15	31	26	7	0	7	3	8	18	29	9	14	7	1	17	0	2	0	6	8	2	6	8	11	20	12	1	6	3	3	3	2	10	17	17	3	7	3	8	16	13	43	16	26	12	12	11	6	4	0	63	1	1	1	0	12	17	16	8
Curtobacterium.276	6	0	6	10	22	28	55	131	5	3	13	47	9	10	6	11	9	6	3	21	8	14	0	3	0	0	5	0	10	8	0	0	7	0	0	7	27	12	2	0	19	1	0	0	0	11	2	1	3	0	8	15	44	4	0	9	1	1	0	7	1	18	6	6	1	4	3	12	5	6	1	14	10	2	4	4	51	1	19	6	0	0	0	0	2	2	4	1	25	0	10	1	1	17	1	13	21	0	4	0	20	2	14	87	3	4	13	9	2	18	2	20	60	218	199	60	20	251	62	365	5	2	2	16	17	10	14	13	3	0	13	3	4	5	6	4	10	1	3	6	0	13	0	5	6	3	10	4	3	32	2	3	4	5	1	0	5	20	9	10	3	3	1	1	11	11	16	8	18	6	7	1	3	4	0	30	2	4	0	0	10	5	10	6
Curtobacterium.277	0	0	1	3	4	8	12	23	0	2	2	1	6	6	9	5	2	0	1	4	1	3	4	1	0	0	3	0	5	0	0	0	1	0	1	2	4	4	1	0	14	0	0	0	0	0	0	0	1	0	1	3	4	2	0	1	1	0	0	1	0	7	2	2	1	1	1	1	0	0	1	0	4	0	1	1	4	0	0	0	2	0	0	0	0	1	1	0	8	0	1	0	1	0	0	2	4	0	1	0	6	0	3	6	0	1	1	1	5	5	0	3	9	13	8	1	1	11	3	29	2	2	2	1	4	1	5	3	0	0	0	0	0	1	4	0	0	0	3	1	0	3	0	0	2	1	1	3	3	11	1	2	0	2	0	1	0	1	5	1	0	1	1	3	5	1	7	1	1	2	2	2	0	0	0	19	2	5	0	0	1	1	3	0
Curtobacterium.278	2	0	6	2	24	10	27	73	3	3	10	8	11	13	22	15	6	7	0	20	6	4	2	3	0	0	14	0	7	6	0	0	7	0	0	12	25	10	1	0	51	6	0	1	0	3	0	0	2	0	4	12	18	11	0	12	1	0	0	1	0	14	11	18	5	0	0	5	6	3	4	5	11	1	5	1	10	0	6	2	2	0	0	2	0	3	0	0	9	0	5	0	2	4	1	9	13	0	8	1	8	1	4	19	6	6	6	10	2	11	3	2	9	42	36	14	7	70	17	76	5	5	4	9	11	7	9	8	2	0	7	4	9	7	12	7	3	2	1	7	0	2	1	5	6	2	3	2	5	29	6	1	6	4	1	1	2	13	14	11	2	4	3	2	14	10	22	13	9	7	9	1	2	4	0	71	3	4	0	0	12	5	12	7
Curtobacterium.279	0	0	0	0	0	0	0	0	0	0	0	0	0	0	0	0	0	0	0	0	1	0	0	0	0	0	0	0	0	0	0	0	0	0	0	1	0	0	0	0	2	0	0	0	0	0	0	0	0	0	0	0	0	0	0	0	0	0	0	0	0	0	2	0	0	0	0	1	0	0	0	0	0	0	0	0	0	0	0	0	0	0	0	0	0	0	0	0	0	0	0	0	0	0	0	0	0	0	0	0	0	0	0	1	0	0	0	0	0	0	0	0	3	0	0	0	0	0	0	1	0	0	0	1	0	1	0	0	0	0	0	0	0	0	0	0	0	2	0	0	0	0	0	0	0	0	1	0	1	0	0	0	0	0	0	0	0	0	0	0	0	0	0	0	0	0	0	0	0	0	1	0	0	0	0	0	0	0	0	0	0	0	2	0
Curtobacterium.28	6	0	39	24	292	50	1893	450	24	99	62	100	79	37	29	40	16	15	18	35	16	43	50	13	0	0	2	0	0	31	0	0	5	0	5	6	3	33	27	0	60	3	1	0	0	14	1	9	4	1	14	15	20	38	0	37	4	1	2	42	3	29	104	13	16	14	14	16	22	30	20	62	801	534	285	317	26	2	5	4	11	1	1	0	3	29	7	0	28	5	21	1	4	1	1	2	36	1	51	0	28	2	21	335	34	44	87	159	9	7	10	16	85	211	98	64	17	61	45	67	33	33	19	67	38	30	49	38	31	0	30	29	35	42	40	30	354	22	119	45	0	29	1	130	30	27	17	58	145	105	38	23	25	15	14	6	12	105	30	13	15	22	17	31	23	17	46	40	45	35	55	12	5	1	0	6	19	31	1	3	30	19	29	31
Curtobacterium.280	1	0	5	5	13	12	30	73	7	4	12	26	16	8	22	18	5	9	0	24	5	11	2	4	0	0	19	0	8	1	0	0	2	0	0	13	22	11	1	0	32	9	0	0	0	7	1	2	4	0	3	7	16	10	0	13	1	1	0	14	0	14	20	10	3	3	2	3	4	1	7	18	7	6	2	2	8	2	5	4	3	1	0	1	2	4	3	0	20	0	3	0	1	4	2	11	8	0	14	0	12	2	5	32	2	5	11	4	9	27	2	5	13	40	30	11	8	65	22	99	4	5	1	7	12	9	16	17	5	0	7	5	9	8	11	7	9	3	5	7	0	6	1	7	7	8	1	6	10	26	5	2	3	4	3	0	2	22	16	11	2	7	7	4	6	8	26	12	13	3	6	1	2	3	0	70	4	4	0	0	8	12	10	3
Curtobacterium.281	2	0	9	4	12	15	30	80	0	3	15	10	10	9	8	18	7	2	1	17	1	22	2	6	0	0	17	0	12	3	0	0	7	0	0	18	27	3	1	0	36	7	1	0	2	3	0	0	1	0	2	7	28	5	0	8	0	0	1	5	0	17	10	16	1	2	0	6	4	4	5	21	11	2	6	2	9	1	4	0	1	0	0	0	2	2	0	0	6	0	3	0	1	0	2	7	15	0	7	0	6	1	7	25	3	1	7	6	5	19	3	9	18	45	32	10	6	42	18	71	14	4	2	20	9	20	16	20	3	0	4	3	10	5	8	5	9	1	7	4	0	1	1	5	7	4	8	6	6	22	8	0	3	5	3	1	2	10	10	9	2	4	3	5	18	11	14	17	14	4	12	8	10	1	0	83	2	6	0	0	9	3	8	14
Curtobacterium.282	1	0	5	3	12	9	33	72	1	4	15	12	11	5	17	14	7	3	2	32	16	14	1	3	0	0	31	0	8	5	0	0	7	0	0	11	19	5	4	0	34	8	0	0	0	2	1	3	2	0	8	14	29	10	0	3	0	0	0	6	0	17	26	17	2	8	1	4	6	4	4	9	3	5	5	4	11	0	5	2	0	0	0	0	0	3	7	0	6	0	7	0	1	5	2	4	9	0	4	0	15	1	3	35	3	1	17	8	4	18	1	5	16	38	41	14	11	85	23	108	4	7	4	6	8	8	11	17	5	0	4	2	7	8	9	6	16	2	7	1	0	5	0	7	5	10	8	12	10	20	6	4	0	3	0	2	4	13	12	8	1	5	10	3	14	5	24	6	7	3	10	1	0	5	0	62	0	4	0	1	17	6	15	4
Curtobacterium.283	2	0	6	7	18	20	29	107	8	5	10	17	19	8	29	15	13	7	3	23	8	25	2	5	0	0	30	0	18	3	0	0	6	0	2	29	29	10	2	0	39	3	0	0	0	7	1	4	3	0	14	16	39	10	0	12	2	0	0	14	1	20	20	31	2	7	1	6	3	4	4	13	6	5	4	10	18	0	16	1	0	1	0	0	0	0	1	0	16	3	6	1	2	5	0	3	22	0	6	0	16	1	8	35	6	1	13	19	1	28	1	10	16	41	42	21	12	72	19	102	2	4	1	13	12	20	13	18	9	0	12	7	18	3	13	8	18	3	10	6	0	7	0	8	8	4	7	8	8	13	2	5	2	2	1	1	0	15	16	8	1	7	6	7	16	17	30	16	13	8	8	11	1	2	0	107	11	7	0	0	8	7	12	6
Curtobacterium.284	0	0	7	5	17	8	29	76	5	1	12	19	14	9	17	15	5	13	0	12	4	7	2	0	0	0	19	0	14	2	0	0	7	0	0	12	22	7	1	0	40	4	0	0	0	4	0	2	5	0	2	6	24	12	0	1	1	0	0	4	3	12	17	16	1	3	1	2	3	4	2	15	7	1	0	3	9	0	6	1	1	1	0	0	0	5	1	0	10	0	1	0	2	7	3	5	7	0	2	0	7	0	2	23	5	2	12	2	6	18	2	3	15	32	33	12	6	54	15	66	5	4	2	12	8	8	19	11	7	0	7	4	8	4	12	13	12	1	1	1	0	3	0	1	4	1	2	2	5	11	0	1	1	2	2	1	3	10	6	3	2	2	5	6	9	16	18	9	9	5	6	2	3	2	0	84	7	4	0	0	5	4	7	4
Curtobacterium.285	0	0	0	0	0	0	0	0	0	0	0	0	0	0	0	0	0	0	0	0	0	0	0	0	0	0	0	0	0	0	0	0	0	0	0	0	0	0	0	0	1	0	0	0	0	0	0	0	0	0	0	0	0	0	0	0	0	0	0	0	0	0	0	0	0	0	0	0	0	0	0	0	0	0	0	0	0	0	0	0	0	0	0	0	0	0	0	0	0	0	0	0	0	0	0	0	1	0	0	0	0	0	0	0	0	0	0	0	0	0	0	0	0	0	0	0	0	1	0	0	0	0	0	0	0	0	0	0	0	0	0	0	0	0	0	0	0	0	0	0	0	0	0	0	0	0	0	0	0	0	0	0	0	0	0	0	0	0	0	1	0	0	0	0	0	0	0	0	0	0	0	0	0	0	0	0	0	0	0	0	0	0	0	0
Curtobacterium.286	11	0	58	22	51	41	110	88	48	38	69	32	70	54	84	98	54	47	98	221	82	220	16	7	0	0	0	0	1	3	0	0	2	0	6	11	5	12	24	0	39	1	1	0	0	23	0	18	2	0	45	27	27	78	0	80	5	0	1	76	13	12	17	42	32	44	18	33	36	30	35	113	111	34	53	58	8	9	2	2	8	1	1	0	7	28	24	0	20	4	4	0	31	6	4	7	47	1	15	0	35	3	10	18	36	42	67	63	12	16	16	19	81	108	89	48	163	120	200	1144	52	65	78	121	234	179	147	144	87	0	68	46	154	246	279	223	72	29	51	35	0	25	1	34	44	38	38	56	107	212	630	22	42	33	25	22	7	47	92	17	37	50	45	49	110	42	118	303	72	41	60	37	24	2	0	21	33	79	0	2	94	102	126	112
Curtobacterium.287	13	0	81	62	30	21	48	58	42	32	34	25	23	21	41	47	71	25	30	36	21	33	33	14	0	0	0	0	1	2	0	0	0	0	0	6	1	13	20	0	25	5	0	0	0	9	0	5	2	0	25	9	16	32	0	25	3	0	1	20	2	5	7	12	14	13	9	20	17	19	15	34	49	20	18	25	3	0	1	0	1	1	0	0	2	16	2	0	33	3	2	2	4	2	4	8	19	0	13	1	21	3	4	9	23	10	20	27	2	6	6	10	52	44	27	42	8	31	35	40	22	26	23	55	40	27	45	40	53	0	50	63	36	28	38	21	61	10	26	19	0	18	0	34	14	13	12	30	42	64	35	5	11	13	11	4	8	53	47	21	13	20	16	20	20	12	36	40	41	26	40	29	9	1	0	32	19	20	4	0	22	16	16	22
Curtobacterium.288	3	0	35	6	19	24	38	36	18	18	19	6	17	21	19	20	15	16	11	30	12	26	7	10	0	0	0	0	2	0	0	0	1	0	0	6	2	7	6	0	17	0	0	0	0	114	2	5	1	0	116	237	13	38	0	25	10	2	0	35	4	8	4	8	7	8	6	13	9	8	4	20	34	13	8	19	5	3	5	0	4	1	0	1	3	11	2	0	8	3	2	2	3	3	2	1	22	0	12	0	236	3	25	4	18	12	25	31	1	4	3	12	23	36	31	37	11	21	20	33	28	34	17	93	32	29	22	26	18	0	15	13	22	23	27	15	35	12	18	12	1	6	0	6	16	9	10	30	28	68	30	6	10	11	6	5	5	39	25	5	6	15	19	11	16	10	27	22	23	19	33	14	2	0	0	4	13	14	1	0	14	7	20	19
Curtobacterium.289	0	0	0	0	0	0	0	0	0	0	0	0	0	0	0	1	0	0	0	0	0	0	0	0	0	0	0	0	0	0	0	0	0	0	0	0	0	0	0	0	0	0	0	0	0	0	0	0	0	0	1	1	0	0	0	0	0	0	0	0	0	0	0	0	0	0	0	0	0	0	0	0	0	0	0	0	0	0	0	0	0	0	0	0	0	0	0	0	1	0	0	0	0	0	0	0	0	0	0	0	1	0	0	0	0	0	0	0	0	0	0	0	0	0	0	0	0	0	0	0	3	0	0	2	0	0	0	0	0	0	0	0	0	0	0	0	0	0	0	0	0	0	0	0	0	0	0	0	0	0	1	0	0	0	0	0	0	0	0	0	0	0	0	0	0	0	0	0	0	0	0	0	0	0	0	0	0	0	0	0	0	0	0	0
Curtobacterium.29	1	0	27	14	193	29	1240	306	15	79	48	67	55	25	38	36	11	5	11	30	11	27	41	13	0	0	0	0	1	15	0	0	4	0	2	6	2	17	22	0	21	3	0	0	0	9	1	5	1	0	13	3	9	36	0	25	6	1	0	29	3	20	26	8	8	9	6	19	12	7	15	35	533	403	180	190	19	3	2	7	12	2	2	0	2	12	3	1	19	3	13	0	6	1	0	1	25	0	26	1	20	0	22	275	25	37	69	79	6	6	4	14	54	141	73	35	20	37	23	45	11	13	12	33	26	23	29	30	10	0	30	11	21	22	21	25	213	16	91	39	0	20	0	82	18	16	16	19	99	54	21	12	9	9	9	2	8	82	30	8	12	16	7	14	22	6	17	34	24	34	37	7	8	1	0	2	12	16	0	1	9	9	23	21
Curtobacterium.290	2	0	26	11	31	25	60	62	26	21	29	25	30	22	40	33	22	18	11	40	20	37	10	5	0	0	6	0	5	9	0	0	6	0	1	7	2	14	6	0	22	2	1	0	1	152	6	9	0	0	36	93	57	36	0	30	4	1	0	40	2	4	2	8	7	5	4	18	17	13	22	45	61	17	16	20	10	1	10	1	4	0	1	1	2	17	5	0	20	0	11	0	6	6	5	2	58	0	133	2	118	4	26	43	26	15	37	26	5	7	6	12	43	59	62	31	11	103	29	70	19	23	5	53	41	37	50	42	17	0	21	13	34	14	44	18	31	10	25	10	0	8	2	24	25	27	22	41	36	80	16	12	14	12	10	6	2	37	64	45	13	30	17	16	42	11	35	35	20	17	32	19	0	0	0	12	14	19	1	0	14	14	16	21
Curtobacterium.291	4	0	28	17	47	40	72	71	32	32	44	39	43	31	50	71	39	36	33	58	28	54	29	14	0	0	0	0	0	5	0	0	0	0	5	4	0	10	15	0	20	0	0	0	1	54	1	11	2	0	57	46	22	80	0	85	11	4	0	78	7	11	11	18	22	18	11	27	43	38	39	93	85	26	27	28	13	2	2	1	9	2	0	0	1	29	6	0	16	2	7	0	9	9	0	5	38	0	20	1	280	3	8	9	33	30	52	51	10	16	16	16	63	91	74	63	18	41	48	57	75	74	54	200	67	61	106	61	41	0	37	36	59	51	37	36	65	27	25	22	1	12	0	27	38	45	30	59	62	168	50	19	30	33	28	24	5	50	68	12	19	27	29	31	58	18	58	51	37	34	62	15	6	1	0	10	27	45	1	0	38	29	34	55
Curtobacterium.292	0	0	1	0	0	0	0	1	0	0	0	0	0	0	0	0	0	0	0	1	0	1	0	0	0	0	0	0	0	0	0	0	0	0	0	0	0	0	0	0	1	0	0	0	0	1	0	0	0	0	0	2	3	1	0	0	0	0	0	0	0	1	1	0	0	0	0	0	1	0	0	0	0	0	1	0	0	0	1	0	0	0	0	0	0	0	0	0	1	0	0	0	0	0	0	0	0	0	0	0	0	0	0	0	0	0	1	1	0	1	0	0	2	10	4	0	2	8	3	8	1	4	0	0	0	2	0	0	0	0	0	1	0	2	0	0	1	0	1	1	0	0	0	0	0	0	0	0	0	4	0	0	0	0	1	0	0	0	0	0	0	0	0	0	0	0	1	0	0	0	0	0	0	0	0	1	0	0	0	0	0	0	0	0
Curtobacterium.293	5	0	20	6	11	14	28	59	6	12	17	12	14	30	17	30	14	10	7	66	14	32	12	6	0	0	4	0	3	9	0	0	8	0	0	9	10	6	5	0	15	6	0	0	0	13	1	0	1	0	6	22	60	26	0	16	2	0	0	24	1	3	14	10	11	8	7	9	6	8	6	22	27	9	4	10	17	3	12	2	2	0	0	1	1	4	1	1	22	5	1	1	2	5	2	6	21	0	14	0	36	2	24	135	16	5	18	22	5	20	1	7	26	48	46	14	6	60	20	104	10	6	5	20	23	21	35	26	8	0	16	4	21	13	20	12	21	6	16	5	0	4	0	7	12	11	19	12	21	48	12	6	9	8	5	2	2	16	34	22	7	10	8	18	18	10	26	21	25	12	14	3	6	3	0	36	5	8	0	0	12	8	9	10
Curtobacterium.294	2	0	19	6	16	19	45	93	11	16	13	17	9	15	16	24	15	13	8	38	12	25	4	1	0	0	19	0	14	5	0	0	1	0	1	9	18	9	6	0	35	7	0	0	0	8	2	9	2	0	10	17	65	12	0	13	0	0	0	18	3	11	18	11	2	1	7	5	6	12	2	18	26	7	11	9	17	1	4	1	2	0	0	0	0	7	0	1	27	1	3	1	1	7	2	3	21	0	11	0	21	0	5	35	12	8	19	13	8	15	2	7	25	52	55	26	8	92	26	98	8	4	7	14	30	20	28	29	8	0	9	6	27	11	32	7	20	6	11	3	0	12	1	7	7	10	9	11	13	26	9	9	5	5	6	3	3	23	30	22	7	6	7	4	28	10	37	15	24	16	14	14	1	2	0	55	5	9	1	0	16	21	19	18
Curtobacterium.295	8	0	64	26	71	53	136	120	58	62	66	48	77	77	75	88	55	52	24	108	44	98	27	23	0	0	0	0	1	2	0	0	1	0	5	13	2	14	30	0	78	0	0	0	0	42	0	20	3	0	70	34	25	104	0	99	14	0	1	113	12	16	13	22	39	44	13	39	50	42	39	60	147	48	51	47	16	4	6	0	9	4	0	1	2	35	7	0	30	8	2	5	13	3	3	5	51	0	23	1	65	2	20	26	71	50	122	102	14	13	20	43	116	124	95	83	34	72	70	98	59	66	36	113	76	72	118	109	56	0	74	30	81	75	72	71	128	38	68	31	0	25	2	36	52	53	59	81	112	217	52	30	50	39	16	21	18	85	72	25	50	60	56	72	86	26	77	111	80	96	86	47	12	1	0	19	25	48	4	0	42	27	39	74
Curtobacterium.296	3	0	70	15	74	55	159	118	54	49	61	44	79	65	105	88	50	67	29	92	40	84	29	21	0	0	1	0	5	3	0	0	1	0	1	11	5	25	14	0	31	0	0	0	1	21	0	14	3	0	69	32	23	109	0	97	13	2	0	91	13	10	18	17	30	32	15	41	54	38	31	92	130	44	48	54	14	1	5	4	4	0	1	2	3	32	15	1	29	6	3	1	12	3	2	2	71	1	28	0	103	2	17	29	67	58	69	88	18	23	17	31	125	146	99	90	20	78	37	86	50	68	21	122	64	60	106	76	55	0	65	47	80	59	69	47	87	36	51	36	0	32	0	52	42	60	54	84	86	263	57	22	42	44	27	26	22	79	96	22	44	55	50	58	51	27	57	92	66	65	101	35	12	1	0	10	26	62	3	0	27	25	39	67
Curtobacterium.297	5	0	70	24	17	24	54	50	25	21	28	19	32	41	80	68	102	31	16	49	26	47	22	9	0	0	0	0	1	3	0	0	0	0	2	8	1	17	15	0	30	1	0	0	1	11	0	5	0	0	19	18	15	37	0	22	12	0	0	50	8	7	10	30	11	17	6	15	19	13	17	34	31	24	26	33	5	3	0	0	3	0	1	0	2	16	2	0	35	3	1	1	5	2	0	0	42	0	12	1	21	3	8	15	21	15	33	27	5	5	3	10	44	56	34	27	13	31	23	31	19	29	21	59	36	38	58	41	66	0	78	186	31	46	35	23	49	11	31	22	0	8	0	15	11	13	14	33	36	92	32	9	5	14	7	5	6	49	52	23	22	18	25	24	37	11	33	69	62	16	52	21	10	2	0	21	48	80	1	0	18	13	24	19
Curtobacterium.298	7	0	52	18	63	44	102	105	36	41	50	34	53	52	62	86	34	37	28	70	43	69	26	19	0	0	4	0	2	4	0	0	1	0	1	9	3	16	22	0	32	0	2	0	0	24	1	13	4	0	42	29	34	54	0	48	13	0	0	63	6	14	10	25	17	21	15	28	26	29	29	58	78	29	25	44	6	4	1	1	9	1	1	0	2	34	12	0	27	6	0	1	16	9	2	11	36	1	9	1	38	2	8	22	30	37	67	67	6	14	16	23	88	128	74	45	18	57	56	102	37	46	30	139	65	59	93	74	42	0	53	49	67	142	82	55	85	26	38	25	1	29	3	33	40	36	35	46	69	158	52	17	26	26	8	7	8	69	65	17	16	26	18	35	45	28	60	67	47	36	60	34	10	1	0	13	22	42	3	1	47	35	32	56
Curtobacterium.299	4	0	11	6	17	10	58	130	6	16	14	21	15	16	21	12	23	10	114	3741	1149	519	7	4	0	0	6	0	5	5	0	0	3	0	2	5	16	8	4	0	249	5	2	0	2	17	1	8	3	0	3	13	28	7	0	12	1	0	0	8	0	14	10	20	4	2	6	5	9	9	11	18	33	14	15	20	33	5	6	2	3	0	0	0	2	10	4	1	18	0	6	0	6	7	0	7	22	0	18	2	26	5	13	47	10	2	11	7	7	23	3	20	24	59	51	17	15	88	45	140	14	22	12	30	38	30	65	44	8	0	8	11	20	39	68	57	35	6	10	7	0	7	1	12	18	9	7	14	16	29	17	6	6	2	2	5	5	111	47	63	7	5	4	6	19	24	139	24	25	8	17	4	3	1	0	24	10	7	2	1	36	25	19	28
Curtobacterium.3	3	0	35	12	54	185	81	248	17	18	43	36	35	15	51	52	32	19	17	65	32	28	10	13	0	0	45	0	35	5	0	0	13	0	3	32	56	24	8	0	108	14	1	0	0	15	1	7	8	0	22	25	48	23	0	24	5	0	0	15	1	67	34	52	11	18	8	13	26	12	16	35	36	9	13	16	28	1	11	2	2	1	1	0	1	9	6	0	37	1	6	0	4	22	2	14	44	0	13	0	40	3	14	56	23	17	29	32	11	68	4	22	48	101	93	40	17	169	42	213	13	12	2	25	35	27	52	44	15	0	12	12	14	17	27	22	29	14	16	12	0	12	0	11	21	16	14	26	24	53	28	9	12	6	16	2	7	35	55	30	6	15	9	11	62	26	71	19	49	14	25	8	8	9	0	217	11	11	2	0	25	20	25	25
Curtobacterium.30	2	0	8	7	24	14	41	116	4	2	9	20	11	8	17	14	10	2	2	30	5	14	6	3	0	0	17	0	9	3	0	0	7	0	0	19	26	12	1	0	51	4	0	0	0	5	2	1	9	0	3	13	31	8	0	6	0	0	0	7	1	25	15	25	2	5	1	8	4	6	5	10	9	7	2	10	16	0	12	1	1	0	0	0	2	3	1	0	11	0	7	0	0	5	1	5	13	0	5	0	14	1	10	27	6	1	6	11	7	25	2	5	17	39	55	20	12	61	14	125	13	2	6	13	6	11	14	13	2	0	8	4	7	9	15	4	10	4	4	5	0	8	0	6	3	4	6	1	16	11	7	1	3	7	0	1	4	9	18	7	5	1	2	4	15	11	24	10	12	6	11	4	2	9	0	89	3	6	1	0	10	3	12	9
Curtobacterium.300	9	0	73	27	95	46	172	138	79	52	78	44	92	77	117	85	68	72	40	100	53	106	32	35	0	0	0	0	2	3	0	0	1	0	5	10	1	10	25	0	39	2	0	0	1	30	1	20	7	0	63	48	32	97	0	101	18	5	1	86	20	16	21	17	32	41	23	55	48	47	45	106	159	63	58	86	14	2	6	1	13	3	1	0	5	40	8	2	26	1	3	2	24	7	6	0	76	0	31	0	77	3	16	30	54	54	88	104	17	18	11	34	103	155	144	88	33	58	83	87	61	67	45	135	112	97	158	138	70	0	73	67	110	85	129	97	105	38	49	44	1	44	0	53	64	58	65	102	105	283	109	45	33	44	27	21	4	100	111	14	45	54	66	62	86	51	83	116	77	77	82	44	15	0	0	16	50	61	1	10	91	39	55	90
Curtobacterium.301	8	0	33	16	42	35	80	70	31	29	38	26	47	46	49	57	29	33	27	57	32	51	18	20	0	0	0	0	0	2	0	0	1	0	1	4	0	7	33	0	35	3	1	0	1	14	1	8	2	0	34	17	15	47	0	54	7	0	0	48	6	7	10	15	17	18	13	26	22	27	27	79	68	21	40	37	3	2	1	0	7	0	0	0	3	16	2	1	7	2	3	7	5	2	2	0	42	0	14	1	30	3	10	18	41	27	56	66	4	9	9	22	71	94	70	36	22	26	39	50	20	43	18	78	52	53	56	49	27	0	48	37	51	53	47	34	64	24	36	9	0	29	1	27	30	37	35	52	49	158	42	28	22	20	15	7	10	72	45	19	28	37	31	30	35	17	52	60	50	59	51	35	9	0	0	9	21	37	0	5	42	12	18	31
Curtobacterium.302	10	0	35	7	40	32	81	83	34	25	39	28	42	44	56	50	35	38	29	44	36	80	24	15	0	0	0	0	4	3	0	0	0	0	1	4	7	11	15	0	26	0	0	0	0	15	0	12	0	0	23	26	11	56	0	55	9	0	0	52	4	9	6	16	11	10	13	29	25	24	35	78	69	32	26	34	4	0	1	1	5	0	0	0	0	20	5	0	12	2	4	1	5	1	0	3	33	0	14	0	30	1	4	18	43	31	65	71	4	10	11	22	66	83	50	44	20	45	30	58	22	49	29	80	47	62	85	65	51	0	38	26	75	44	50	47	76	12	39	20	1	24	1	27	30	29	31	54	56	124	48	25	17	14	13	7	3	40	60	11	22	18	27	39	49	27	44	56	45	34	40	20	6	1	0	12	20	32	1	2	41	16	23	47
Curtobacterium.303	6	0	68	26	48	34	97	99	49	55	62	33	58	32	80	70	41	57	21	69	29	48	26	26	0	0	0	0	0	4	0	0	0	0	4	16	1	6	21	0	29	0	0	0	1	29	0	13	1	0	46	19	21	67	0	85	11	0	0	72	6	4	9	16	39	44	29	41	52	49	31	110	85	38	43	54	7	2	3	1	14	2	0	0	2	40	5	0	24	4	3	2	4	8	5	2	33	0	20	0	44	4	12	12	50	43	66	96	9	17	16	26	86	98	87	53	20	58	27	59	15	14	10	40	25	24	59	41	26	0	60	42	45	19	31	29	92	28	41	17	1	13	0	33	44	47	58	73	76	179	34	30	36	53	28	22	2	71	96	25	32	47	59	31	40	16	54	67	66	58	69	28	12	0	0	19	31	49	0	0	23	13	26	43
Curtobacterium.304	9	0	97	41	134	124	260	287	52	102	149	76	151	95	96	122	74	69	71	344	107	159	39	33	0	0	9	0	17	12	0	0	7	0	7	23	17	28	33	0	108	3	1	0	1	29	1	25	14	0	57	71	80	96	0	75	11	1	1	107	8	59	42	95	40	29	20	43	58	54	63	140	170	62	75	111	59	17	30	3	19	4	1	0	5	58	13	0	71	9	19	1	23	54	7	19	80	0	57	0	100	7	31	79	70	48	111	82	60	50	28	116	125	261	170	103	113	274	205	436	147	160	97	241	173	150	272	178	93	0	109	86	154	127	164	120	148	44	79	50	0	42	2	76	58	62	52	86	149	275	161	43	46	39	30	19	22	268	128	29	39	49	49	49	147	61	132	134	137	100	137	48	24	7	0	80	44	77	6	7	96	55	130	85
Curtobacterium.305	11	0	66	34	82	61	171	186	49	59	75	57	82	70	104	100	56	66	48	177	60	108	26	30	0	0	3	0	3	12	0	0	2	0	3	11	9	14	30	0	54	3	1	0	0	36	3	19	2	1	53	48	35	97	0	122	21	2	0	132	19	12	16	39	25	43	16	45	39	43	46	137	146	56	48	59	21	8	10	4	14	2	0	0	2	43	3	0	35	6	12	3	15	14	5	14	71	0	28	1	120	5	15	32	61	57	104	113	30	28	15	59	96	176	144	96	41	132	69	188	73	85	49	154	72	76	122	91	51	0	67	68	93	73	83	65	108	46	46	46	1	42	1	42	50	54	47	120	116	254	78	35	33	42	32	22	10	196	102	19	43	59	50	57	96	44	71	92	93	82	84	36	28	0	0	33	30	70	2	2	48	53	83	69
Curtobacterium.306	5	0	31	14	34	28	56	67	23	27	40	32	35	43	46	59	25	25	18	70	26	50	17	18	0	0	2	0	2	0	0	0	1	0	0	1	3	10	10	0	28	0	1	0	0	8	0	10	1	1	12	13	12	51	0	38	9	0	1	34	3	6	11	11	9	18	6	18	24	19	35	54	69	17	27	31	6	1	4	0	2	2	0	0	3	25	2	0	16	1	1	2	6	6	5	2	26	0	11	0	21	1	8	16	22	24	49	34	4	8	3	16	52	72	46	47	14	39	39	44	28	34	25	86	37	32	56	48	27	0	40	28	49	38	40	40	62	16	42	18	0	11	0	20	22	32	38	39	66	118	45	16	22	18	20	6	3	74	62	23	18	28	15	40	40	23	37	52	39	25	36	20	4	0	0	13	23	29	0	2	26	20	34	25
Curtobacterium.307	7	0	31	10	35	19	51	40	19	17	28	12	32	35	31	16	14	27	18	35	14	29	10	11	0	0	0	0	2	1	0	0	0	0	1	4	1	7	5	0	20	1	0	0	0	7	0	8	1	0	15	10	7	32	0	31	9	0	3	28	2	4	9	8	13	10	5	12	13	15	8	32	39	21	11	25	0	0	0	0	3	0	0	0	2	14	2	1	8	1	0	1	4	2	1	4	15	0	5	0	23	4	10	4	24	21	28	35	1	6	10	13	44	42	48	23	12	29	23	35	26	23	15	55	25	25	43	37	18	0	27	12	31	30	25	23	50	13	17	12	0	8	0	16	21	20	26	24	34	79	29	8	17	6	9	3	2	39	42	10	16	21	22	23	18	13	36	34	27	21	35	18	8	1	0	5	11	24	1	3	22	9	15	27
Curtobacterium.308	0	0	28	7	28	30	63	52	26	37	24	37	43	46	32	35	28	20	16	38	26	38	14	17	0	0	1	0	2	0	0	0	1	0	5	9	1	10	12	0	22	3	0	0	0	4	0	9	2	0	19	7	9	29	0	32	7	1	0	37	1	5	12	11	14	16	4	12	11	14	13	39	62	22	17	23	5	5	4	0	2	1	1	1	1	10	5	0	9	1	3	0	2	5	1	1	25	0	9	0	24	1	6	9	29	13	53	34	6	9	4	16	40	61	38	36	8	26	19	33	30	18	17	61	39	35	56	51	20	0	41	23	41	28	35	33	47	11	20	11	0	8	1	21	26	28	31	49	54	98	39	13	20	14	14	5	5	45	33	10	17	23	29	34	18	22	26	51	35	38	36	15	3	2	0	9	17	16	1	0	18	15	16	34
Curtobacterium.309	2	0	49	19	57	39	113	149	37	41	51	43	68	70	49	55	41	45	36	90	46	67	20	15	0	0	2	0	0	3	0	0	1	0	4	8	8	9	25	0	38	1	1	0	1	15	0	14	1	1	48	29	31	65	0	67	8	4	2	68	10	7	16	21	17	25	14	26	38	25	27	77	90	32	32	54	10	4	6	2	6	1	0	1	3	18	11	0	27	0	2	0	12	7	1	9	34	0	16	0	44	2	6	36	38	38	59	48	11	23	14	41	65	102	78	72	32	83	59	88	42	49	40	106	77	76	89	102	44	0	49	28	79	63	67	53	86	19	32	23	0	24	1	34	40	36	33	75	62	151	58	17	23	28	21	13	8	68	81	19	33	44	37	57	51	32	57	73	70	62	47	26	11	1	0	17	22	46	1	2	45	33	32	63
Curtobacterium.31	1	0	1	1	7	6	9	54	1	1	2	9	5	6	4	3	1	4	3	5	1	3	0	4	0	0	10	0	4	4	0	0	5	0	1	1	4	0	0	0	8	0	0	0	0	3	2	3	2	0	3	7	11	4	0	6	1	0	0	2	0	14	3	6	0	0	1	2	0	0	0	5	2	1	4	1	5	0	4	1	0	1	0	0	0	0	0	0	4	0	2	0	1	2	1	6	5	0	1	0	11	0	7	43	4	3	3	0	1	3	0	0	12	24	38	8	3	44	9	56	3	2	1	2	1	4	6	0	3	0	0	1	6	6	6	0	2	5	0	2	0	4	0	2	0	3	1	3	4	3	2	0	0	0	0	0	2	5	3	4	1	3	3	3	0	2	2	3	2	1	1	0	0	0	0	19	2	1	0	0	1	4	2	3
Curtobacterium.310	2	0	28	6	23	26	61	64	21	26	38	22	37	31	41	35	27	30	15	50	32	36	18	17	0	0	0	0	0	1	0	0	1	0	2	5	2	7	9	0	15	0	0	0	1	17	0	9	0	0	28	13	10	35	0	41	3	0	0	54	5	4	11	10	8	12	9	8	17	11	19	51	53	28	25	32	4	0	1	0	1	0	0	0	0	19	4	0	13	0	3	1	2	9	3	1	24	0	7	0	29	1	10	6	32	16	31	48	4	17	4	15	59	53	46	21	13	14	29	36	13	22	26	67	38	30	54	44	29	0	30	18	39	32	33	33	56	14	28	13	0	15	2	28	22	21	18	37	41	111	37	7	16	15	18	8	2	49	41	14	14	25	20	26	11	12	41	29	32	41	37	19	4	1	0	11	16	35	1	5	20	12	14	27
Curtobacterium.311	7	0	55	18	70	48	127	129	52	45	54	62	94	58	89	89	44	52	38	107	34	67	27	38	0	0	0	0	1	0	0	0	1	0	4	8	4	14	33	0	36	0	1	0	0	16	0	11	0	0	67	26	21	85	0	70	19	1	1	94	7	12	14	11	24	33	9	36	35	45	28	89	137	46	34	50	5	0	1	0	11	0	0	0	4	27	7	2	20	7	2	1	9	3	2	1	63	0	26	0	57	5	16	27	51	46	82	70	7	13	19	30	98	120	106	51	27	54	56	84	35	58	35	121	72	77	115	68	48	0	55	34	92	64	87	61	70	35	48	29	0	29	2	47	58	64	42	86	89	235	65	48	36	38	23	4	11	71	78	20	53	57	42	47	74	43	51	84	67	68	69	41	21	1	0	23	17	45	1	5	44	23	41	61
Curtobacterium.312	11	0	100	23	118	63	173	170	74	65	105	58	103	92	105	127	84	70	54	97	62	125	49	48	0	0	1	0	1	3	0	0	2	0	12	15	4	21	30	0	58	0	1	1	1	41	1	20	2	0	73	41	41	134	0	143	25	6	5	138	17	11	22	28	34	34	22	66	50	66	60	143	200	60	76	84	11	7	6	2	18	2	2	0	9	46	5	0	43	6	0	6	19	8	2	11	79	0	25	1	90	4	21	30	98	77	128	176	14	26	29	46	172	164	143	126	42	106	67	104	56	66	26	154	102	102	145	116	80	0	108	63	122	81	79	69	131	60	56	54	0	41	3	63	79	71	84	127	134	345	84	34	46	53	43	18	17	133	143	24	70	66	77	81	94	47	93	135	110	83	134	64	19	1	0	27	62	91	3	4	69	42	47	80
Curtobacterium.313	2	0	10	5	19	14	41	78	6	7	19	19	9	15	34	38	15	12	13	35	10	10	5	4	0	0	13	0	13	2	0	0	5	0	1	18	16	6	6	0	38	1	0	0	0	11	0	1	1	0	14	15	36	21	0	29	2	0	0	14	1	12	11	24	6	6	2	4	7	6	4	10	21	5	17	16	17	0	9	1	0	0	0	2	4	0	7	0	11	1	6	3	5	8	1	5	20	0	9	0	22	5	5	36	9	4	16	18	8	45	5	13	34	74	51	13	5	94	37	102	9	7	10	40	14	22	18	23	3	0	5	4	15	10	16	12	16	5	8	6	0	4	0	11	6	3	6	14	19	37	4	4	7	2	3	4	5	15	34	14	4	6	9	6	21	17	33	11	17	7	15	9	5	7	0	60	7	11	3	0	12	11	16	7
Curtobacterium.314	1	0	18	6	22	15	35	94	7	8	19	21	15	9	16	17	14	7	9	39	16	21	2	3	0	0	15	0	8	3	0	0	10	0	0	11	17	6	1	0	40	10	0	0	0	6	2	4	1	0	5	13	26	4	0	8	3	0	0	11	1	21	10	13	0	2	3	8	6	7	7	15	12	11	10	4	9	2	5	3	2	0	0	0	1	3	0	0	19	2	10	0	0	4	1	2	15	0	7	1	20	0	8	34	2	3	16	8	4	32	0	9	16	50	38	27	11	85	28	88	14	5	3	17	17	15	30	25	10	0	12	4	20	12	26	10	14	4	8	11	0	2	0	4	6	5	8	11	18	27	8	1	8	5	2	1	6	26	21	21	9	7	2	4	24	15	30	11	22	12	9	6	5	4	0	57	2	4	1	0	19	19	20	7
Curtobacterium.315	0	0	6	5	8	7	17	31	2	5	15	2	11	6	15	17	29	7	5	15	3	16	5	6	0	0	1	0	8	35	0	0	10	0	1	15	3	1	4	0	11	20	0	0	1	11	2	7	0	0	13	17	78	10	0	15	0	0	0	8	0	5	27	7	3	1	1	10	7	5	8	7	13	5	3	11	26	0	11	1	2	1	0	1	0	3	3	0	13	2	9	1	8	23	8	6	33	0	13	0	60	2	2	25	12	5	13	8	3	10	4	2	13	31	30	5	11	87	28	142	8	9	5	9	139	89	229	263	6	0	11	5	11	15	8	10	12	7	4	2	0	3	2	5	5	8	6	13	15	37	7	3	5	2	2	2	2	16	13	7	1	3	4	3	12	7	16	16	17	18	18	5	10	3	0	18	5	5	1	1	15	20	6	8
Curtobacterium.316	3	0	34	13	31	22	158	122	17	26	25	27	29	28	46	56	26	24	11	59	26	33	12	18	0	0	3	0	4	0	0	0	0	0	0	11	2	9	13	0	20	2	0	1	0	18	0	5	2	0	20	13	15	43	0	31	11	2	0	45	3	4	6	20	12	14	11	20	22	25	19	48	105	35	14	40	7	0	2	0	10	0	0	0	4	25	12	2	10	0	2	2	6	1	0	4	32	1	8	0	29	11	8	46	38	15	47	45	6	5	7	72	40	57	41	41	94	267	95	597	32	24	13	70	61	74	90	90	29	0	51	16	49	69	85	80	58	13	33	19	0	25	0	29	25	21	17	41	64	101	128	35	22	17	13	8	2	47	38	6	18	18	19	38	62	19	51	57	237	56	135	57	4	1	0	32	22	35	2	4	44	36	50	98
Curtobacterium.317	0	0	1	0	0	0	0	2	0	0	0	0	0	0	0	0	0	0	0	0	0	0	0	0	0	0	0	0	0	0	0	0	0	0	0	0	0	0	0	0	0	0	0	0	0	0	0	0	0	0	0	0	0	0	0	0	0	0	0	0	0	0	1	0	0	0	0	1	0	0	0	1	0	0	0	1	0	0	0	0	0	0	0	0	0	0	0	0	1	0	0	0	0	0	0	0	0	0	0	0	0	0	1	0	0	0	0	0	0	0	0	0	0	0	0	0	0	0	0	1	0	0	0	0	0	0	0	0	0	0	1	0	0	0	0	0	0	0	0	0	0	0	0	0	0	0	0	0	0	0	0	0	0	0	0	0	0	2	0	0	0	0	0	0	1	0	0	0	0	0	0	0	0	0	0	0	0	1	0	0	0	0	0	0
Curtobacterium.318	0	0	11	4	6	8	19	57	14	7	14	15	9	11	8	19	10	13	54	2173	630	295	2	2	0	0	1	0	4	0	0	0	3	0	1	1	0	3	3	0	116	0	0	0	0	2	0	3	1	0	7	9	9	15	0	21	3	0	0	20	2	4	4	2	7	11	2	7	13	13	11	27	13	6	7	10	7	1	1	0	1	1	0	0	0	1	3	0	6	0	1	1	2	0	1	3	14	0	4	0	13	0	1	9	5	1	14	5	2	4	1	4	19	18	24	9	7	20	6	16	5	6	2	13	23	5	29	9	5	0	9	7	16	15	25	26	9	9	5	3	2	6	0	3	23	15	3	13	17	35	9	5	3	3	5	2	2	78	34	22	5	5	7	7	8	0	95	11	10	6	6	7	0	2	0	5	5	5	0	1	14	9	9	11
Curtobacterium.319	1	0	8	5	10	13	26	62	3	10	8	18	12	12	24	23	10	5	6	25	8	21	2	4	0	0	11	0	11	1	0	0	7	0	0	20	17	6	3	0	44	7	0	0	0	15	0	1	3	0	8	12	47	11	0	6	0	0	0	7	2	15	13	9	2	9	3	7	13	4	6	19	12	5	8	5	13	0	3	1	0	0	0	1	1	5	1	0	16	0	6	0	0	2	1	4	10	0	4	0	14	1	8	25	6	5	12	3	8	19	2	1	13	47	36	7	6	52	29	74	6	1	2	13	17	12	32	16	5	0	8	4	20	9	26	11	12	5	11	10	0	8	1	6	8	7	1	7	11	26	17	10	3	1	3	2	2	19	14	15	7	5	5	3	26	9	34	14	17	12	10	7	2	1	0	41	5	9	0	0	13	12	12	8
Curtobacterium.32	5	0	39	16	66	37	101	101	40	41	65	27	56	58	66	52	32	37	31	80	45	66	22	24	0	0	3	0	2	5	0	0	5	0	1	10	2	15	14	0	42	0	1	0	0	7	0	12	2	2	44	20	30	100	0	82	12	1	3	67	10	18	17	28	29	32	16	38	567	1405	132	94	94	35	39	38	8	1	3	2	21	1	0	1	5	26	7	0	19	2	1	0	5	8	4	5	46	0	22	0	58	9	16	18	51	32	75	49	7	17	13	31	78	137	78	72	24	56	58	75	81	75	43	209	58	86	97	68	39	0	45	33	76	55	43	49	80	40	35	28	1	18	1	34	42	40	52	67	267	327	648	152	37	31	25	18	36	342	185	55	34	40	49	41	77	39	74	79	55	55	59	34	10	3	0	14	35	54	0	2	55	31	49	54
Curtobacterium.320	1	0	3	1	5	5	8	37	9	4	3	5	1	4	7	3	7	5	36	1501	390	174	2	2	0	0	0	0	0	0	0	0	0	0	0	6	1	0	0	0	103	1	2	0	0	7	0	0	0	0	2	5	6	7	0	6	1	0	0	2	1	0	0	5	4	3	1	1	7	6	5	12	7	0	7	8	0	0	0	0	1	0	0	1	1	4	3	0	2	2	0	0	1	0	1	2	6	0	3	0	5	0	5	3	3	1	4	4	1	1	1	4	9	8	7	5	1	8	4	10	2	2	3	5	19	6	16	12	4	0	6	1	8	10	17	20	5	2	6	2	0	5	0	4	14	3	5	6	3	10	5	3	3	3	3	0	3	46	14	18	0	3	3	2	8	3	48	10	3	1	4	2	1	0	0	2	1	6	0	1	13	13	4	12
Curtobacterium.321	0	0	15	1	13	6	18	80	2	8	5	10	8	13	4	7	3	6	69	2552	816	343	8	2	0	0	0	0	2	0	0	0	3	0	1	1	1	4	5	0	139	1	1	0	0	1	0	1	0	0	8	5	10	5	0	6	1	1	0	11	0	0	4	4	2	6	1	8	14	9	7	19	19	9	5	10	4	0	2	0	3	0	0	0	0	6	0	0	6	2	0	0	1	2	2	1	16	0	5	0	11	0	2	7	5	6	9	6	3	2	1	2	14	14	13	8	5	12	9	23	9	8	12	14	29	11	37	25	3	0	9	8	10	23	46	43	12	5	10	5	0	6	0	6	20	9	13	13	14	19	13	9	1	7	2	3	6	86	23	21	0	9	4	7	11	8	138	18	7	11	11	3	0	0	0	7	2	13	0	1	20	15	14	10
Curtobacterium.322	7	0	10	4	44	39	86	197	6	5	109	17	59	34	44	17	24	26	7	23	9	12	5	9	0	0	0	0	6	20	0	0	26	0	2	7	4	16	4	0	10	1	1	0	0	5	0	3	71	2	12	6	14	25	0	20	5	0	1	21	6	572	572	19	5	9	4	8	8	14	9	26	25	7	14	6	53	33	16	5	9	0	0	0	1	31	20	0	7	0	15	0	2	2	2	2	21	0	4	0	19	0	4	5	5	10	24	22	89	59	44	694	18	41	18	10	14	29	45	92	30	28	15	98	22	28	25	14	12	0	15	17	20	14	19	12	22	3	6	6	1	37	0	79	20	9	7	24	20	53	41	2	7	7	7	1	3	59	19	4	4	14	8	8	24	12	21	31	12	4	24	3	3	0	0	18	3	15	1	1	19	12	73	18
Curtobacterium.323	9	0	77	24	90	60	121	121	39	42	82	52	72	92	103	99	45	44	31	111	56	102	36	27	0	0	1	0	9	5	0	0	0	0	3	17	2	20	22	0	39	0	0	0	1	17	1	14	1	0	49	24	23	94	0	101	20	2	0	133	20	13	23	32	25	38	17	36	41	41	36	106	159	53	56	69	4	6	1	1	10	0	2	0	4	53	7	2	28	2	4	4	20	8	2	7	46	0	22	2	53	1	15	15	53	46	75	91	17	18	14	39	91	122	96	79	24	72	46	95	49	60	34	109	73	65	105	96	40	0	71	42	83	61	81	63	89	25	51	31	0	39	1	56	55	41	50	97	84	228	85	31	24	39	26	9	5	78	82	16	43	58	38	57	85	39	84	94	68	53	89	39	11	2	0	28	40	58	1	4	59	53	65	75
Curtobacterium.324	5	0	40	24	46	33	92	93	29	27	47	40	64	63	58	60	45	30	30	76	40	60	22	19	0	0	1	0	2	5	0	0	0	0	2	10	4	5	15	0	19	0	0	0	0	14	1	14	1	0	23	27	11	58	0	44	13	1	0	52	8	7	8	14	19	28	16	24	34	32	34	63	79	31	40	42	11	1	1	1	8	0	1	0	2	18	1	1	78	2	2	3	13	3	1	5	37	0	17	0	31	3	7	23	45	31	39	53	2	14	15	28	59	62	61	53	20	87	46	53	27	24	22	71	68	86	88	62	31	0	32	42	65	40	63	61	87	18	36	24	1	11	1	29	23	36	33	62	130	157	40	15	32	15	23	17	7	53	79	45	16	31	24	17	31	26	43	50	50	47	53	26	5	0	0	17	25	37	2	0	49	26	30	52
Curtobacterium.325	0	0	14	7	20	13	33	46	19	7	15	14	13	12	19	22	43	9	5	29	17	18	3	6	0	0	1	0	7	17	0	0	8	0	1	6	1	5	5	0	21	8	0	0	0	17	3	5	1	0	10	20	104	33	0	23	6	0	0	14	0	4	18	7	11	7	2	8	9	14	3	14	15	10	8	8	17	4	6	4	1	0	0	0	2	11	4	2	20	0	3	1	17	7	3	0	31	0	16	0	34	1	9	26	14	9	12	9	2	3	6	6	29	39	35	29	7	61	39	114	8	4	4	18	53	58	115	96	10	0	4	7	13	11	20	14	22	4	17	11	0	2	0	2	4	8	12	14	13	41	19	1	6	8	3	5	2	17	30	17	7	9	2	10	19	8	20	12	14	12	17	10	6	1	0	14	10	10	1	0	10	12	17	13
Curtobacterium.326	1	0	13	2	17	5	22	65	14	3	19	6	7	13	16	21	17	15	63	2313	712	374	9	2	0	0	2	0	4	0	0	0	0	0	0	7	2	2	2	0	138	0	0	0	1	5	0	4	0	0	22	8	7	16	0	14	2	0	0	17	2	3	2	5	3	2	0	16	12	6	15	19	18	8	11	6	2	0	3	1	1	0	0	0	0	8	2	0	4	0	1	0	4	4	0	0	28	0	8	0	14	2	3	6	9	9	19	18	3	4	0	6	20	25	22	15	11	18	9	19	6	9	3	9	25	15	39	16	6	0	10	14	15	12	40	52	7	9	10	8	0	7	1	4	15	9	9	16	15	30	11	4	8	7	5	2	3	70	33	30	6	5	4	12	15	9	97	10	15	10	11	6	0	0	0	9	7	18	1	0	25	15	18	24
Curtobacterium.327	7	0	58	22	80	46	105	122	42	58	70	36	81	64	77	95	56	51	112	254	71	310	30	9	0	0	1	0	2	7	0	0	3	0	1	8	6	26	35	0	41	1	3	0	1	19	1	21	4	0	41	27	16	74	0	80	13	1	1	78	3	16	17	24	25	30	5	49	44	39	37	118	102	42	57	53	11	2	8	0	6	1	1	0	5	51	31	3	24	2	5	0	26	8	5	9	38	0	19	0	52	5	15	24	54	49	71	95	11	19	19	45	99	106	93	60	142	121	177	1073	74	67	90	136	219	235	144	176	97	0	96	41	161	275	293	254	86	33	65	49	1	24	1	35	56	46	59	72	131	224	694	36	37	39	26	17	10	81	76	30	32	82	60	47	159	47	126	327	76	49	67	39	18	4	0	17	29	89	0	0	75	84	122	93
Curtobacterium.328	80	0	240	177	330	169	549	526	255	286	297	124	365	375	381	359	365	416	220	893	188	748	109	64	0	0	2	1	2	12	0	0	9	0	13	24	20	74	111	0	259	1	3	0	2	53	1	53	29	3	95	56	50	184	0	160	25	1	4	199	19	135	121	375	61	79	48	103	119	104	115	218	486	129	99	167	26	8	10	2	62	2	4	0	11	119	17	3	43	10	8	4	45	10	6	10	132	0	61	2	98	13	26	47	272	123	605	245	64	69	71	186	236	244	210	221	95	133	97	284	68	95	374	185	342	399	368	301	1410	0	1012	343	566	552	1130	807	1311	173	203	343	3	192	4	269	115	119	112	181	604	745	632	161	70	102	52	46	19	245	229	56	195	166	184	275	298	160	472	843	926	758	690	641	89	40	0	64	488	593	182	227	662	124	256	353
Curtobacterium.329	5	0	55	18	55	35	103	95	48	43	45	30	39	71	49	77	34	46	28	57	35	55	25	23	0	0	0	0	1	2	0	0	1	0	3	9	4	5	32	0	33	0	1	0	2	22	1	12	1	0	32	24	28	58	0	58	11	1	1	81	11	11	10	12	18	28	17	37	43	45	30	94	127	40	28	52	4	1	2	0	8	2	0	0	2	28	1	1	23	1	3	0	5	5	3	1	40	0	22	0	37	4	20	19	43	34	60	71	8	15	20	30	91	109	73	58	22	43	43	61	33	28	25	77	55	61	76	76	43	0	53	29	52	41	56	57	87	17	40	21	0	25	1	33	24	39	53	65	91	177	49	29	39	39	17	6	16	100	71	30	34	45	38	37	49	24	48	72	72	54	72	32	10	1	0	11	24	47	1	1	41	31	43	51
Curtobacterium.33	16	0	68	36	65	36	200	141	77	701	71	49	87	68	81	94	61	49	48	107	46	98	54	22	0	0	3	0	5	16	0	0	7	0	5	10	7	49	63	0	88	6	0	1	0	36	0	16	4	1	39	28	41	73	0	52	11	1	0	61	6	34	37	54	40	27	18	27	37	36	40	91	364	1183	927	987	31	7	14	4	24	2	3	0	1	40	16	2	251	4	11	2	8	23	6	9	44	0	17	0	42	2	15	59	56	59	419	83	31	27	15	54	98	154	96	83	42	97	69	114	99	123	56	172	128	129	163	160	70	0	93	64	94	109	154	99	1615	280	620	552	0	33	1	55	53	42	39	61	565	170	105	27	40	36	23	9	9	186	78	32	39	54	37	62	63	47	79	119	75	80	95	25	6	1	0	22	27	41	2	1	80	40	82	70
Curtobacterium.330	5	0	87	20	68	64	160	142	66	64	75	58	73	82	78	107	59	48	39	111	51	87	37	21	0	0	1	0	3	3	0	0	1	0	13	14	5	22	29	0	57	2	2	1	0	37	1	22	4	0	72	40	25	118	0	117	22	2	4	90	15	12	14	20	37	39	21	39	44	65	44	123	162	73	61	79	11	4	2	1	13	0	2	2	1	25	4	1	28	5	9	1	14	12	2	2	79	0	27	3	63	4	20	27	64	51	122	100	17	20	17	37	117	141	120	84	46	80	52	114	52	66	23	134	80	57	103	113	61	0	86	62	85	68	84	61	121	40	72	38	0	30	4	47	62	57	52	83	119	254	87	35	39	35	33	26	23	181	107	29	53	70	60	72	79	42	59	116	91	95	96	55	23	1	0	26	40	74	1	1	52	36	55	68
Curtobacterium.331	10	0	78	44	109	84	167	150	53	63	92	56	85	109	122	138	77	99	59	129	57	133	34	36	0	0	3	0	4	6	0	0	3	0	7	24	9	14	31	0	68	4	1	1	2	42	2	19	1	1	90	37	43	134	0	145	24	1	2	121	25	18	17	52	33	39	29	59	62	60	49	145	168	75	78	76	15	3	5	0	15	2	0	0	6	48	7	0	43	1	4	4	25	13	6	9	70	1	39	3	74	2	18	30	79	58	108	128	12	24	19	38	130	154	124	119	38	75	101	106	69	63	64	129	193	192	203	173	59	0	69	61	181	183	199	150	135	28	75	43	1	47	3	54	66	85	81	106	97	286	134	38	74	55	43	25	14	120	118	44	66	76	48	60	123	57	108	135	95	76	124	55	18	2	0	26	42	80	1	3	71	43	48	116
Curtobacterium.332	11	0	71	23	72	73	117	116	45	39	68	34	78	62	68	88	46	56	38	96	46	87	38	35	0	0	1	0	6	5	0	0	0	0	1	8	6	12	22	0	41	1	0	0	0	20	0	18	2	1	51	29	12	73	0	87	14	0	0	86	6	9	14	11	25	22	11	28	32	38	27	95	114	43	43	52	6	3	7	2	6	2	0	0	5	25	6	0	28	3	4	1	15	7	3	3	59	0	23	0	49	2	14	16	46	34	61	91	10	26	12	25	102	133	74	77	40	78	700	112	60	66	22	103	70	66	98	78	48	0	49	40	79	61	69	47	92	23	61	26	0	27	1	39	45	44	47	58	89	200	55	26	40	29	31	11	5	69	82	28	41	41	32	32	66	34	74	100	64	54	58	38	11	2	0	16	38	71	1	1	58	27	40	63
Curtobacterium.333	6	0	50	17	59	35	118	91	48	33	50	50	65	55	74	75	49	58	39	75	29	71	21	20	0	0	1	0	2	5	0	0	3	0	2	5	5	20	19	0	25	2	0	0	2	20	0	12	2	1	50	24	24	63	0	49	9	2	3	70	14	12	10	19	32	27	15	25	34	27	36	88	93	33	44	42	6	1	3	2	10	2	1	0	0	25	2	1	25	5	3	2	8	7	0	2	34	0	17	1	61	1	9	16	51	37	56	74	9	14	10	29	77	97	74	53	23	60	48	65	48	33	27	95	59	63	94	56	46	0	61	34	57	49	53	44	91	21	49	36	0	15	2	31	38	48	41	68	80	162	43	32	29	20	20	15	14	67	73	15	40	54	30	43	69	35	71	73	60	54	64	30	12	1	0	13	28	45	3	6	36	26	35	60
Curtobacterium.334	0	0	4	13	13	18	18	34	4	3	18	18	9	6	12	16	36	8	2	24	4	13	4	8	0	0	0	0	9	26	0	0	10	0	1	10	3	9	2	0	15	17	0	0	0	4	1	4	0	0	7	24	69	10	0	12	1	0	0	7	0	2	21	5	2	4	1	3	9	2	10	18	9	2	4	7	40	0	16	4	0	2	0	0	0	6	3	1	15	1	8	0	16	25	7	3	17	0	10	0	62	1	7	16	9	5	8	9	1	8	1	6	18	27	20	8	13	71	31	163	5	4	7	11	125	86	199	266	5	0	4	2	6	6	12	12	13	0	9	4	1	7	3	6	3	8	5	5	13	17	12	4	3	8	6	4	7	17	22	9	5	5	2	4	5	8	11	2	11	19	14	3	5	2	0	19	3	8	7	2	6	21	6	16
Curtobacterium.335	2	0	25	7	36	32	77	118	14	22	44	27	34	30	35	62	27	23	72	2292	593	293	10	9	0	0	5	0	8	8	0	0	1	0	2	7	6	8	11	0	124	0	2	0	0	3	0	5	1	1	10	14	26	20	0	14	3	1	0	30	0	11	23	23	15	14	3	21	20	23	21	42	49	16	14	10	22	2	12	1	0	2	0	1	2	16	3	0	21	1	11	1	4	13	0	5	15	0	10	0	16	0	15	19	13	4	22	21	10	10	6	28	42	64	41	20	17	49	35	113	43	34	15	43	46	28	84	57	14	0	25	12	34	45	42	41	35	8	17	7	0	11	1	15	13	7	14	16	41	70	15	5	15	10	5	2	3	117	65	31	10	16	15	11	26	9	103	23	37	28	29	13	6	3	0	14	10	12	1	1	28	24	38	42
Curtobacterium.336	4	0	42	10	46	27	115	73	10	17	30	26	36	31	119	141	148	54	31	89	37	52	10	19	0	0	15	0	0	4	0	0	0	0	1	3	0	10	8	0	23	0	0	1	0	13	0	8	0	0	15	15	47	32	0	25	7	2	1	49	4	14	23	17	25	14	9	42	34	21	25	56	67	26	24	39	14	2	2	1	4	0	0	0	4	24	25	0	19	3	2	2	9	3	2	4	19	0	5	0	30	8	7	15	40	15	46	41	15	11	5	38	64	164	67	52	191	1029	278	2143	22	36	33	62	69	116	371	253	27	0	99	18	166	207	292	182	68	19	31	22	0	32	0	41	21	23	14	33	74	81	40	16	23	18	9	7	8	49	38	17	16	16	13	27	65	16	61	37	392	85	174	25	18	0	0	47	49	62	3	0	48	54	76	188
Curtobacterium.337	3	0	26	8	32	23	74	50	27	29	36	19	26	29	39	45	16	22	19	47	13	34	26	12	0	0	0	0	1	3	0	0	1	0	3	13	2	9	11	0	12	0	0	0	0	13	0	5	1	0	30	15	15	56	0	44	12	1	0	43	10	3	14	8	13	10	5	26	22	26	18	49	71	24	20	21	4	1	2	0	4	0	0	0	0	9	0	0	9	2	3	1	6	8	0	1	24	0	8	0	40	0	5	13	28	28	43	36	3	15	3	11	50	47	35	49	14	51	211	39	19	18	11	47	31	38	50	34	22	0	27	13	30	32	24	23	38	10	22	16	0	5	0	25	28	25	26	22	42	93	32	7	12	19	6	8	0	45	32	14	8	23	20	11	19	12	29	27	37	23	32	11	11	0	0	17	15	18	0	2	15	8	12	27
Curtobacterium.338	10	0	47	14	54	41	90	89	22	35	42	21	48	35	49	65	34	31	24	68	31	55	20	25	0	0	0	0	2	1	0	0	3	0	9	5	3	8	11	0	18	1	1	0	0	21	0	15	1	0	24	29	19	53	0	73	5	0	1	56	8	3	15	21	14	19	18	24	37	18	24	68	87	23	26	28	4	0	5	1	6	1	0	0	4	28	2	0	21	1	1	1	7	3	2	1	33	0	8	0	34	2	7	15	34	28	41	59	6	8	10	20	74	74	54	49	21	54	25	58	30	37	23	78	43	43	60	52	36	0	49	28	48	51	50	46	73	22	34	15	0	19	2	31	36	22	42	55	65	144	43	21	23	21	11	15	8	61	52	15	26	23	37	34	49	20	58	64	48	43	44	26	11	0	0	4	15	39	1	4	27	27	28	41
Curtobacterium.339	10	0	43	23	44	41	122	95	38	31	37	35	50	44	47	46	37	34	29	69	29	45	25	16	0	0	1	0	2	3	0	0	1	0	0	9	2	10	18	0	34	2	0	0	1	21	0	9	3	0	43	22	17	66	0	59	7	0	0	56	6	16	6	30	15	19	15	32	29	30	39	98	91	30	24	43	14	3	4	0	2	1	0	0	2	17	6	1	16	4	2	2	2	13	1	3	35	0	16	0	38	2	6	19	28	34	62	69	10	16	10	26	67	116	78	60	27	90	51	98	44	47	27	95	69	63	68	53	38	0	39	29	48	50	55	45	69	20	44	27	0	24	2	21	34	34	36	54	76	132	56	16	24	23	18	6	10	118	67	12	27	27	25	37	53	31	47	62	54	36	68	24	11	0	0	18	22	44	4	2	30	18	29	45
Curtobacterium.34	4	0	36	18	77	44	447	141	22	64	71	51	58	35	44	51	33	22	12	58	16	46	38	15	0	0	1	0	3	7	0	0	4	0	2	10	4	27	30	0	59	7	0	1	1	19	0	5	7	0	37	22	34	54	0	47	10	0	1	44	2	24	19	27	15	18	12	21	29	25	20	62	670	496	1385	1303	16	6	7	2	11	0	0	0	5	24	6	1	23	0	8	1	4	4	2	6	33	0	21	0	34	2	14	83	36	45	90	114	7	20	5	45	83	203	108	68	27	67	47	135	39	36	35	100	53	49	83	50	29	0	34	27	40	43	67	33	264	40	107	47	0	25	0	61	33	21	18	36	127	120	45	17	21	26	15	7	10	100	51	10	23	22	35	28	51	27	42	51	48	43	55	22	11	2	0	22	17	27	1	2	37	11	39	33
Curtobacterium.340	2	0	21	8	39	33	61	49	30	28	20	13	29	31	34	47	25	17	10	43	15	38	16	14	0	0	0	0	3	2	0	0	2	0	0	2	1	9	7	0	22	0	0	0	1	14	0	5	1	0	17	14	9	39	0	26	6	0	2	29	6	2	11	10	20	18	17	14	20	20	11	42	54	20	20	15	2	1	1	0	2	0	1	2	2	14	2	0	15	2	0	2	4	0	3	2	24	0	10	1	29	2	2	9	27	19	31	33	11	7	5	13	56	63	32	27	10	33	29	47	25	34	17	51	44	26	58	40	28	0	35	16	47	31	39	24	56	10	26	15	0	14	0	22	19	27	19	35	42	84	28	9	16	9	9	5	8	43	51	11	13	23	13	23	28	15	33	40	33	29	42	14	7	1	0	10	14	23	0	0	25	10	29	35
Curtobacterium.341	0	0	17	9	38	21	44	66	16	18	29	24	22	22	39	33	25	17	20	42	13	40	11	6	0	0	5	0	1	2	0	0	3	0	0	3	7	11	6	0	31	4	1	0	0	9	1	7	1	0	13	32	63	32	0	26	5	0	1	19	0	8	7	6	12	14	6	23	37	16	26	57	37	14	19	21	12	2	3	3	1	0	0	2	1	17	3	0	27	1	5	0	5	8	5	3	35	0	19	1	41	3	3	41	33	9	35	25	4	11	5	17	31	59	54	19	12	55	29	57	21	18	5	39	42	33	69	44	13	0	23	19	30	25	22	28	50	18	19	8	0	9	1	10	16	16	16	41	37	86	30	11	18	14	7	5	4	35	53	39	18	14	20	18	28	16	36	30	26	21	29	7	4	0	0	18	9	13	2	2	18	7	20	21
Curtobacterium.342	6	0	64	11	95	56	147	111	42	59	65	48	89	83	93	90	47	73	44	88	40	84	35	25	0	0	0	0	3	2	0	0	1	0	9	13	6	14	26	0	37	0	0	0	0	27	0	23	0	1	41	36	22	84	0	108	14	1	1	92	17	25	10	18	37	26	18	36	38	50	24	111	147	41	61	75	9	7	6	0	12	2	0	1	9	33	8	0	19	0	3	4	20	9	7	4	57	0	26	2	71	1	9	18	73	60	90	97	13	20	16	32	103	135	89	82	34	54	93	93	52	92	35	171	104	83	129	87	54	0	64	53	119	92	89	77	98	29	43	27	1	34	3	60	51	58	58	90	99	254	87	33	32	37	26	17	12	104	86	21	30	50	59	72	59	36	73	106	68	82	84	36	15	0	0	22	25	55	2	4	57	48	38	75
Curtobacterium.343	0	0	0	0	3	0	0	5	0	0	0	1	0	1	2	3	0	0	0	3	1	2	0	0	0	0	0	0	1	0	0	0	0	0	0	1	0	1	1	0	1	0	0	0	1	0	0	0	0	0	0	0	1	0	0	0	0	0	0	0	0	0	1	0	0	0	0	0	0	1	0	0	0	0	0	0	0	0	1	0	0	0	0	0	0	0	0	0	0	0	0	0	0	0	0	0	0	0	0	0	1	0	0	3	0	1	1	0	0	2	0	0	1	1	2	3	0	0	3	2	0	0	0	0	1	1	1	2	1	0	2	0	2	0	1	1	1	0	0	0	0	0	0	0	0	0	0	0	0	2	1	0	0	0	0	0	0	0	0	1	1	1	0	0	0	0	1	0	0	0	0	0	0	0	0	0	1	0	0	0	0	0	0	0
Curtobacterium.344	0	0	0	0	0	0	1	1	0	3	0	1	0	0	0	0	1	0	0	0	0	0	0	1	0	0	0	0	0	0	0	0	0	0	0	0	0	1	0	0	1	0	0	0	0	0	0	0	0	0	0	0	0	0	0	0	0	0	0	2	0	0	0	0	1	1	0	0	0	0	1	0	2	0	0	0	0	0	0	0	0	0	0	0	0	2	0	0	0	0	0	0	0	0	0	0	0	0	0	0	0	0	0	0	1	0	1	0	1	1	0	0	0	2	0	0	1	1	2	1	0	0	0	0	0	0	0	3	1	0	2	2	1	1	3	0	2	0	0	1	0	0	0	0	1	0	1	0	1	2	0	1	0	0	0	0	0	0	2	0	1	1	0	0	0	0	0	2	0	2	0	2	1	0	0	0	1	1	0	0	1	0	0	0
Curtobacterium.345	9	0	41	13	98	69	113	166	34	46	106	40	92	67	61	61	44	37	54	1384	77	340	26	13	0	0	2	0	3	9	0	0	1	0	3	10	5	9	17	0	46	6	2	0	2	22	0	9	9	2	19	23	44	55	0	48	12	0	1	89	5	69	49	162	12	16	13	24	72	90	27	89	58	23	32	33	41	14	15	8	9	0	0	2	5	50	14	0	18	3	9	3	17	28	2	26	27	0	10	0	48	1	10	30	46	14	62	38	60	34	19	124	183	387	156	195	100	86	147	138	853	790	491	885	85	87	182	100	33	0	40	164	117	127	64	116	59	16	43	24	1	20	2	35	28	40	34	42	899	505	818	186	20	24	18	5	24	60	64	26	16	23	27	21	137	103	168	107	186	94	134	99	39	9	0	70	56	127	10	15	43	35	56	55
Curtobacterium.346	0	0	0	0	0	0	1	1	0	0	0	0	0	0	0	0	1	0	0	0	0	0	0	1	0	0	0	0	1	0	0	0	0	0	0	0	0	0	0	0	2	0	0	0	0	0	0	0	0	0	0	0	1	0	0	0	0	0	0	0	0	0	1	1	0	0	0	0	0	0	0	0	0	0	0	0	1	0	0	0	0	0	0	0	0	0	0	0	0	0	0	0	0	0	0	0	0	0	0	0	0	0	0	0	0	0	0	0	0	1	0	0	0	0	3	0	0	0	0	1	0	0	0	0	0	1	0	0	0	0	0	0	0	0	2	0	0	0	0	0	0	0	0	0	0	0	0	0	0	0	0	1	0	0	0	0	0	0	0	0	0	0	0	0	0	0	0	0	1	0	0	0	0	0	0	2	0	0	0	0	0	0	0	0
Curtobacterium.347	14	0	74	18	80	64	161	179	59	43	73	68	86	67	117	123	55	70	33	106	45	78	39	47	0	0	0	0	1	2	0	0	4	0	6	22	10	10	38	0	46	1	2	0	0	36	0	21	3	0	48	43	25	105	0	106	25	1	1	118	7	13	18	28	31	51	24	37	55	45	50	162	165	57	58	69	13	6	3	3	5	1	1	1	5	49	9	1	36	7	6	3	14	5	4	8	77	0	34	0	73	4	16	33	71	45	105	98	13	28	14	52	121	187	128	85	36	83	86	96	68	67	50	168	91	87	113	89	63	0	80	50	80	68	69	67	118	44	71	43	1	36	1	61	67	69	69	112	125	261	72	40	45	35	22	19	18	121	111	34	39	69	51	64	65	32	64	131	81	69	96	48	19	4	0	16	38	63	4	1	53	42	47	69
Curtobacterium.348	5	0	62	15	74	38	100	102	42	43	50	44	57	40	70	84	62	48	29	85	39	77	40	17	0	0	1	0	0	2	0	0	2	0	2	7	8	7	27	0	35	1	2	0	1	31	0	18	0	0	54	33	23	83	0	74	4	1	0	76	8	9	16	30	21	26	9	37	46	33	22	81	102	34	48	51	16	3	7	3	5	1	0	3	2	30	5	1	17	4	0	0	10	13	3	9	43	0	19	1	50	1	11	38	58	47	54	73	15	16	10	29	88	103	72	51	32	63	61	93	43	47	26	83	77	79	119	84	31	0	59	45	62	62	56	58	79	24	66	35	0	23	2	33	30	53	51	73	86	187	56	25	31	32	17	15	9	67	60	25	37	50	49	44	78	31	48	79	83	53	91	36	13	2	0	5	23	57	2	2	38	22	37	64
Curtobacterium.349	7	0	55	19	68	58	116	101	36	30	62	33	70	50	72	70	32	54	34	134	47	73	18	14	0	0	2	0	5	10	0	0	3	0	0	11	5	24	25	0	50	1	0	0	0	25	0	13	3	0	33	31	28	64	0	76	14	2	0	74	7	22	11	32	15	34	9	26	29	36	20	64	98	54	38	46	20	4	9	4	8	1	0	0	1	27	10	0	21	0	5	2	8	18	6	10	42	0	19	0	51	2	12	27	36	33	62	85	23	16	10	47	82	129	95	66	31	81	85	114	60	69	41	115	94	72	111	87	41	0	56	45	71	58	75	66	78	19	60	27	0	17	1	39	29	41	39	49	65	156	52	16	19	25	20	11	13	102	65	17	28	38	30	33	67	37	58	74	53	59	60	34	13	1	0	20	20	34	3	2	55	43	65	56
Curtobacterium.35	0	0	0	0	0	0	1	0	0	5	1	0	0	1	0	0	0	1	0	1	0	0	0	0	0	0	0	0	0	2	0	0	0	0	0	0	0	0	0	0	1	0	0	0	0	2	0	0	0	0	1	0	0	0	0	1	0	0	0	0	0	0	0	0	0	0	0	0	0	0	0	0	7	14	10	12	0	0	0	0	0	0	0	0	0	0	0	0	3	0	0	0	0	0	0	0	1	0	0	0	0	0	0	0	0	0	6	0	0	0	0	1	0	1	2	1	0	0	0	1	0	0	0	0	0	0	0	0	0	0	0	0	0	0	0	0	16	2	3	2	0	0	0	0	0	1	0	0	2	0	0	0	0	0	0	0	0	1	1	0	0	0	0	1	0	0	0	1	1	0	1	0	0	0	0	0	2	0	0	0	0	0	0	0
Curtobacterium.350	9	0	281	218	56	25	82	85	41	93	41	32	29	33	59	61	32	21	24	63	21	51	86	14	0	0	0	0	0	4	0	0	3	0	0	9	1	28	100	0	100	5	0	0	0	22	3	7	3	0	19	18	54	40	0	26	4	0	0	54	4	14	10	36	17	28	9	23	26	31	40	64	100	42	66	95	22	3	9	0	8	1	0	1	0	19	3	0	114	0	5	0	8	3	3	2	33	0	7	0	34	0	6	26	34	14	106	47	10	13	4	76	83	101	79	30	18	31	43	45	39	42	17	81	56	54	76	57	74	0	36	71	59	41	157	48	417	42	229	134	0	21	2	31	22	22	20	30	136	94	47	14	26	19	13	5	6	52	48	19	17	26	17	24	16	31	38	110	129	92	114	21	14	1	0	13	28	32	3	1	30	20	24	43
Curtobacterium.351	5	0	50	15	12	12	24	18	16	21	16	15	9	25	38	40	59	16	11	20	13	25	14	1	0	0	0	0	0	1	0	0	0	0	3	4	1	11	9	0	9	1	0	0	0	8	0	5	0	0	21	4	7	22	0	23	2	0	1	11	1	0	5	8	5	6	4	7	10	8	6	29	26	9	22	12	3	0	0	2	3	0	0	0	2	5	2	0	16	1	1	0	5	2	1	2	19	0	7	0	17	0	4	9	12	10	21	21	3	4	7	8	29	32	17	21	3	22	26	15	16	12	13	33	22	20	27	20	30	0	35	152	20	20	26	9	27	9	13	9	0	4	0	9	10	11	8	14	27	70	12	7	11	19	5	2	3	24	29	6	11	12	14	20	24	12	15	27	28	11	32	10	5	2	0	6	23	32	1	1	11	15	7	14
Curtobacterium.352	5	0	46	41	35	18	55	48	75	64	27	16	35	33	34	49	27	19	10	43	14	31	40	8	0	0	0	0	0	2	0	0	1	0	0	4	1	28	74	0	67	2	1	0	1	11	0	2	1	0	12	7	10	27	0	27	6	0	0	29	0	7	4	10	9	10	7	16	19	15	6	44	126	38	37	77	31	0	1	0	3	0	0	0	1	12	2	0	21	1	0	2	5	1	0	0	21	1	4	0	16	0	3	10	39	24	310	63	5	7	8	113	44	46	37	26	16	19	20	38	26	32	17	77	31	27	150	39	120	0	41	59	40	50	152	26	266	23	104	72	0	13	0	18	20	11	17	24	97	83	43	12	13	10	8	6	3	36	30	14	27	83	21	30	33	13	21	80	76	74	52	14	7	1	0	7	25	64	2	1	27	9	15	30
Curtobacterium.353	0	0	0	0	0	0	0	0	0	0	0	0	0	0	0	0	0	0	0	0	0	0	0	0	0	0	0	0	0	0	0	0	0	0	0	0	0	0	0	0	0	0	0	0	0	0	0	0	0	0	0	0	0	0	0	0	0	0	0	0	0	0	0	0	0	0	0	0	0	0	0	0	0	0	0	0	0	0	0	0	0	0	0	0	0	0	0	0	0	0	0	0	0	0	0	0	0	0	0	0	0	0	0	0	0	0	0	0	0	0	0	0	0	0	0	0	0	0	0	0	0	0	0	0	0	0	0	0	0	0	0	0	0	0	0	0	0	0	0	0	0	0	0	0	0	0	0	0	0	0	0	0	0	0	0	0	0	0	0	0	0	0	0	0	0	0	0	0	0	0	0	0	0	0	0	0	0	0	0	0	0	0	0	0
Curtobacterium.354	3	0	56	19	16	9	29	32	18	20	17	11	29	20	31	35	83	18	22	20	19	38	11	14	0	0	0	0	0	1	0	0	2	0	3	1	0	6	10	0	15	0	0	0	0	8	0	0	0	0	13	9	7	19	0	12	6	2	0	18	2	4	2	2	6	6	3	8	18	12	23	24	21	4	8	9	2	0	0	0	0	0	0	0	0	7	1	1	14	1	1	0	4	5	0	0	31	0	4	0	12	1	8	4	8	6	19	13	3	6	3	11	14	36	15	16	8	13	18	18	10	15	8	40	22	12	33	21	35	0	26	101	18	22	23	14	25	9	12	25	0	8	1	5	10	10	8	10	39	50	14	5	10	10	10	3	4	29	29	13	4	12	9	12	12	5	25	30	33	18	36	16	2	0	0	12	22	32	2	1	10	16	13	13
Curtobacterium.355	5	0	55	49	42	24	58	42	71	48	27	15	25	26	29	43	23	34	20	35	19	26	41	10	0	0	2	0	2	4	0	0	3	0	3	4	1	29	71	0	52	1	0	0	0	16	1	4	2	0	14	10	12	42	0	27	3	2	0	41	3	6	6	10	12	13	4	13	12	18	19	41	117	24	42	62	41	1	2	0	3	0	0	0	3	14	1	1	19	0	1	0	11	1	1	0	18	0	4	1	30	1	5	13	48	37	314	73	10	5	7	107	47	51	42	28	11	20	16	24	34	21	23	70	49	34	154	38	90	0	57	34	54	35	118	48	250	42	100	81	0	12	0	17	24	22	12	22	105	104	39	9	10	8	11	7	2	39	36	8	31	108	16	38	27	17	36	101	97	57	34	22	10	2	0	6	19	73	2	1	27	7	22	39
Curtobacterium.356	2	0	69	20	14	16	31	30	11	30	19	23	19	16	59	47	84	22	12	34	20	26	12	7	0	0	0	0	0	4	0	0	2	0	1	5	1	8	10	0	14	2	1	0	0	9	0	6	0	0	13	8	8	26	0	17	5	0	0	23	6	1	4	17	7	9	4	23	14	11	10	34	39	15	14	14	3	2	2	3	3	0	0	0	0	6	1	2	26	1	1	2	4	1	1	1	27	0	8	0	19	1	4	12	12	7	21	23	3	4	3	9	25	38	37	15	7	14	14	17	18	17	8	36	24	27	39	26	46	0	46	197	17	19	32	14	41	8	12	21	0	3	0	14	10	5	24	23	30	51	18	9	10	12	6	6	9	39	45	22	20	14	13	15	21	6	21	45	37	16	31	21	6	2	0	15	39	40	1	0	13	6	12	28
Curtobacterium.357	0	0	1	0	0	0	0	0	0	0	0	0	0	0	0	0	0	0	0	0	0	0	0	0	0	0	0	0	0	0	0	0	0	0	0	0	0	0	0	0	0	0	0	0	0	0	0	0	0	0	0	0	0	0	0	0	0	0	0	0	0	0	0	0	0	0	0	0	0	0	0	0	0	0	0	0	0	0	0	0	0	0	0	0	0	0	0	0	0	0	0	0	0	0	0	0	0	0	0	0	0	0	0	0	0	0	0	0	0	0	0	0	0	0	0	0	0	0	0	0	0	0	0	0	0	0	0	0	0	0	0	0	0	0	0	0	0	1	0	0	0	0	0	0	0	0	0	0	0	1	0	0	0	0	0	0	0	0	0	0	1	0	0	0	0	0	0	1	0	0	1	0	0	0	0	0	0	0	0	0	0	0	0	0
Curtobacterium.358	6	0	51	12	23	22	51	45	25	25	38	20	33	43	50	63	65	20	24	60	15	42	12	13	0	0	1	0	1	1	0	0	1	0	2	6	2	12	3	0	26	2	0	0	0	11	0	11	3	0	20	17	15	39	0	36	6	0	0	33	2	8	6	18	14	18	9	16	24	6	17	42	49	17	16	27	7	2	0	2	2	1	0	0	0	12	2	0	29	0	0	0	12	1	2	0	25	0	11	0	24	1	4	18	18	25	35	29	6	7	3	11	35	48	40	24	11	22	27	43	15	14	12	45	51	46	55	34	36	0	33	66	43	22	32	25	46	9	18	20	0	3	1	13	14	19	22	26	36	97	23	17	7	22	9	12	6	45	44	8	18	18	17	29	29	14	34	45	45	22	41	20	5	2	0	38	22	35	3	1	23	11	11	26
Curtobacterium.359	0	0	0	0	0	0	0	0	0	0	0	0	0	0	0	0	0	1	0	0	0	0	0	0	0	0	0	0	0	0	0	0	0	0	0	0	0	0	0	0	0	0	0	0	0	0	0	0	0	0	0	0	0	0	0	0	0	0	0	0	1	0	0	0	0	0	0	0	0	0	0	0	0	0	0	0	0	0	0	0	0	0	0	0	0	0	0	0	0	0	0	0	0	0	0	0	0	0	0	0	0	0	0	0	0	0	0	0	0	0	0	0	0	0	0	0	0	0	0	1	0	0	0	1	1	3	0	0	0	0	0	0	1	0	2	0	0	0	0	0	0	0	0	0	0	0	0	0	0	0	1	0	0	0	0	0	0	0	0	0	0	0	0	0	0	0	0	1	0	0	0	0	0	0	0	0	2	0	0	0	0	0	0	0
Curtobacterium.36	3	0	5	5	24	22	36	141	5	1	18	48	11	9	11	17	8	4	5	21	5	5	0	2	0	0	8	0	11	10	0	0	12	0	0	8	33	5	0	0	19	2	0	0	0	14	5	4	2	0	5	34	30	6	0	6	0	0	0	7	0	18	12	10	5	7	3	6	4	5	3	16	9	7	3	12	62	2	15	5	0	0	0	2	1	3	6	0	24	0	6	1	1	20	6	20	18	0	6	0	26	3	15	80	3	9	8	5	3	30	4	21	71	158	192	48	17	259	60	352	3	5	4	8	7	5	17	18	8	0	8	1	7	6	7	3	15	2	6	4	0	4	0	9	3	2	2	6	7	14	5	1	2	0	3	1	4	19	13	9	2	2	2	3	3	7	20	9	7	3	8	1	0	2	0	40	4	2	0	0	3	4	11	5
Curtobacterium.360	3	0	38	15	20	11	29	33	11	19	11	11	19	9	44	28	49	20	12	44	16	19	12	5	0	0	0	0	1	1	0	0	0	0	0	1	2	5	7	0	16	0	0	0	0	7	0	8	0	0	12	6	2	20	0	13	5	2	0	22	5	2	2	12	5	7	5	11	9	9	14	32	28	8	7	25	2	0	1	0	2	1	0	0	0	9	0	0	12	3	1	0	1	2	1	1	8	0	5	0	6	0	2	7	7	6	15	23	3	7	4	12	21	28	23	13	6	13	13	22	6	11	8	31	15	14	30	15	31	0	35	210	18	10	30	22	25	7	19	11	0	8	0	8	11	18	17	10	19	56	9	15	5	7	4	2	2	26	28	8	12	11	9	7	27	8	21	38	29	8	35	10	5	1	0	12	19	41	2	0	16	8	8	16
Curtobacterium.361	0	0	0	0	0	0	0	0	0	0	0	1	0	0	0	0	0	0	0	0	0	0	0	0	0	0	0	0	0	0	0	0	0	0	0	0	0	0	0	0	0	0	0	0	0	0	0	0	0	0	0	0	0	0	0	0	0	0	0	0	0	0	0	0	0	0	0	0	0	0	0	0	0	0	0	0	0	0	0	0	0	0	0	0	0	0	0	0	0	0	0	0	0	0	0	0	0	0	0	0	0	0	0	0	0	0	0	0	0	0	0	0	0	0	0	0	0	0	0	0	0	0	0	0	0	0	0	0	0	0	0	0	0	0	0	0	0	0	0	0	0	0	0	0	0	0	0	0	0	0	0	0	0	0	0	0	0	0	0	0	0	0	0	0	0	0	0	0	1	0	0	0	0	0	0	0	0	1	0	0	1	0	0	0
Curtobacterium.362	0	0	1	0	0	0	0	0	0	0	0	0	0	0	0	0	0	0	0	0	0	0	0	0	0	0	0	0	0	0	0	0	0	0	0	0	0	0	0	0	0	0	0	0	0	0	0	0	0	0	0	0	0	0	0	0	0	0	0	0	0	0	0	0	0	0	0	0	0	0	0	0	0	0	0	0	0	0	0	0	0	0	0	0	0	0	0	0	0	0	0	0	0	0	0	0	0	0	0	0	0	0	0	0	0	0	0	0	0	0	0	0	0	0	0	0	0	0	0	0	0	0	0	0	0	0	0	0	0	0	0	1	0	0	0	0	0	0	0	0	0	0	0	0	0	0	0	0	0	0	0	0	0	0	0	0	0	0	0	0	0	0	0	0	0	0	1	0	0	0	0	0	0	0	0	0	0	0	0	0	0	0	0	0
Curtobacterium.363	0	0	36	15	25	9	36	46	15	8	28	17	23	19	28	34	65	11	8	30	14	31	7	6	0	0	0	0	1	0	0	0	1	0	0	1	0	10	7	0	11	0	1	0	0	5	0	1	1	0	7	4	17	27	0	12	0	1	1	24	3	3	2	8	8	7	6	13	22	14	14	32	26	14	13	14	1	2	0	0	1	0	0	0	2	3	2	0	20	2	2	3	6	1	3	0	27	1	7	0	10	1	6	4	14	6	23	25	3	3	1	8	27	34	19	15	11	12	12	11	14	21	16	42	25	27	27	23	27	0	25	61	20	21	25	15	42	14	20	19	0	13	1	11	10	15	8	21	28	51	14	10	21	11	5	6	2	27	38	10	11	16	14	13	21	8	13	32	28	19	37	6	8	0	0	42	32	22	1	1	14	6	10	14
Curtobacterium.364	0	0	0	0	0	0	1	1	0	0	0	0	0	0	0	0	0	0	0	0	0	0	0	0	0	0	0	0	0	0	0	0	0	0	0	0	0	0	0	0	0	0	0	0	0	0	0	0	0	0	0	0	0	0	0	0	0	0	0	0	0	0	0	0	0	0	0	0	1	0	0	0	0	0	0	0	0	0	0	0	0	0	0	0	0	0	0	0	0	0	0	0	0	0	0	0	0	0	0	0	0	0	0	0	0	0	0	0	0	0	0	0	0	0	1	0	0	0	0	0	0	0	0	0	0	0	0	0	0	0	0	0	1	0	0	0	0	0	0	0	0	0	0	0	0	0	0	1	0	0	0	0	0	0	0	0	0	0	0	0	0	0	0	0	0	0	0	0	0	0	0	0	0	0	0	0	0	0	0	0	0	0	0	0
Curtobacterium.365	0	0	47	19	18	10	24	20	21	17	21	14	13	27	25	27	39	14	14	31	19	19	14	1	0	0	0	0	0	0	0	0	0	0	0	2	0	6	10	0	13	0	0	0	0	3	0	4	1	0	14	5	12	18	0	18	1	1	0	19	0	3	2	6	4	10	2	4	8	14	12	27	24	17	13	9	0	0	0	0	2	1	0	0	0	8	0	0	13	2	0	0	3	0	2	0	12	0	4	0	8	0	4	7	15	8	20	13	0	1	3	7	18	29	22	18	12	14	12	13	11	13	9	37	12	25	18	22	30	0	36	160	27	9	18	9	19	6	9	10	0	5	1	4	9	16	15	20	21	44	18	5	8	7	5	6	3	31	24	9	16	12	11	12	4	8	21	29	29	16	32	8	8	0	0	14	29	34	1	0	12	8	16	10
Curtobacterium.366	2	0	27	10	16	7	24	24	14	16	9	4	15	17	23	33	33	11	6	19	18	25	8	11	0	0	2	0	0	0	0	0	0	0	2	1	0	6	7	0	7	0	0	0	0	3	0	2	1	0	9	4	14	16	0	12	1	0	0	10	0	1	3	4	4	5	8	7	11	9	5	31	22	9	7	7	0	1	0	0	1	2	1	0	0	9	0	0	13	1	0	0	0	0	0	0	12	0	1	0	15	0	2	9	11	7	11	1	4	0	2	8	15	18	19	17	2	7	14	16	14	5	6	17	15	12	25	16	20	0	20	84	9	19	14	8	12	5	9	6	0	5	0	2	2	10	9	20	12	27	10	8	4	9	5	5	1	16	16	11	10	6	6	6	12	6	17	27	14	8	22	5	3	0	0	12	22	18	1	0	9	4	12	22
Curtobacterium.367	2	0	32	9	15	5	22	22	8	19	10	9	15	14	25	26	47	8	12	18	17	26	4	6	0	0	0	0	0	4	0	0	0	0	0	2	1	5	3	0	7	1	2	0	0	3	0	3	1	0	4	5	8	13	0	6	4	0	0	10	0	0	4	10	4	6	1	9	6	11	5	27	14	8	13	6	2	1	0	1	2	0	0	0	2	8	2	1	12	0	1	0	3	2	1	1	9	0	2	0	8	3	4	1	2	6	10	16	3	4	1	6	22	11	11	10	11	13	14	18	8	14	5	25	20	20	24	11	23	0	21	110	16	16	15	9	26	4	8	5	0	4	1	10	7	10	8	10	25	31	14	8	7	5	4	0	2	12	15	14	8	12	6	9	17	6	16	38	20	5	18	6	2	2	0	13	17	21	1	1	12	2	12	13
Curtobacterium.368	3	0	69	19	39	30	45	59	34	32	14	20	28	19	59	62	111	35	29	37	35	53	20	9	0	0	0	0	2	1	0	0	0	0	1	4	5	12	12	0	26	2	0	0	0	8	0	1	2	0	13	21	12	19	0	22	5	0	0	35	4	2	5	12	15	15	7	20	19	14	12	40	42	15	18	24	2	2	0	2	7	0	1	0	2	11	1	0	41	1	2	0	2	6	2	2	26	0	13	0	18	0	8	9	26	14	40	17	5	5	8	13	26	42	33	28	14	21	26	24	27	12	21	47	34	36	50	34	42	0	48	177	25	28	20	20	42	13	24	30	0	12	0	11	21	18	27	20	40	77	31	9	17	8	17	7	4	35	37	18	16	23	17	22	30	9	28	64	64	26	50	16	7	0	0	16	42	66	6	0	22	14	13	18
Curtobacterium.369	3	0	52	20	55	36	96	94	40	33	49	39	52	43	53	84	23	36	33	92	35	57	29	22	0	0	1	0	0	5	0	0	3	0	3	6	7	9	20	0	32	2	0	0	0	18	0	9	1	1	29	25	11	44	0	50	12	0	2	77	9	12	11	15	19	21	10	32	32	34	31	93	88	40	24	31	8	2	1	0	9	2	0	3	1	27	4	0	15	1	2	4	4	1	3	2	45	0	15	2	38	1	9	18	44	36	43	52	8	10	6	19	60	88	73	50	25	54	54	88	39	44	31	112	57	48	95	43	38	0	43	35	66	178	80	46	75	18	41	28	0	17	0	24	33	34	26	50	68	123	48	19	35	20	20	16	8	70	66	19	26	31	34	39	57	30	45	80	46	43	51	18	11	2	0	10	24	32	4	1	32	24	36	37
Curtobacterium.37	5	0	23	16	37	24	79	65	40	316	30	20	39	38	40	35	35	27	22	36	14	58	23	19	0	0	0	0	0	7	0	0	1	0	3	4	3	19	30	0	37	1	0	0	0	14	0	6	1	1	22	9	12	32	0	34	4	0	0	26	3	10	10	25	13	22	12	17	17	18	19	36	187	679	436	431	5	2	1	2	12	2	0	2	1	15	3	0	107	4	3	5	4	4	5	3	22	0	7	0	23	0	3	19	34	31	219	50	11	12	8	25	38	76	51	54	21	34	27	43	36	40	22	74	45	57	59	54	31	0	38	24	50	50	79	39	793	148	258	276	0	17	1	44	20	20	20	28	313	87	26	8	23	16	18	6	9	70	60	10	26	30	21	31	56	16	46	55	31	31	47	14	6	2	0	8	13	38	0	5	37	19	53	24
Curtobacterium.370	5	0	69	24	86	59	196	169	35	60	95	50	87	74	79	91	38	40	54	206	86	90	27	46	0	0	4	0	13	4	0	0	6	0	10	8	7	27	23	0	65	3	2	0	2	22	0	18	8	0	34	44	33	71	0	75	15	1	2	101	10	27	34	42	26	29	21	26	68	51	47	96	143	48	59	67	31	10	15	4	9	3	2	1	2	50	9	0	50	0	2	1	10	15	2	15	54	1	26	1	57	3	26	63	62	41	97	77	30	33	11	93	87	172	113	75	72	148	84	249	94	96	73	161	101	85	144	90	39	0	67	49	110	83	97	64	102	30	54	43	0	36	3	42	37	46	43	60	99	204	89	31	35	38	18	17	8	180	101	41	53	44	48	48	85	36	83	77	82	75	80	39	19	1	0	50	28	50	0	2	57	43	93	64
Curtobacterium.371	3	0	56	18	52	33	108	92	43	48	57	43	69	54	69	82	41	39	39	94	36	80	32	19	0	0	2	0	0	4	0	0	0	0	2	10	1	10	32	0	29	0	0	0	0	15	1	15	5	1	21	13	28	57	0	41	5	1	3	81	10	15	12	21	24	19	18	46	43	33	42	97	131	38	41	38	8	7	2	0	10	0	0	0	6	29	13	0	26	1	1	3	15	7	2	0	57	0	22	2	40	4	24	126	68	48	76	82	11	16	12	27	98	107	82	64	35	54	54	74	40	57	29	116	93	82	105	93	48	0	71	39	103	78	103	75	84	18	50	32	2	28	1	48	58	56	44	68	88	162	57	25	21	27	15	13	7	88	84	26	30	30	42	49	72	37	77	93	68	58	67	39	11	2	0	23	33	52	6	6	70	23	37	59
Curtobacterium.372	4	0	44	16	48	50	86	100	33	29	47	22	64	54	78	100	41	48	21	76	23	66	17	14	0	0	4	0	3	8	0	0	4	0	2	8	2	14	27	0	34	1	1	0	0	10	2	15	3	1	24	11	21	54	0	55	11	1	0	60	7	14	15	12	19	29	9	26	44	35	36	84	88	28	34	37	6	8	3	2	11	1	2	1	1	24	10	0	16	0	5	3	10	9	3	4	48	0	13	0	55	2	20	15	49	30	53	59	8	14	11	44	69	93	61	48	23	64	54	112	46	49	28	121	69	66	91	66	44	0	53	42	64	402	102	63	85	29	49	21	0	27	0	30	30	23	31	43	58	156	34	21	37	25	23	12	4	88	80	17	32	30	53	44	52	17	54	71	55	51	84	20	12	0	0	10	19	30	4	2	48	27	32	56
Curtobacterium.373	9	0	64	14	61	41	132	137	33	38	56	36	50	51	64	66	39	41	27	93	38	58	17	28	0	0	3	0	7	4	0	0	7	0	2	14	5	7	23	0	41	1	0	0	2	27	0	19	5	0	28	22	27	69	0	64	9	1	1	96	5	8	21	32	14	20	15	33	32	36	42	84	109	33	40	48	17	4	5	1	9	2	1	3	6	30	6	0	24	2	8	1	5	7	6	3	47	0	12	1	40	2	7	26	50	45	67	64	10	14	15	34	71	110	79	69	34	85	83	122	43	33	19	69	81	68	99	81	50	0	67	48	73	54	64	71	75	26	49	25	0	31	1	54	29	38	17	64	66	137	51	23	22	23	11	11	8	96	60	13	28	34	43	34	63	27	65	85	52	40	66	26	12	3	0	23	32	42	1	0	58	29	57	49
Curtobacterium.374	4	0	50	17	74	49	143	105	43	54	66	46	71	76	63	75	49	37	36	115	38	73	26	36	0	0	0	0	1	3	0	0	1	0	3	14	1	15	33	0	36	2	1	0	0	18	0	21	7	0	39	26	30	88	0	68	13	0	2	101	22	14	12	14	24	22	15	37	32	43	35	84	111	38	50	59	7	3	4	1	5	1	0	0	2	39	11	0	28	4	5	4	7	5	2	2	44	0	23	0	72	1	7	20	53	36	86	69	15	16	18	43	109	116	99	56	25	59	55	72	53	49	31	93	73	87	128	77	74	0	66	47	88	91	84	58	77	49	38	27	0	26	0	40	60	53	48	72	79	185	61	27	45	36	29	15	12	91	90	19	55	58	42	50	70	29	54	92	51	49	86	36	19	0	0	15	27	61	1	2	52	22	40	64
Curtobacterium.375	8	0	59	25	93	67	132	147	59	45	79	57	74	73	72	87	51	48	38	83	38	75	30	32	0	0	1	0	4	3	0	0	2	0	4	12	11	23	28	0	41	0	0	0	2	24	0	15	2	0	57	43	22	77	0	96	12	6	0	78	8	8	15	23	29	31	9	34	39	44	44	110	155	56	46	57	13	4	5	2	6	0	1	0	8	46	8	0	21	6	4	2	10	13	5	3	51	0	20	0	57	3	19	17	55	34	93	82	24	9	14	51	106	141	93	62	37	72	68	87	35	59	38	129	93	63	123	88	39	0	68	49	87	67	61	73	130	25	56	47	0	37	1	50	78	65	45	95	91	221	46	33	37	31	23	13	11	114	102	25	45	65	44	39	69	29	94	72	78	55	65	38	17	1	0	14	31	47	3	1	51	48	41	56
Curtobacterium.376	2	0	9	4	9	8	21	37	6	2	12	13	8	12	14	19	21	5	4	40	15	17	2	7	0	0	3	0	7	33	0	0	9	0	0	13	7	11	2	0	20	19	0	0	0	16	0	5	1	0	12	18	86	13	0	11	1	1	0	6	1	3	15	10	8	4	2	7	9	4	6	11	23	8	9	7	33	2	12	4	3	0	1	0	0	5	6	1	15	3	4	1	9	20	5	2	29	0	12	0	50	2	3	21	9	9	5	11	3	7	4	13	20	25	31	14	4	81	22	139	10	13	3	19	98	96	211	231	4	0	10	5	7	7	8	10	11	4	8	5	1	3	0	6	7	4	5	7	8	26	15	2	5	3	2	2	2	26	27	12	11	8	10	7	9	8	18	13	14	18	10	7	5	1	0	13	8	8	4	0	16	32	12	4
Curtobacterium.377	3	0	38	16	47	19	94	99	27	24	55	27	37	44	91	80	76	37	31	70	29	58	8	23	0	0	2	0	2	2	0	0	1	0	1	11	4	18	14	0	22	1	1	0	1	10	0	6	0	0	14	17	10	46	0	36	5	1	0	49	3	10	22	36	11	6	10	24	25	29	16	55	134	20	22	37	62	4	3	5	6	1	2	0	3	11	26	1	12	0	1	0	16	3	2	4	36	0	11	0	51	0	14	46	51	30	61	89	17	14	23	167	132	229	162	87	123	262	152	1052	30	26	27	72	103	118	111	80	33	0	54	40	117	209	155	81	52	19	28	17	0	21	0	24	29	27	18	45	51	134	61	30	23	22	11	10	19	73	42	7	26	17	39	34	38	11	44	68	64	64	130	23	6	0	0	63	21	36	4	2	38	20	31	175
Curtobacterium.378	0	0	12	5	12	12	17	46	4	8	16	8	11	12	15	21	28	7	2	21	8	9	9	12	0	0	2	0	7	21	0	0	7	0	0	13	2	12	4	0	16	16	0	0	0	6	1	5	0	0	8	27	67	10	0	9	0	0	0	9	0	3	29	2	3	1	1	6	8	4	7	9	11	3	4	4	33	0	11	2	2	0	0	0	0	4	0	0	7	0	4	2	9	17	4	3	13	0	5	0	47	8	1	21	9	9	11	11	2	10	3	7	8	28	14	10	10	62	25	140	11	8	5	17	75	69	131	148	10	0	3	8	16	7	12	6	7	4	9	4	0	2	4	7	7	3	7	10	10	22	9	3	5	7	3	3	0	20	12	11	3	8	8	6	8	10	15	14	7	20	11	4	9	0	0	15	1	3	0	1	13	18	14	12
Curtobacterium.379	9	0	41	12	17	12	40	34	10	27	20	21	17	22	60	53	108	33	21	34	25	31	14	10	0	0	1	0	2	3	0	0	0	0	2	2	1	10	14	0	26	1	0	0	0	7	1	5	1	0	12	5	11	27	0	20	4	0	0	20	2	4	2	12	7	7	4	17	14	12	8	52	36	14	9	11	5	0	0	0	4	0	0	1	0	9	2	0	23	0	1	2	2	0	1	1	20	0	7	0	18	1	6	9	17	11	26	29	3	5	2	9	19	25	24	26	6	18	14	31	11	16	9	36	38	37	34	35	42	0	63	134	35	22	36	16	54	9	24	10	1	4	0	12	19	12	17	28	24	46	31	10	15	13	10	6	4	31	45	23	17	24	14	24	29	10	28	39	52	22	41	20	13	2	0	22	45	57	1	2	26	14	12	23
Curtobacterium.38	3	0	24	9	130	96	293	465	11	17	260	58	185	99	31	22	66	45	9	34	14	26	11	8	0	0	0	0	4	17	0	0	12	0	3	6	2	11	10	0	13	1	1	0	1	14	0	17	21	0	18	16	24	33	0	40	7	2	0	27	6	224	204	28	11	14	4	11	21	14	13	35	48	15	21	16	585	131	64	31	77	1	0	0	1	22	8	0	23	2	37	4	3	22	2	6	22	0	9	0	23	0	2	40	18	10	19	30	212	91	27	723	35	50	28	17	61	72	113	93	26	17	17	78	20	35	37	33	11	0	15	11	26	21	17	17	30	11	13	9	0	37	1	80	23	23	17	33	27	95	35	11	12	9	13	4	4	36	39	14	10	15	14	10	40	20	26	30	28	17	21	13	26	1	0	16	20	18	1	0	28	13	75	17
Curtobacterium.380	2	0	33	18	36	19	63	63	25	31	42	23	41	51	45	42	27	36	31	53	16	50	10	7	0	0	2	0	1	1	0	0	1	0	0	8	1	8	18	0	29	0	1	0	2	6	0	9	3	0	20	19	16	37	0	36	11	0	0	39	6	9	8	10	6	21	5	24	21	30	19	59	59	17	28	18	3	1	1	1	0	0	0	1	0	25	2	0	12	0	3	1	6	5	2	2	22	0	12	0	24	4	12	8	28	26	42	35	5	7	7	19	48	74	41	32	22	39	41	47	37	33	28	95	58	39	86	70	34	0	54	26	49	42	51	50	49	14	46	20	0	12	1	20	27	22	31	44	51	105	42	10	27	17	13	8	5	76	56	19	19	24	28	28	30	15	44	57	36	31	35	24	3	1	0	9	30	34	3	1	39	17	25	34
Curtobacterium.381	7	0	35	36	30	20	67	66	53	49	42	21	37	41	37	47	23	19	11	33	23	26	37	12	0	0	0	0	1	0	0	0	1	0	1	4	0	17	45	0	62	1	0	0	0	16	0	5	1	0	25	14	8	37	0	32	7	0	0	39	4	8	6	15	7	9	4	8	13	8	15	33	103	20	32	65	36	0	1	0	3	0	0	1	0	16	5	1	18	0	3	0	6	2	3	4	25	0	6	0	21	0	7	6	28	26	221	64	5	9	7	90	28	48	40	26	16	23	27	32	27	20	22	56	42	38	139	31	89	0	55	57	42	31	118	29	162	30	60	55	0	14	0	24	19	11	18	35	96	86	35	6	16	16	13	9	4	36	39	12	19	58	25	35	40	13	38	80	63	37	47	20	5	1	0	10	14	37	1	0	31	15	29	27
Curtobacterium.382	1	0	3	1	6	7	16	15	4	2	14	7	9	8	10	5	8	4	5	6	10	12	2	0	0	0	0	0	0	1	0	0	0	0	0	2	0	2	6	0	3	0	0	0	2	58	4	3	2	0	36	64	23	15	0	6	2	1	0	9	3	7	10	7	3	7	1	1	2	3	2	14	18	6	7	9	231	12	49	14	1	1	0	1	1	5	31	0	7	0	21	0	1	22	1	22	74	0	26	0	201	2	51	72	2	7	8	4	10	33	1	51	25	214	118	23	154	601	82	260	19	24	8	52	9	16	21	10	6	0	6	5	13	11	8	3	12	6	6	3	0	9	0	13	1	6	4	17	17	15	19	3	5	0	3	5	5	13	19	1	2	3	4	4	22	4	15	19	10	6	6	2	3	0	0	13	2	6	0	0	13	11	16	3
Curtobacterium.383	1	0	14	4	18	10	27	31	9	12	15	22	18	12	10	19	11	12	6	21	10	13	5	5	0	0	1	0	1	0	0	0	0	0	1	3	1	5	6	0	12	0	0	0	0	475	16	19	1	0	295	698	15	22	0	17	8	0	0	16	3	5	2	15	10	7	3	12	10	15	7	15	40	8	8	13	87	10	29	10	1	1	1	4	2	11	10	1	7	2	11	2	2	12	0	10	771	1	459	8	2226	110	139	214	8	7	23	19	7	22	4	40	35	122	84	19	60	317	43	170	36	19	5	99	30	18	22	21	19	0	11	28	24	10	19	22	18	6	14	14	3	4	0	9	12	5	15	51	27	42	17	7	15	10	7	5	5	21	28	8	12	18	12	13	18	12	8	16	13	20	22	15	6	0	0	8	15	24	0	0	14	10	24	15
Curtobacterium.384	0	0	0	0	0	0	1	1	0	0	0	0	0	0	0	0	0	0	0	0	0	0	0	0	0	0	0	0	0	0	0	0	0	0	0	0	0	0	0	0	0	0	0	0	0	0	0	0	0	0	0	3	0	0	0	0	0	0	0	1	1	0	0	0	0	0	0	0	0	0	0	0	0	1	0	0	0	0	0	0	0	0	0	0	0	0	0	0	0	0	0	0	0	0	0	0	0	0	1	0	2	0	0	0	0	0	0	0	0	0	0	0	0	0	0	0	1	0	0	0	1	1	0	1	1	0	1	0	0	0	0	0	0	0	1	1	0	0	0	0	0	0	0	0	0	0	0	0	0	0	0	0	0	0	0	0	0	0	0	0	0	1	0	0	1	0	0	0	1	0	0	0	0	0	0	0	0	0	0	0	1	0	0	0
Curtobacterium.385	0	0	9	2	7	3	17	15	6	7	12	4	7	8	2	12	14	4	7	15	6	5	1	1	0	0	1	0	2	2	0	0	0	0	0	4	4	2	2	0	10	0	0	0	0	50	10	4	0	0	26	351	45	8	0	9	5	0	0	10	0	1	4	1	3	4	2	5	3	2	6	12	19	5	5	4	6	1	6	1	0	1	1	2	2	2	1	1	38	0	7	0	5	3	2	3	146	0	93	0	101	16	49	43	5	6	6	10	3	2	4	4	11	21	17	19	2	41	8	42	8	9	4	10	12	16	22	18	10	0	5	2	12	3	11	11	8	7	9	8	0	4	1	1	9	9	8	8	10	14	9	5	0	1	2	2	1	11	9	18	6	5	2	2	8	2	8	12	7	7	10	1	1	2	0	10	4	7	0	2	5	3	7	7
Curtobacterium.386	3	0	41	9	305	39	2041	454	28	105	74	119	84	25	43	30	18	16	10	40	14	37	54	13	0	0	0	0	3	24	0	0	9	0	7	2	4	31	42	0	56	1	0	0	0	17	0	9	5	1	16	17	19	26	0	33	7	0	0	34	5	23	60	5	9	7	6	9	12	13	22	40	894	650	347	369	28	1	2	3	18	0	0	0	1	26	7	2	26	1	19	0	8	2	4	0	53	0	51	0	27	1	25	374	31	40	101	131	2	10	4	10	84	191	119	47	15	19	21	38	20	15	11	50	35	33	42	35	24	0	16	25	26	34	47	24	358	50	136	47	0	29	0	135	27	23	17	23	136	65	32	13	12	12	7	6	10	100	22	6	13	33	20	14	27	20	28	34	33	26	44	13	7	0	0	8	11	19	2	2	19	13	31	24
Curtobacterium.387	1	0	3	2	6	16	38	89	1	6	4	23	7	0	6	5	8	4	8	8	7	4	3	1	0	0	2	0	0	5	0	0	8	0	0	1	14	5	4	0	12	2	0	0	0	8	3	1	3	0	2	30	19	4	0	3	0	1	0	11	1	5	8	3	1	2	1	5	2	0	4	3	11	2	2	4	26	0	15	2	2	0	0	0	0	1	0	0	12	0	1	0	1	7	4	4	29	0	2	0	22	0	17	90	2	3	5	1	1	7	1	2	27	76	53	21	9	80	27	143	7	4	2	5	3	3	11	9	0	0	3	0	3	3	3	5	8	2	5	2	0	6	0	5	1	4	2	10	7	15	4	1	4	1	2	1	2	12	9	4	3	5	3	1	6	4	11	2	4	7	4	0	2	0	0	7	0	4	0	0	3	5	6	5
Curtobacterium.388	0	0	15	5	18	4	32	34	14	11	19	17	8	13	17	39	16	8	2	33	14	22	8	6	0	0	1	0	3	6	0	0	2	0	0	10	8	2	4	0	12	1	1	0	0	71	20	5	2	0	84	730	74	14	0	18	5	1	0	19	2	6	15	8	6	5	8	7	10	10	12	16	25	8	12	14	9	2	4	1	3	0	0	4	0	7	2	3	100	1	6	1	5	7	0	4	280	0	184	0	189	35	99	88	6	5	17	17	2	10	6	10	33	26	32	26	9	68	17	59	5	3	2	16	22	20	44	39	12	0	13	4	21	17	7	2	15	8	9	11	0	9	0	9	8	10	14	18	14	44	6	2	6	4	11	2	4	19	36	20	3	12	8	6	16	6	18	9	16	16	24	4	8	0	0	18	9	10	0	0	10	13	10	16
Curtobacterium.389	1	0	24	7	18	7	34	25	7	12	18	13	15	15	23	21	7	10	7	12	4	17	7	7	0	0	2	0	0	0	0	0	0	0	1	2	1	5	6	0	11	0	1	0	0	470	9	13	3	0	257	710	14	40	0	34	1	1	1	21	5	9	7	28	20	4	4	13	14	10	14	26	34	10	14	8	98	7	29	6	1	4	0	8	2	10	10	5	9	1	14	0	2	15	2	12	746	0	497	10	2108	100	168	236	18	8	23	14	8	27	5	34	25	102	85	22	66	264	65	156	28	28	18	75	21	18	25	14	22	0	27	15	18	15	16	15	37	9	10	3	1	11	0	10	17	14	10	51	18	78	23	6	10	6	9	1	13	23	20	9	4	14	7	11	25	5	19	15	10	17	23	9	3	0	0	9	8	20	0	1	11	7	18	16
Curtobacterium.39	1	0	11	1	26	20	36	48	10	18	27	13	21	13	23	26	13	20	12	27	12	31	7	8	0	0	1	0	0	0	0	0	0	0	3	1	0	3	7	0	19	2	0	0	2	70	1	10	1	1	54	67	69	30	0	30	3	0	1	22	3	5	7	22	3	5	3	17	9	13	9	27	48	16	37	13	433	36	139	25	8	0	1	2	0	9	36	0	16	1	30	1	8	54	5	49	77	0	42	3	224	9	48	66	16	11	25	21	32	75	10	112	58	408	269	42	267	1400	190	631	23	20	9	85	30	24	36	14	20	0	17	12	17	18	21	11	29	13	17	9	2	13	1	29	13	16	2	18	23	66	27	7	21	9	12	5	26	21	32	8	7	7	9	14	37	10	25	27	19	19	28	9	3	1	0	19	12	13	0	0	18	8	26	16
Curtobacterium.390	4	0	32	12	29	23	73	53	26	24	30	12	36	25	30	51	24	21	13	39	18	45	18	11	0	0	1	0	1	1	0	0	0	0	1	6	1	4	11	0	18	1	0	0	0	167	6	15	2	0	232	402	16	50	0	43	16	0	0	78	6	11	9	10	13	8	5	19	16	20	9	56	56	21	33	27	7	1	3	0	6	5	1	1	2	13	2	2	8	3	3	1	6	6	1	4	40	0	26	0	427	3	22	11	30	21	39	33	10	9	9	24	52	80	34	33	22	39	38	36	51	45	23	126	35	33	48	57	26	0	37	26	31	35	45	26	49	17	31	13	0	15	2	17	19	36	16	47	48	97	37	16	12	23	13	6	8	39	30	5	19	15	23	33	23	15	31	41	39	35	30	17	4	4	0	11	11	31	3	0	30	11	30	28
Curtobacterium.391	1	0	13	1	13	15	30	17	10	7	12	8	20	9	12	17	14	7	9	26	13	14	5	3	0	0	0	0	0	1	0	0	2	0	2	2	0	2	8	0	11	0	0	0	0	71	1	8	4	0	47	100	47	15	0	26	0	0	0	7	2	13	15	10	8	10	0	9	14	3	3	22	25	11	7	24	235	11	58	3	6	1	0	1	0	5	19	0	9	3	20	0	3	22	3	28	96	0	57	1	260	11	47	120	7	13	16	11	21	29	1	60	31	192	144	20	158	772	88	304	20	34	8	54	14	22	32	22	11	0	9	13	22	11	15	4	24	7	9	5	1	6	2	15	10	16	8	16	19	43	19	6	7	8	5	4	18	22	25	4	4	14	7	12	20	12	10	23	10	13	12	6	3	0	0	10	6	6	1	0	8	6	18	19
Curtobacterium.392	2	0	22	8	15	13	26	41	12	18	30	13	20	15	24	34	7	12	12	31	14	17	11	4	0	0	1	0	1	2	0	0	0	0	1	5	2	0	5	0	13	0	0	0	0	77	1	7	1	0	108	187	5	30	0	32	5	0	0	38	8	8	10	6	7	13	9	9	13	15	11	16	43	16	19	11	7	3	2	3	3	0	0	1	2	11	1	1	8	1	1	0	3	1	1	0	17	0	6	0	208	0	9	7	25	13	20	18	1	4	7	17	40	45	26	21	10	26	19	27	32	29	14	72	27	21	30	27	13	0	15	13	30	21	22	21	32	6	16	13	0	6	0	13	13	18	8	38	27	66	25	5	18	5	6	2	3	20	22	11	9	11	13	15	26	7	15	36	33	31	20	17	4	0	0	8	11	23	0	0	22	10	14	21
Curtobacterium.393	1	0	9	2	8	7	16	32	5	9	19	13	9	4	11	18	7	5	5	29	7	18	4	3	0	0	0	0	2	7	0	0	4	0	1	1	6	9	5	0	9	5	0	0	0	66	15	2	0	0	47	490	57	15	0	10	2	1	0	4	0	5	5	3	4	3	0	6	4	5	1	19	21	7	8	7	14	2	7	0	2	0	0	5	0	6	0	3	57	0	5	3	1	5	1	2	182	0	128	0	135	18	76	50	7	6	12	14	1	2	1	3	21	46	35	17	6	59	11	54	8	12	5	17	19	13	32	22	6	0	6	6	15	10	12	9	14	8	13	4	0	2	0	7	7	14	5	6	20	39	5	0	3	5	4	1	6	14	14	11	2	4	7	5	15	2	17	12	13	6	13	2	4	0	0	5	6	5	0	1	5	4	5	11
Curtobacterium.394	1	0	4	3	19	6	19	23	9	7	15	8	7	14	8	7	7	11	3	8	5	16	6	5	0	0	1	0	0	0	0	0	0	0	0	1	1	0	3	0	9	0	0	0	0	39	3	4	1	0	38	54	30	16	0	20	2	0	0	11	1	6	3	14	4	4	3	6	8	6	3	15	26	9	4	7	195	7	46	10	0	0	1	0	1	1	24	0	12	0	7	0	5	15	3	18	53	0	27	0	151	9	35	57	6	4	10	14	7	32	2	39	38	146	98	26	104	518	71	267	16	7	9	51	10	11	16	14	5	0	9	11	15	6	4	8	9	8	5	9	0	2	0	16	7	9	12	13	15	29	7	7	3	1	2	2	12	17	14	3	3	12	9	9	14	6	11	19	15	9	10	3	1	1	0	13	8	13	0	1	12	5	12	11
Curtobacterium.395	6	0	30	17	56	52	101	220	42	42	83	73	68	39	84	134	255	36	30	162	56	69	35	27	0	0	27	0	39	82	0	0	43	0	1	42	38	40	31	0	119	86	4	0	3	48	7	19	12	2	44	140	353	62	0	57	8	2	0	60	9	39	99	39	25	26	21	45	40	28	43	84	77	34	48	34	282	7	96	20	5	0	2	3	4	37	10	1	78	4	34	6	37	64	24	16	113	0	61	3	210	16	48	131	52	33	52	57	10	57	5	31	99	192	155	90	47	589	143	805	49	39	30	94	321	228	504	588	43	0	42	34	61	60	64	58	85	24	43	37	0	36	14	42	41	32	28	62	74	170	49	21	32	30	21	18	10	70	126	80	23	47	27	38	66	44	77	69	100	84	108	11	32	3	0	131	24	39	13	1	60	68	52	66
Curtobacterium.396	0	0	1	0	0	0	0	2	0	0	0	0	1	1	1	1	3	2	0	1	0	0	0	0	0	0	0	0	0	0	0	0	2	0	0	0	0	0	0	0	0	0	0	0	0	0	0	0	0	0	0	0	1	2	0	2	0	0	0	0	0	0	0	2	0	0	0	0	1	0	0	2	0	0	0	1	1	0	0	0	0	0	0	0	0	0	0	0	1	0	0	0	0	0	0	0	0	0	0	0	0	0	0	0	1	0	1	0	0	0	0	0	0	0	0	2	0	1	1	1	0	0	0	0	1	1	2	2	0	0	0	0	0	0	0	0	0	0	0	0	0	0	0	0	0	0	0	0	0	0	2	0	0	0	0	0	0	0	0	0	0	0	0	1	1	0	1	0	0	1	2	0	0	0	0	0	0	0	0	0	0	1	0	0
Curtobacterium.397	12	0	58	17	67	56	142	274	56	55	64	67	75	67	90	100	63	49	199	6236	1921	875	25	40	0	0	7	0	15	7	0	0	7	0	4	19	4	12	22	0	418	3	6	0	3	46	2	15	4	0	57	47	49	87	0	79	7	2	0	84	7	20	24	22	27	36	17	47	74	48	49	119	114	49	51	59	25	3	14	4	9	0	5	0	10	31	7	2	44	6	3	6	12	9	1	10	87	0	25	2	55	2	20	44	38	26	60	86	18	23	13	31	108	111	99	73	42	112	69	169	37	41	30	55	117	70	193	109	39	0	36	38	71	66	116	128	93	36	52	42	0	20	0	37	71	57	36	82	64	198	56	33	57	38	33	18	15	241	156	111	40	43	41	57	59	35	293	71	83	55	75	36	21	1	0	43	34	59	3	5	71	66	59	69
Curtobacterium.4	16	0	101	37	117	53	965	220	86	140	138	90	161	129	205	190	126	149	74	152	86	158	49	28	0	0	3	0	6	12	0	0	1	0	5	36	5	25	42	0	70	1	0	0	2	38	2	47	9	0	81	54	50	156	0	144	21	6	1	155	13	44	104	1947	63	72	49	88	105	71	79	236	182	110	116	108	17	4	8	4	125	3	2	4	11	62	13	2	36	5	23	7	40	22	9	3	75	1	49	1	71	7	23	49	100	65	124	142	19	24	16	55	171	248	194	133	39	110	117	118	100	113	74	209	271	273	306	362	99	0	101	75	288	331	344	236	186	61	100	50	0	164	3	173	78	117	87	144	145	405	160	53	91	79	57	29	21	162	181	47	54	100	74	74	182	97	199	189	107	78	103	66	19	2	0	36	66	116	4	4	145	98	126	135
Curtobacterium.40	45	0	219	93	491	470	1081	1358	99	246	741	289	462	355	330	287	372	176	273	1413	532	501	84	73	0	0	41	0	88	55	0	0	36	0	9	69	66	79	86	0	423	14	6	1	6	316	20	50	90	2	230	463	403	157	0	109	50	5	3	260	40	488	519	615	49	72	33	89	196	214	160	398	357	161	216	197	1024	184	305	65	95	5	8	12	15	365	172	3	254	7	104	6	83	250	22	267	412	0	271	2	1154	65	211	454	117	75	268	153	522	404	123	1394	442	1360	876	351	850	2710	1016	2654	881	789	517	1270	509	573	1188	557	148	0	185	259	402	434	491	392	440	108	201	155	4	159	5	277	91	70	79	138	541	769	864	211	76	48	55	24	128	953	335	126	70	107	80	105	1102	477	659	611	460	231	316	132	155	39	0	396	99	202	8	16	856	438	1488	406
Curtobacterium.41	0	0	1	0	0	0	0	1	0	2	0	0	0	0	0	0	0	1	0	1	0	0	0	0	0	0	0	0	0	0	0	0	0	0	0	0	0	0	0	0	0	0	0	0	0	2	0	0	0	0	0	0	1	0	0	0	0	0	0	2	0	1	0	0	0	0	0	0	0	0	0	1	0	1	0	0	1	0	0	0	0	0	0	0	0	0	0	0	1	0	1	0	0	0	0	0	0	0	0	0	1	0	0	0	0	2	0	0	0	0	0	0	2	2	0	0	3	3	1	1	0	0	0	0	0	0	1	0	0	0	0	0	0	0	0	0	0	0	0	0	0	1	0	0	1	0	0	0	0	0	0	0	0	0	0	0	0	0	2	0	0	0	0	0	0	1	0	0	0	0	1	1	0	0	0	0	0	0	0	0	0	0	0	0
Curtobacterium.42	4	0	15	4	11	15	14	30	8	13	19	16	11	13	16	9	6	13	5	11	14	21	3	2	0	0	0	0	0	1	0	0	1	0	0	1	1	2	7	0	8	0	0	0	0	47	2	8	3	0	27	58	47	17	0	25	3	1	0	13	6	3	3	12	5	12	3	11	13	6	3	17	27	16	9	12	424	21	112	13	1	1	3	6	0	12	35	1	8	2	33	2	7	46	3	43	53	0	33	1	194	7	36	81	9	9	5	14	26	35	2	65	41	238	144	24	184	886	140	420	19	12	15	48	19	17	28	17	9	0	8	6	17	18	17	14	21	4	11	7	0	9	0	18	8	8	12	25	12	45	25	4	13	4	8	1	13	17	22	4	9	23	5	5	18	13	12	14	13	10	12	9	3	0	0	28	10	5	0	0	9	8	16	9
Curtobacterium.43	2	0	13	3	53	51	175	192	3	3	110	35	73	42	15	14	30	17	8	14	6	13	4	5	0	0	0	0	0	2	0	0	5	0	1	3	2	4	3	0	9	0	0	0	0	5	0	12	25	0	8	7	9	13	0	16	2	0	0	10	1	105	111	9	6	6	4	9	8	2	8	18	19	7	4	7	175	57	34	20	37	1	0	0	2	10	3	0	9	0	14	3	5	14	0	6	8	0	4	0	19	0	5	15	10	3	5	14	113	42	7	323	14	30	15	12	24	31	61	38	12	17	15	48	14	9	21	13	9	0	15	13	17	7	14	7	15	2	8	6	0	22	0	34	5	5	8	14	16	45	20	5	6	6	2	3	5	12	20	3	5	6	5	5	14	5	15	17	8	5	9	3	13	0	0	3	3	11	1	0	14	5	30	12
Curtobacterium.44	27	0	208	105	306	377	416	835	33	46	271	73	338	210	32	51	34	33	37	125	34	133	18	13	0	0	0	0	10	15	0	0	0	0	2	10	5	22	13	0	19	19	5	1	3	19	0	33	57	0	25	9	915	31	0	43	14	2	0	79	9	193	58	644	14	21	10	27	30	36	25	63	67	27	47	28	192	62	52	22	40	5	0	2	5	451	56	1	199	4	77	5	16	111	16	280	22	0	12	0	30	8	14	6	42	14	33	33	71	44	15	146	223	560	169	239	141	73	195	138	1291	1094	727	1194	74	67	135	62	25	0	40	213	60	62	55	48	112	22	65	66	0	26	3	33	25	23	18	35	251	1333	166	123	24	15	17	8	29	146	41	20	22	20	21	27	89	52	45	66	342	145	182	126	96	28	0	304	78	197	8	16	57	33	82	40
Curtobacterium.45	4	0	16	5	109	83	205	318	5	13	232	45	142	74	29	28	38	28	9	56	44	36	13	6	0	0	1	0	1	10	0	0	8	0	2	4	4	4	5	0	41	3	2	0	1	17	0	6	24	0	18	23	36	16	0	19	1	0	0	15	7	175	164	33	4	4	4	11	18	11	19	30	33	18	15	12	219	52	34	18	34	3	1	1	1	35	13	0	16	1	49	0	9	19	2	7	39	0	21	0	39	4	14	38	5	9	24	16	131	37	12	387	21	71	36	32	54	126	123	155	24	20	16	68	33	26	55	39	21	0	18	11	21	23	23	23	43	7	18	10	0	37	1	44	14	7	17	17	36	79	59	13	10	11	7	8	4	64	29	8	3	18	17	16	57	24	31	21	23	14	13	3	15	3	0	34	6	17	0	3	38	13	73	30
Curtobacterium.46	2	0	14	8	12	8	23	21	8	5	12	9	9	2	13	17	16	5	7	17	7	16	4	5	0	0	0	0	0	5	0	0	0	0	0	4	0	3	5	0	8	0	0	0	0	41	2	4	5	0	25	43	52	20	0	15	1	0	0	18	2	4	5	13	6	5	5	7	13	15	6	27	28	9	15	6	385	25	95	16	5	0	0	2	1	12	35	0	11	1	25	0	8	58	3	27	50	0	17	0	154	3	36	65	9	4	18	12	22	32	3	76	35	197	143	29	177	838	120	385	9	10	6	48	16	8	26	9	6	0	14	8	10	10	4	15	18	6	12	8	0	8	0	19	10	5	9	18	15	31	16	3	3	7	4	6	8	24	16	2	10	10	8	6	13	10	14	21	17	10	8	7	2	1	0	12	6	13	1	0	14	3	26	16
Curtobacterium.47	0	0	0	0	1	1	1	5	0	0	2	1	2	0	0	2	0	0	0	0	0	0	0	0	0	0	0	0	0	0	0	0	0	0	0	0	0	2	0	0	0	0	0	0	0	0	0	0	0	0	0	0	0	0	0	2	0	0	0	0	0	2	0	0	0	1	1	0	0	2	2	2	1	0	1	0	0	0	1	1	0	0	0	0	0	1	0	0	0	0	0	0	0	0	0	0	1	0	0	0	0	0	0	0	1	0	0	0	2	0	2	8	1	1	0	0	0	0	0	1	1	0	0	2	0	0	0	1	1	0	0	0	1	1	0	1	0	0	0	0	0	0	0	0	1	0	0	0	2	3	2	0	0	0	1	0	0	1	0	0	0	0	0	1	0	0	0	0	0	1	1	0	0	0	0	0	1	0	0	0	0	0	1	0
Curtobacterium.48	5	0	67	13	62	33	252	122	38	40	57	34	57	64	277	157	115	82	17	67	31	57	16	27	0	0	0	0	1	1	0	0	2	0	3	10	9	42	20	0	41	1	1	0	1	21	0	7	0	0	36	61	22	67	0	40	9	1	0	96	6	13	51	23	20	23	14	48	32	26	32	73	518	44	34	47	199	3	6	26	7	0	3	1	6	28	46	1	17	5	3	4	16	2	3	6	68	0	17	7	68	7	27	91	51	65	81	163	64	43	86	867	283	721	380	170	367	621	621	1043	40	57	22	102	83	91	217	106	36	0	64	35	119	130	183	77	71	40	50	38	0	14	0	46	45	37	37	74	90	163	60	33	31	21	21	14	38	89	72	18	20	35	30	60	52	24	56	131	72	65	126	26	7	0	0	120	30	48	4	3	44	25	21	86
Curtobacterium.49	4	0	45	7	45	28	89	108	33	35	37	29	49	39	71	71	69	45	29	63	21	62	12	16	0	0	0	0	2	5	0	0	2	0	1	9	2	20	13	0	32	2	2	0	1	14	2	7	2	0	45	30	22	52	0	48	8	1	1	65	8	7	18	43	19	19	18	24	35	31	17	81	138	28	38	31	85	1	1	6	4	1	1	0	2	21	12	0	25	2	3	1	9	9	1	3	22	0	13	3	40	3	22	33	44	26	54	64	10	12	19	145	100	208	135	64	76	195	142	766	33	43	18	78	74	70	90	86	39	0	56	24	76	170	119	87	65	18	33	25	0	22	0	35	43	45	39	67	58	131	53	25	21	19	16	14	11	58	68	17	28	33	28	34	49	19	44	66	58	55	116	29	8	1	0	47	24	36	2	2	30	19	22	117
Curtobacterium.5	10	0	234	122	269	124	580	226	74	292	125	223	183	182	122	136	59	65	42	101	53	80	49	27	0	0	1	0	4	31	0	0	10	0	4	14	8	39	59	0	69	12	0	0	0	44	1	28	6	2	52	30	201	103	0	120	24	5	2	136	16	18	23	22	32	49	35	67	60	60	46	159	506	360	432	393	9	3	4	5	44	1	2	1	11	55	5	1	283	9	94	4	11	11	8	9	85	0	80	0	60	10	32	288	65	80	128	142	19	16	16	43	349	1794	838	286	51	152	79	190	42	66	44	110	71	71	117	125	43	0	77	42	83	79	98	63	1001	107	133	239	1	37	2	180	84	84	66	102	424	269	94	45	42	54	42	29	89	264	125	37	36	69	65	63	70	51	64	113	96	84	130	45	27	3	0	37	70	73	1	4	32	41	88	74
Curtobacterium.50	2	0	11	3	18	12	31	49	8	12	27	22	13	14	20	16	23	1	6	30	10	23	3	12	0	0	0	0	4	74	0	0	5	0	0	14	5	8	5	0	17	16	0	0	0	50	3	10	4	0	8	67	162	7	0	13	1	0	0	18	2	3	12	16	7	4	4	12	20	14	8	18	26	13	8	8	55	2	21	13	3	0	0	2	2	8	3	0	32	1	26	3	9	53	12	13	72	0	24	0	125	6	16	44	9	5	7	11	6	14	3	10	43	85	56	37	16	144	50	317	12	9	2	26	47	39	72	78	4	0	10	7	14	12	16	12	15	6	7	7	0	4	0	10	8	7	7	23	10	32	8	2	8	6	1	5	2	17	30	8	8	11	6	7	17	8	12	15	13	15	12	11	6	1	0	13	8	10	3	3	8	16	15	9
Curtobacterium.51	0	0	0	0	1	0	1	5	0	0	0	0	0	0	0	0	0	0	0	0	0	0	0	0	0	0	0	0	0	0	0	0	0	0	0	0	0	0	0	0	0	0	0	0	0	0	0	0	0	0	0	0	0	0	0	0	0	0	0	0	0	0	1	0	0	0	0	0	0	0	0	0	0	0	0	0	3	0	0	0	0	0	0	0	0	0	0	0	0	0	0	0	0	0	0	0	0	0	0	0	0	0	0	0	0	0	0	0	1	0	0	0	0	0	0	0	0	0	0	0	0	0	0	0	0	0	0	0	0	0	0	0	0	0	0	0	0	0	0	0	0	1	0	0	0	0	0	0	0	1	0	0	0	0	0	0	0	0	0	0	0	0	0	0	0	0	0	0	0	0	0	0	0	0	0	0	0	0	0	0	0	0	0	0
Curtobacterium.52	9	0	37	16	63	73	86	231	19	42	102	60	284	250	34	50	36	33	213	498	163	623	9	11	0	0	1	0	5	6	0	0	2	0	4	8	8	8	11	0	14	4	0	0	1	7	0	14	33	2	12	12	56	31	0	16	8	1	1	25	0	46	43	174	13	14	7	16	19	21	10	38	35	16	31	26	167	145	66	41	28	0	0	0	0	36	106	1	36	2	12	0	26	257	7	406	18	0	12	0	19	0	11	23	25	15	37	20	390	209	26	305	120	331	116	133	585	368	350	466	659	590	415	645	143	134	427	118	17	0	26	135	35	56	79	36	49	14	28	15	0	61	3	71	18	22	24	32	78	157	65	28	8	14	14	14	15	57	34	17	11	14	14	24	355	112	116	123	188	61	108	66	36	11	0	73	41	96	3	6	141	22	103	115
Curtobacterium.53	5	0	9	2	68	60	158	229	4	7	131	31	84	54	11	16	30	20	4	15	2	11	6	4	0	0	0	0	4	6	0	0	4	0	0	2	1	3	9	0	5	0	0	0	0	2	0	0	10	0	12	4	23	15	0	18	6	0	0	12	6	85	66	10	2	4	3	4	4	7	6	22	21	9	4	5	147	92	34	22	23	0	0	0	0	12	7	0	7	0	11	2	2	13	1	3	11	0	3	2	13	0	4	14	8	4	6	16	121	47	9	309	18	22	17	11	25	54	62	27	8	18	6	21	11	7	22	14	7	0	7	6	9	10	8	19	11	7	11	13	0	19	0	32	9	9	9	11	15	34	28	1	6	6	6	4	5	22	9	2	6	9	6	6	12	7	14	16	21	5	11	5	18	0	0	6	4	15	0	2	14	4	24	8
Curtobacterium.54	1	0	14	1	12	10	19	37	2	8	18	3	16	12	10	8	6	13	9	15	9	8	5	4	0	0	0	0	0	1	0	0	0	0	0	6	1	2	1	0	9	0	0	0	0	59	0	3	1	0	30	60	53	11	0	8	2	0	0	12	0	5	1	7	4	7	1	7	7	7	9	15	21	6	13	6	418	31	98	7	1	0	0	0	0	10	29	0	6	1	23	0	3	44	5	50	57	0	27	0	154	12	39	66	4	2	12	14	22	42	0	75	41	241	140	38	185	870	118	366	22	22	7	30	18	22	20	16	8	0	11	13	18	18	9	10	15	7	11	5	0	6	1	19	17	5	10	20	15	49	15	7	4	3	6	5	6	10	14	6	9	7	5	10	16	10	17	13	20	4	21	9	4	0	0	12	5	12	0	1	15	9	28	14
Curtobacterium.55	1	0	7	3	51	46	122	179	6	2	101	22	64	32	18	12	24	13	4	8	2	14	2	3	0	0	0	0	3	8	0	0	9	0	0	2	2	6	5	0	9	0	1	0	0	2	0	5	5	0	12	8	14	13	0	8	4	1	0	16	0	92	76	8	8	4	8	13	4	10	2	18	12	8	3	9	103	59	24	11	30	0	0	0	1	3	3	0	6	0	12	0	1	8	1	1	7	0	1	0	15	1	1	17	5	7	9	16	80	38	4	267	15	19	13	8	18	35	44	37	11	19	7	30	6	14	15	12	11	0	5	4	5	10	8	12	11	8	5	5	0	24	0	29	6	10	5	7	9	29	21	4	4	7	4	0	2	20	14	3	5	6	9	8	7	8	10	12	14	8	8	5	11	0	0	11	3	4	1	0	17	7	14	8
Curtobacterium.56	7	0	38	13	40	62	73	190	13	17	105	47	274	277	29	29	35	21	241	495	199	649	3	8	0	0	0	0	2	1	0	0	0	0	3	3	2	8	3	0	16	2	2	0	0	4	1	15	63	0	15	8	49	31	0	43	5	1	0	37	2	31	19	192	8	9	8	15	17	30	13	38	38	14	24	21	212	163	39	46	20	3	0	0	1	18	178	2	21	0	16	1	21	287	9	934	17	0	11	0	14	0	5	5	22	10	30	25	368	183	19	277	143	303	97	114	516	216	314	354	671	622	386	664	89	116	352	100	15	0	21	131	28	48	71	20	33	8	16	10	0	54	1	83	14	11	12	23	57	136	43	16	15	12	10	8	23	31	30	16	9	18	13	14	273	98	124	104	189	59	85	63	29	5	0	43	33	98	9	4	147	34	88	98
Curtobacterium.57	0	0	0	0	0	0	0	0	0	0	1	0	0	1	0	0	0	0	0	2	0	0	0	0	0	0	0	0	0	0	0	0	0	0	0	0	0	0	0	0	0	0	0	0	0	0	0	0	0	0	0	0	0	0	0	0	0	0	0	0	0	0	0	0	0	0	0	0	0	0	0	0	0	0	0	0	0	1	0	0	0	0	0	0	0	0	0	0	0	0	0	0	0	2	0	1	0	0	0	0	0	0	0	0	0	0	0	0	2	0	0	0	0	0	0	0	0	0	2	1	0	0	0	0	1	1	1	0	0	0	0	0	0	0	0	0	1	0	0	0	0	0	0	0	0	0	0	0	0	0	0	0	0	0	0	0	0	0	0	0	0	0	0	0	2	0	0	0	0	1	0	0	0	0	0	0	0	0	0	0	1	0	0	0
Curtobacterium.58	4	0	6	9	33	29	48	213	4	3	21	68	12	17	25	23	8	6	2	96	25	25	5	4	0	0	14	0	13	6	0	0	19	0	0	14	38	10	0	0	38	8	0	0	0	16	6	12	5	0	8	36	59	4	0	6	3	0	1	3	1	19	23	10	1	5	3	8	5	0	8	15	10	9	13	7	77	13	37	8	3	0	0	1	1	3	8	0	31	0	16	3	4	26	9	28	25	0	9	0	35	2	25	152	7	2	8	4	6	35	1	28	56	217	219	62	22	316	80	466	12	13	8	25	11	12	17	15	3	0	7	9	4	7	15	6	14	6	14	12	0	12	0	7	3	3	0	6	12	17	10	3	4	2	0	4	9	23	18	11	7	2	5	2	20	7	12	6	19	9	8	6	9	3	0	56	1	4	1	0	9	7	12	5
Curtobacterium.59	3	0	15	3	11	9	33	30	6	7	20	4	12	13	11	14	9	11	9	23	11	30	11	4	0	0	1	0	1	1	0	0	1	0	1	1	1	6	3	0	10	0	0	0	0	56	2	6	0	0	31	63	45	23	0	27	4	0	0	27	6	9	3	9	5	8	2	11	10	6	6	12	29	8	26	12	352	28	97	20	10	0	0	3	0	10	49	1	10	0	27	0	1	46	5	42	57	0	38	0	252	17	42	69	8	2	10	8	27	57	1	106	47	291	206	46	203	1151	154	511	23	27	24	81	13	20	31	14	8	0	14	16	16	11	8	9	30	10	5	5	0	10	1	30	6	11	6	16	22	46	17	12	7	5	6	2	18	20	17	8	15	9	7	10	14	9	12	23	11	13	10	4	2	0	0	16	7	22	0	0	16	17	28	9
Curtobacterium.6	8	0	100	25	354	743	722	2415	62	65	3310	267	288	564	114	121	64	76	46	83	52	94	45	18	0	0	3	0	8	7	0	0	0	0	3	7	5	10	31	0	50	0	0	0	0	33	0	41	8	1	55	48	42	154	0	153	22	4	1	152	25	26	19	30	37	47	27	58	72	62	68	167	138	51	56	85	25	23	7	2	53	2	1	1	4	48	16	2	40	6	9	4	14	15	8	69	65	1	29	1	80	3	71	28	58	59	98	103	18	29	17	54	130	191	135	107	56	123	130	105	88	77	64	252	75	105	126	113	55	0	54	48	91	64	61	65	115	34	65	48	0	99	19	108	57	83	83	120	145	300	82	42	51	44	47	38	10	124	137	34	33	70	44	61	91	42	89	95	90	60	122	51	20	3	0	23	64	118	6	4	67	49	75	77
Curtobacterium.60	0	0	1	0	7	3	9	10	3	4	8	2	5	1	4	7	0	1	2	4	4	4	0	2	0	0	0	0	1	1	0	0	1	0	0	3	0	0	2	0	1	0	0	0	0	2	0	1	1	0	0	1	1	7	0	3	0	0	0	3	1	3	5	2	2	0	0	3	2	1	1	2	6	2	0	5	9	1	1	0	3	0	0	0	1	0	1	0	1	1	0	0	0	0	0	0	4	0	1	0	0	0	0	0	1	0	3	6	4	2	0	10	6	2	4	6	2	4	5	11	3	2	0	5	3	2	3	1	2	0	1	0	1	4	1	1	5	2	1	0	0	0	0	3	4	4	3	3	5	10	4	2	0	2	5	2	0	0	4	1	0	1	0	1	3	0	4	4	6	2	5	1	1	0	0	4	1	2	0	0	2	1	4	5
Curtobacterium.61	0	0	10	1	5	7	22	24	9	8	15	10	10	9	7	9	3	6	2	13	4	9	3	6	0	0	0	0	0	0	0	0	1	0	1	3	0	3	1	0	7	0	0	0	0	26	1	4	0	0	18	44	43	9	0	14	1	0	0	11	0	3	10	8	4	5	1	16	3	6	3	12	17	3	12	12	283	16	93	13	2	0	0	2	2	11	30	0	11	1	30	0	7	32	5	34	45	0	30	1	122	8	19	54	9	2	13	6	16	43	0	62	15	177	111	37	148	719	107	323	16	7	10	40	11	8	11	5	8	0	6	3	11	10	7	8	8	4	6	5	0	7	0	15	3	6	7	14	7	23	23	6	7	1	8	2	7	3	14	0	5	9	8	11	13	8	11	10	10	18	15	3	0	1	0	7	5	8	1	0	13	5	13	8
Curtobacterium.62	2	0	8	5	13	22	63	163	6	3	22	64	21	9	13	24	12	5	3	22	5	11	1	4	0	0	6	0	10	12	0	0	26	0	1	12	33	3	1	0	21	6	1	0	1	9	3	2	8	0	8	32	60	5	0	7	0	0	0	14	0	23	15	12	2	6	2	8	4	1	3	22	9	2	7	4	78	3	57	16	0	0	0	0	0	2	8	1	22	0	12	1	4	18	8	22	28	0	10	0	26	2	15	111	5	1	8	10	6	20	4	14	62	214	210	50	30	297	76	440	6	7	2	9	10	15	21	9	6	0	2	3	6	8	9	7	14	5	6	9	0	8	0	18	10	5	3	7	8	15	6	3	3	1	3	4	6	26	19	7	3	3	8	4	15	6	26	12	13	4	4	2	2	1	0	50	1	4	1	0	10	6	9	7
Curtobacterium.63	2	0	11	9	28	41	61	162	1	3	20	57	23	15	27	23	9	11	16	105	31	34	2	8	0	0	15	0	15	11	0	0	10	0	0	7	41	7	2	0	26	7	0	1	1	11	8	4	6	0	8	23	54	11	0	7	0	0	0	4	1	16	28	23	2	1	1	6	1	8	7	6	8	2	6	15	61	6	37	6	4	0	0	0	2	8	5	0	31	0	14	0	1	20	4	15	29	0	16	0	44	1	16	117	1	2	3	9	15	27	4	25	55	206	168	52	32	259	75	392	19	17	4	20	32	25	46	30	5	0	2	6	17	13	21	13	7	3	8	14	1	9	0	14	11	5	4	8	11	19	17	5	1	5	1	0	15	28	19	5	3	4	3	3	24	8	23	9	12	6	14	3	2	3	0	38	2	9	2	0	21	13	25	6
Curtobacterium.64	0	0	13	3	10	8	16	28	6	6	13	7	12	8	7	9	4	6	4	5	8	13	1	2	0	0	0	0	0	0	0	0	1	0	0	2	2	2	7	0	8	0	0	0	1	34	1	4	2	0	25	66	62	8	0	15	0	1	0	11	2	5	2	14	5	3	6	12	7	5	7	10	28	1	17	7	435	26	100	12	1	0	0	2	2	4	33	0	12	0	32	1	1	56	1	43	46	0	34	0	167	11	29	64	12	5	8	11	18	40	4	84	38	266	185	34	155	878	125	379	18	19	8	68	16	13	19	6	7	0	6	12	11	4	8	14	9	10	2	5	1	6	0	23	5	8	13	13	17	30	29	3	9	1	6	2	16	9	13	3	4	7	4	7	9	10	9	15	12	14	11	2	4	1	0	8	11	11	0	0	10	6	15	15
Curtobacterium.65	0	0	8	1	11	15	22	22	4	7	10	8	9	8	5	13	3	7	6	10	7	13	4	1	0	0	0	0	0	2	0	0	0	0	0	2	0	2	2	0	6	0	0	2	0	27	0	3	3	1	34	39	30	10	0	17	5	0	0	12	0	5	2	6	3	4	3	8	5	4	7	11	29	5	9	4	247	11	177	10	1	0	1	0	1	6	24	1	9	0	19	1	1	36	5	31	39	0	20	0	129	7	28	59	8	5	10	18	22	33	0	57	25	143	121	23	139	659	93	292	12	15	11	46	10	11	23	13	2	0	8	3	15	7	17	5	15	0	5	2	1	5	0	12	7	5	5	11	18	39	12	3	8	4	3	2	4	6	17	6	4	6	13	0	10	3	8	11	7	8	15	2	0	0	0	9	4	3	0	0	12	5	12	6
Curtobacterium.66	3	0	5	4	21	13	57	175	4	7	28	38	14	12	23	12	7	4	5	22	5	4	4	4	0	0	14	0	15	17	0	0	14	0	0	16	26	7	4	0	22	3	0	0	2	6	3	2	6	0	11	18	53	4	0	12	0	0	0	2	0	19	13	7	7	2	1	4	2	3	6	8	8	2	5	4	59	3	28	4	1	0	0	0	0	2	6	1	25	0	8	0	0	20	10	21	19	0	12	0	27	1	22	117	4	1	2	5	8	19	1	10	54	202	236	57	29	295	68	382	3	5	9	6	12	8	8	16	8	0	4	3	8	6	3	3	6	8	3	4	0	6	0	6	3	8	0	5	11	12	8	2	1	3	3	3	4	24	15	9	2	6	3	5	18	5	12	7	7	7	4	6	2	1	0	36	2	4	0	0	2	9	11	8
Curtobacterium.67	1	0	3	2	4	2	22	53	5	3	10	18	5	2	3	7	0	1	0	28	5	8	0	1	0	0	2	0	2	4	0	0	4	0	0	7	9	3	0	0	12	1	0	0	0	3	1	0	0	0	1	13	13	1	0	1	1	0	0	3	2	7	4	2	0	1	0	5	3	3	0	1	3	1	0	0	22	0	15	0	0	1	0	0	0	1	2	0	7	1	2	0	3	9	3	7	7	0	4	0	6	1	5	41	3	1	7	2	3	5	0	5	16	51	52	14	6	88	21	121	1	5	2	14	8	2	1	12	2	0	2	1	3	3	3	3	4	0	1	3	0	3	1	5	0	1	0	2	3	4	1	0	3	1	2	1	3	3	8	1	0	1	2	1	10	0	8	5	2	1	4	1	0	0	0	4	1	1	0	0	2	4	3	1
Curtobacterium.68	3	0	9	2	13	19	38	94	2	4	20	42	15	4	7	12	8	8	0	9	3	7	2	2	0	0	7	0	8	9	0	0	7	0	1	5	23	6	1	0	8	2	0	0	0	6	0	3	2	0	4	19	31	6	0	5	0	0	0	13	0	17	17	8	1	1	0	5	7	1	0	9	7	2	5	4	31	0	27	4	1	0	0	0	1	0	5	0	13	0	1	1	0	16	2	15	15	0	8	0	22	3	10	58	4	0	7	5	3	13	1	11	38	122	136	27	9	196	44	248	3	1	2	8	9	4	8	10	5	0	2	3	8	7	4	5	14	2	3	4	0	5	0	7	5	4	2	6	8	13	6	0	7	2	2	3	4	17	8	3	0	5	1	6	6	6	7	5	4	9	4	1	2	1	0	19	2	2	1	1	5	6	9	0
Curtobacterium.69	1	0	25	13	21	23	48	79	12	8	32	24	18	10	24	31	21	11	18	111	32	31	2	5	0	0	2	0	3	17	0	0	2	0	2	9	10	3	10	0	31	13	0	0	0	22	2	11	2	0	10	55	149	10	0	17	1	0	0	24	1	16	31	25	3	4	3	6	9	14	6	27	39	5	17	12	37	8	17	6	6	0	0	2	1	7	6	1	28	0	10	2	9	23	3	8	42	0	20	0	56	6	16	43	15	7	24	13	16	23	5	27	32	71	68	19	25	146	53	223	32	27	17	30	49	45	102	103	13	0	14	16	15	15	20	14	24	7	11	18	0	6	0	15	6	15	5	15	34	49	14	4	8	1	8	1	10	53	27	19	5	11	11	10	37	16	40	21	39	14	25	10	13	1	0	30	9	18	4	1	18	16	32	21
Curtobacterium.7	8	0	61	15	148	143	876	701	49	40	84	81	84	86	108	83	47	59	25	155	73	67	17	23	0	0	39	0	49	6	0	0	19	0	6	35	6	77	24	0	570	0	0	0	3	34	3	15	48	0	62	40	27	86	0	91	24	1	5	102	11	335	265	1224	36	39	37	54	66	47	64	119	89	43	54	36	36	10	10	7	16	2	1	1	3	998	24	2	27	5	12	1	18	8	6	11	66	0	32	2	112	3	18	31	37	35	56	72	14	26	15	94	69	147	94	81	151	171	181	826	95	105	57	226	148	89	187	90	36	0	38	41	70	68	95	175	100	39	45	34	1	31	1	57	53	52	60	109	95	251	237	28	45	39	28	24	18	144	122	40	30	61	39	47	148	50	83	104	57	52	68	30	11	48	0	382	35	50	3	9	517	93	3048	133
Curtobacterium.70	1	0	11	6	12	11	19	42	4	8	14	15	11	13	17	19	63	6	4	29	13	12	2	6	0	0	7	0	12	23	0	0	6	0	0	5	7	10	2	0	18	23	0	0	0	13	2	2	0	0	14	22	92	8	0	12	5	0	0	9	1	6	18	8	4	5	2	4	7	2	4	14	18	5	10	8	63	2	61	13	1	1	0	0	0	7	3	0	15	0	9	1	7	17	5	5	22	0	14	0	42	1	6	30	10	3	12	13	1	8	0	8	20	34	31	17	3	146	30	192	11	4	3	20	67	45	88	119	5	0	7	4	16	7	9	8	10	6	10	6	0	4	1	7	10	7	9	19	16	28	9	7	8	6	6	4	0	16	25	13	4	8	0	7	9	9	22	12	33	18	27	6	8	2	0	17	9	7	4	1	12	21	6	13
Curtobacterium.71	3	0	11	4	24	18	31	131	4	5	9	40	4	5	16	15	4	1	1	8	5	12	3	4	0	0	1	0	9	13	0	0	10	0	1	2	19	8	3	0	16	4	0	0	0	12	3	4	0	0	3	19	30	5	0	10	1	0	0	6	1	12	10	5	1	3	0	11	3	4	5	4	12	5	4	7	45	3	24	2	2	0	0	0	1	1	10	2	19	1	9	2	3	18	6	11	12	0	5	0	22	1	15	49	4	6	10	12	1	15	1	9	56	218	165	50	15	202	48	313	2	0	2	2	9	8	15	14	1	0	9	4	9	4	16	5	15	2	4	15	0	6	0	7	3	6	8	9	8	15	3	3	4	1	2	0	11	13	10	10	4	5	3	3	10	7	7	5	9	3	6	3	3	4	0	29	2	4	1	0	3	6	5	2
Curtobacterium.72	3	0	7	6	12	21	40	119	3	2	15	35	10	9	11	13	2	6	4	16	3	9	0	3	0	0	3	0	7	6	0	0	15	0	0	4	30	7	0	0	13	2	0	0	0	6	3	1	0	0	5	17	38	1	0	1	1	1	0	6	0	14	7	11	0	4	1	2	1	1	2	7	13	4	3	5	41	1	18	2	0	0	0	0	0	3	2	0	12	0	5	0	1	9	3	17	8	0	7	0	10	5	14	55	3	2	5	7	5	20	0	4	66	153	130	42	15	184	50	247	4	4	4	7	11	7	18	10	5	0	6	5	8	1	12	4	11	7	1	2	0	4	0	3	3	3	5	6	9	13	7	1	3	3	1	0	4	15	12	12	3	2	2	5	12	7	12	10	7	10	6	2	1	0	0	23	2	6	0	0	4	2	11	3
Curtobacterium.73	1	0	8	3	11	8	24	23	5	3	6	4	11	5	17	3	8	7	6	5	1	18	4	4	0	0	0	0	1	0	0	0	0	0	1	1	0	6	11	0	9	0	0	1	0	49	1	2	4	0	29	56	54	7	0	18	1	0	0	11	1	1	11	11	6	2	5	7	2	3	2	17	33	8	14	11	356	21	106	12	4	0	0	0	1	7	40	0	5	1	39	0	5	46	4	38	43	0	28	0	135	16	31	54	4	2	5	9	24	38	3	64	39	218	148	26	189	868	110	373	24	24	7	49	10	11	19	12	1	0	3	7	24	4	11	6	13	5	2	6	0	9	0	23	8	10	11	10	8	26	18	7	2	5	4	3	9	13	21	0	6	7	9	4	11	5	17	14	7	6	9	3	1	0	0	10	3	5	1	0	12	8	8	12
Curtobacterium.74	0	0	0	0	3	4	1	3	0	0	0	0	2	1	1	0	2	0	0	1	2	0	0	0	0	0	0	0	0	1	0	0	0	0	0	0	0	0	0	0	2	0	0	0	0	3	0	0	1	0	2	1	1	1	0	1	0	0	0	0	0	4	7	3	1	0	0	0	0	2	0	9	2	0	0	0	18	2	2	2	0	0	0	0	1	3	2	0	2	0	1	0	0	2	0	1	4	0	1	0	11	1	1	1	0	0	1	0	3	3	1	9	3	9	6	1	10	26	5	25	2	2	1	7	0	1	6	0	0	0	1	1	1	2	1	0	0	2	0	0	0	0	0	2	0	0	0	1	0	2	4	2	0	0	0	0	1	5	2	0	1	3	3	0	7	1	7	0	0	0	0	0	0	0	0	3	1	0	0	0	1	0	7	2
Curtobacterium.75	0	0	0	0	0	0	0	0	0	0	0	0	0	0	0	0	0	0	0	0	0	0	0	0	0	0	0	0	0	0	0	0	0	0	0	0	0	0	0	0	0	0	0	0	0	0	0	0	0	0	0	0	1	0	0	0	0	0	0	0	0	0	0	0	0	0	0	0	0	0	0	0	0	0	0	0	0	0	0	0	0	0	0	0	0	0	1	0	0	0	0	0	0	0	0	0	0	0	0	0	0	0	0	0	0	0	0	0	0	0	0	0	0	0	0	0	0	2	0	0	0	0	0	0	0	0	0	0	0	0	0	0	0	0	0	0	0	0	0	0	0	0	0	0	0	0	0	0	0	0	0	0	0	0	0	0	0	0	0	0	0	0	0	0	0	0	0	0	0	0	0	0	0	0	0	0	1	0	0	0	0	0	0	0
Curtobacterium.76	4	0	20	12	53	52	65	142	16	9	77	32	238	213	16	36	18	25	166	403	141	514	10	7	0	0	0	0	1	3	0	0	0	0	2	6	1	7	3	0	15	2	3	0	0	6	0	17	19	1	15	10	27	17	0	19	5	1	0	27	3	41	22	130	9	8	5	6	13	21	4	22	27	12	12	19	142	163	47	41	15	0	1	0	0	18	116	1	10	1	3	1	20	205	4	360	9	2	4	0	4	2	5	10	16	18	29	19	311	166	16	238	93	263	77	104	430	208	252	282	546	428	289	473	88	106	282	64	13	0	12	80	27	28	40	24	24	5	15	10	1	39	4	67	13	10	9	16	36	82	28	9	9	12	8	5	14	32	16	2	14	4	10	16	258	82	82	86	161	56	71	46	27	7	0	37	27	69	7	2	103	17	54	69
Curtobacterium.77	3	0	8	13	30	18	59	132	6	8	24	51	11	11	11	13	5	3	5	21	8	5	5	4	0	0	8	0	13	10	0	0	18	0	1	8	34	7	0	0	20	5	0	0	0	10	2	3	4	0	16	27	30	3	0	6	0	0	0	5	0	14	14	3	3	2	1	5	9	3	1	4	21	8	4	5	73	5	38	5	1	0	0	5	0	2	4	0	27	0	5	1	5	11	11	22	22	0	0	1	25	4	13	93	4	1	5	6	4	21	3	15	62	183	175	39	25	196	64	363	6	1	2	14	12	5	16	23	0	0	5	1	14	10	9	2	17	5	12	3	0	9	0	6	4	1	1	7	12	19	4	6	3	1	3	2	4	17	15	11	0	2	8	0	9	7	14	7	13	5	8	3	4	5	0	27	4	7	1	0	7	3	16	5
Curtobacterium.78	15	0	79	18	110	97	1121	2793	42	54	1745	437	632	92	70	73	43	51	40	90	41	102	29	189	0	0	2	0	6	179	0	0	41	0	12	86	193	58	36	0	46	14	3	0	8	27	2	41	226	2	63	37	131	75	0	74	12	3	1	75	13	1536	2307	56	31	20	21	31	46	49	36	97	600	107	82	134	1018	35	369	86	53	3	0	3	40	132	72	2	52	8	17	2	11	243	9	21	140	0	72	1	30	5	65	688	39	31	65	61	51	29	17	116	115	334	152	110	159	125	112	194	320	328	199	413	99	108	123	111	66	0	52	104	104	78	87	85	82	31	49	35	0	167	6	227	95	65	47	61	95	230	68	34	34	35	23	18	24	274	92	26	24	40	54	43	79	38	86	106	125	78	82	46	21	1	0	23	42	67	9	8	57	26	232	78
Curtobacterium.79	0	0	1	0	2	1	2	5	0	0	7	3	13	6	1	1	0	0	0	15	5	22	0	0	0	0	0	0	0	0	0	0	0	0	0	0	0	1	0	0	1	0	0	0	0	0	0	0	0	0	0	1	2	1	0	0	0	0	0	3	0	1	0	5	1	0	0	0	4	2	1	1	2	0	0	1	7	2	0	1	0	0	0	0	0	2	3	0	3	0	0	0	1	4	0	4	0	0	0	0	2	0	1	1	0	1	1	1	9	1	1	4	3	0	1	7	11	11	8	14	9	7	4	11	0	3	10	2	1	0	1	1	1	1	2	1	0	0	1	0	0	0	0	0	0	4	0	1	3	6	0	0	0	0	1	0	0	2	6	0	3	0	0	0	4	3	4	2	5	0	0	0	0	0	0	3	1	4	0	0	7	0	2	2
Curtobacterium.8	17	0	79	37	121	128	158	746	49	44	398	233	1378	533	60	111	52	53	469	868	381	1232	26	32	0	0	3	0	8	3	0	0	2	0	6	14	7	16	20	0	30	1	1	0	0	21	2	38	36	1	44	11	79	74	0	69	9	1	1	88	3	66	41	321	24	46	20	48	43	61	26	84	96	34	29	31	143	121	43	33	38	1	1	1	4	41	142	2	31	7	16	2	31	207	8	359	45	0	35	0	39	10	16	15	59	36	51	65	446	225	25	378	288	690	235	322	781	389	500	530	1533	1323	868	1488	177	204	481	155	25	0	39	310	67	100	134	54	85	26	33	34	0	76	3	113	46	46	47	74	97	277	76	42	43	46	29	22	27	81	86	25	29	67	33	42	498	156	164	220	427	156	238	156	81	16	0	84	92	232	11	17	245	70	164	187
Curtobacterium.80	1	0	15	7	24	26	36	101	5	4	51	23	127	116	8	15	12	5	120	235	95	336	2	6	0	0	0	0	2	1	0	0	1	0	1	1	1	4	2	0	7	1	1	0	0	2	0	3	32	0	7	7	22	18	0	11	1	1	0	26	0	17	11	88	3	2	4	4	3	8	7	22	14	6	4	11	82	65	19	19	9	0	0	0	1	16	87	1	8	0	5	5	16	113	2	395	8	2	8	1	6	0	2	7	11	4	8	6	202	103	13	149	94	167	53	62	286	137	166	191	366	284	174	293	58	58	169	51	3	0	8	73	18	22	43	14	20	8	15	4	0	24	0	38	6	5	6	14	16	58	19	7	5	8	5	1	5	8	10	2	6	4	9	9	137	56	50	76	93	29	57	32	20	8	0	19	19	55	5	4	57	20	40	63
Curtobacterium.81	0	0	9	1	80	44	174	249	11	5	144	25	95	57	21	6	26	28	7	13	6	10	1	5	0	0	0	0	0	6	0	0	8	0	1	1	1	4	7	0	13	2	0	0	0	2	0	2	19	1	13	4	11	11	0	7	1	0	0	11	2	122	90	10	5	5	5	7	6	10	7	13	21	5	5	12	171	63	36	23	31	0	0	1	0	11	8	1	7	0	18	2	4	10	3	4	10	0	9	0	10	3	7	16	2	5	15	19	113	41	11	386	18	37	21	9	22	41	64	35	22	16	12	68	11	10	16	10	3	0	11	6	13	8	13	8	10	7	8	3	0	22	0	39	16	10	12	14	11	38	24	2	6	3	1	2	1	15	11	2	1	5	3	2	12	12	16	14	10	4	15	6	12	0	0	7	5	7	0	0	15	6	32	14
Curtobacterium.82	2	0	4	5	17	15	22	22	5	9	10	11	13	9	9	19	13	6	3	29	11	13	4	2	0	0	0	0	1	1	0	0	2	0	1	3	2	5	7	0	11	0	0	0	0	43	1	3	3	0	34	51	54	25	0	24	5	1	2	20	4	6	7	10	7	6	6	19	10	5	4	22	31	5	13	13	379	36	109	47	5	0	0	2	1	19	50	1	10	1	41	0	8	35	2	48	75	0	45	0	184	8	41	59	16	8	12	19	33	67	4	93	41	281	180	32	226	1155	152	476	23	20	10	59	20	18	29	7	14	0	10	5	20	10	8	14	11	5	10	7	0	10	0	27	6	15	7	11	13	38	19	9	7	6	7	2	9	12	17	2	8	14	5	7	19	8	16	15	9	12	17	9	4	0	0	15	12	8	0	0	18	4	21	9
Curtobacterium.83	10	0	65	23	82	58	122	314	32	30	77	57	82	73	45	47	30	35	30	118	25	91	15	10	0	0	1	0	13	5	0	0	1	0	0	15	4	11	11	0	38	4	4	0	1	12	3	8	57	1	23	11	96	49	0	45	6	1	1	47	3	267	65	218	14	17	8	23	26	45	20	49	50	21	36	22	65	54	85	25	10	0	1	1	7	48	11	0	30	1	10	1	5	28	5	36	19	1	11	0	18	3	9	14	38	21	38	48	47	47	19	94	225	546	136	247	99	77	161	114	1198	1035	686	1138	70	49	115	69	30	0	23	215	50	59	56	50	44	15	19	22	0	27	2	23	29	18	19	37	91	260	83	30	17	15	17	7	21	77	43	19	23	17	17	26	72	37	61	69	287	121	142	105	44	17	0	75	41	164	9	10	51	21	42	56
Curtobacterium.84	7	0	23	12	50	39	45	138	10	9	65	46	179	158	26	29	17	14	148	294	107	458	3	7	0	0	3	0	0	3	0	0	1	0	1	0	0	7	5	0	13	3	0	1	0	3	0	7	16	0	9	6	35	13	0	14	2	1	0	23	4	20	14	118	11	11	5	10	14	11	12	37	38	14	9	18	152	198	39	31	5	1	1	1	0	23	55	5	11	0	5	0	7	164	3	277	5	0	5	0	5	2	3	8	27	9	16	24	253	130	10	188	101	204	53	109	314	176	245	230	472	382	260	380	66	69	240	90	10	0	12	85	17	25	48	16	23	10	14	9	0	34	4	66	10	9	10	17	31	90	26	13	12	8	7	6	13	22	18	7	9	13	15	11	223	57	70	95	140	50	65	47	26	8	0	37	22	75	7	4	83	24	61	67
Curtobacterium.85	3	0	78	22	98	98	153	185	42	69	124	98	82	62	85	82	46	44	45	271	101	80	35	41	0	0	8	0	22	4	0	0	3	0	5	19	8	12	24	0	58	1	0	1	2	38	0	15	4	0	46	47	58	97	0	92	5	1	1	114	14	37	44	75	28	27	17	35	57	54	46	126	123	46	41	46	42	13	12	4	11	0	0	0	4	39	10	0	47	4	8	1	21	22	4	26	63	1	24	0	84	4	27	36	47	22	66	51	46	20	13	84	100	161	93	83	53	144	95	179	89	99	69	136	60	55	121	91	40	0	52	45	60	84	64	58	104	38	54	37	1	31	2	46	59	39	38	70	99	226	101	37	43	32	19	13	15	160	97	27	22	44	36	54	98	49	74	111	89	68	64	30	39	4	0	48	39	59	1	4	49	58	108	69
Curtobacterium.86	0	0	0	0	0	1	4	1	1	0	1	0	0	0	0	0	0	0	0	0	0	0	2	0	0	0	0	0	0	0	0	0	0	0	0	0	0	0	0	0	0	0	0	0	0	2	0	0	0	0	1	1	0	0	0	0	0	0	0	0	0	0	1	0	0	0	0	0	0	1	0	0	1	1	0	0	2	1	0	1	0	0	0	0	0	0	0	0	0	0	0	0	0	1	0	1	3	0	1	0	3	1	1	1	0	0	0	0	0	0	0	0	0	0	0	0	2	1	3	4	0	0	0	0	0	0	0	0	0	0	0	0	0	0	0	0	0	0	1	0	0	0	0	1	0	0	1	0	1	0	0	0	0	0	0	0	1	0	1	0	0	0	0	0	0	0	0	1	0	0	1	0	0	0	0	0	0	0	0	0	0	0	0	0
Curtobacterium.87	3	0	25	9	33	32	31	87	5	15	40	23	128	134	25	29	18	21	105	232	92	306	3	7	0	0	1	0	0	2	0	0	0	0	2	4	4	3	4	0	8	3	0	0	1	10	0	10	17	0	7	9	21	22	0	14	0	1	0	24	2	8	9	93	6	8	3	6	8	16	9	18	25	6	14	17	114	72	24	32	12	0	0	0	0	12	68	1	4	0	4	1	17	102	0	242	18	0	10	0	10	1	4	6	13	10	14	19	206	87	15	124	61	147	65	86	315	147	211	194	321	315	184	305	57	60	195	45	10	0	15	70	14	23	37	18	34	3	9	11	1	21	2	38	5	10	13	11	29	79	34	15	7	6	3	6	12	27	22	5	9	10	9	14	149	38	76	76	102	39	59	32	20	5	0	18	34	69	6	7	56	22	51	65
Curtobacterium.88	0	0	0	0	1	0	0	1	0	1	0	0	2	0	1	0	0	0	0	0	1	0	0	0	0	0	0	0	0	0	0	0	0	0	0	0	0	0	0	0	0	0	0	0	0	0	0	0	0	0	0	0	0	1	0	0	0	0	0	0	0	0	0	0	0	0	0	0	0	0	0	0	0	0	0	0	0	0	0	0	0	0	0	0	0	0	1	0	0	0	0	0	0	0	0	0	0	0	0	0	0	0	0	2	0	0	0	0	1	1	0	1	2	1	0	1	2	1	1	1	2	4	3	3	0	0	1	0	0	0	0	0	0	0	0	0	0	0	0	0	0	0	0	0	0	0	0	0	0	0	0	0	0	0	0	0	0	0	0	0	0	0	0	0	1	0	2	0	0	0	0	0	0	0	0	0	0	0	0	0	0	1	0	0
Curtobacterium.89	2	0	2	5	28	39	54	167	4	9	17	62	25	7	15	20	4	6	2	18	4	7	3	3	0	0	7	0	12	9	0	0	13	0	1	11	43	9	5	0	20	7	0	0	1	5	10	3	4	0	2	23	42	5	0	3	0	0	0	5	0	19	15	1	2	4	3	6	6	1	3	6	8	4	4	3	66	3	29	8	2	0	0	0	0	4	5	0	31	0	11	4	1	20	7	13	20	0	9	0	23	2	22	110	5	1	4	10	3	17	3	22	73	188	213	46	16	266	80	372	2	6	3	6	10	4	26	14	8	0	3	6	9	6	6	2	12	5	5	6	0	5	0	13	0	3	3	3	3	13	7	1	4	0	3	0	5	25	13	9	1	6	3	1	11	8	11	10	4	3	7	7	3	3	0	29	5	3	1	0	5	5	14	15
Curtobacterium.9	8	0	26	17	46	39	54	201	13	20	366	94	1496	221	25	45	24	26	174	349	129	496	8	5	0	0	0	0	6	2	0	0	0	0	1	3	3	6	5	0	11	2	1	0	0	8	0	9	13	0	8	14	28	26	0	23	5	1	1	21	6	42	15	107	9	10	3	18	20	25	13	28	29	13	24	16	60	56	16	10	13	0	0	1	3	25	58	0	10	0	8	0	8	86	1	126	19	0	21	0	19	1	4	4	26	16	19	26	183	82	10	170	101	284	97	117	284	153	198	184	540	462	327	549	59	76	216	65	14	0	17	126	21	23	50	25	32	8	13	11	1	38	1	43	14	16	12	18	38	85	34	20	16	13	6	5	8	23	42	5	12	19	15	13	170	52	66	76	175	57	79	48	19	6	0	36	26	92	4	10	73	17	59	65
Curtobacterium.90	2	0	11	2	115	113	343	511	9	11	266	48	188	96	30	30	63	30	9	22	14	30	7	6	0	0	0	0	7	9	0	0	15	0	4	8	1	12	4	0	17	3	0	1	0	14	0	9	34	0	14	19	27	13	0	18	6	0	0	18	1	193	218	22	5	8	5	10	9	6	8	25	31	20	11	6	245	92	56	22	67	0	0	0	2	20	13	0	21	2	45	2	5	10	1	6	27	1	7	1	24	2	8	29	11	8	14	14	201	79	19	668	24	39	33	24	46	96	127	106	26	17	14	60	26	36	46	33	15	0	14	7	21	19	24	12	29	10	10	4	0	68	1	81	16	6	9	18	23	55	51	7	3	7	10	2	1	49	19	5	8	14	14	6	38	16	21	27	16	3	19	7	40	0	0	24	9	10	0	0	33	16	65	22
Curtobacterium.91	6	0	24	6	80	71	456	356	25	20	30	32	46	38	44	19	18	16	17	67	34	40	11	8	0	0	25	0	24	4	0	0	6	0	0	18	2	39	8	0	284	0	1	0	0	9	0	5	24	0	9	14	14	35	0	19	6	4	0	38	5	187	146	696	16	13	10	20	21	25	10	34	39	20	17	26	6	3	5	3	5	0	0	0	1	2423	14	0	6	0	3	0	16	3	1	0	24	0	8	0	32	5	4	9	25	25	26	37	7	6	4	36	48	60	54	35	67	80	94	382	31	40	13	88	68	26	83	44	16	0	19	24	38	31	48	72	42	12	20	6	2	18	0	31	19	25	23	36	45	103	76	12	14	16	13	7	10	58	46	12	12	25	20	20	73	21	33	37	25	26	21	22	8	28	0	248	15	17	0	3	224	53	1580	73
Curtobacterium.92	0	0	0	0	0	3	4	1	1	1	0	0	0	0	1	0	0	0	0	0	1	1	0	0	0	0	0	0	0	1	0	0	0	0	0	0	0	0	0	0	3	0	0	0	0	0	0	0	0	0	0	1	0	0	0	1	0	0	0	2	0	1	3	2	0	0	0	0	0	0	0	1	0	0	0	1	0	0	0	1	0	0	0	0	0	14	0	0	0	0	0	0	0	0	0	0	0	0	0	0	1	0	0	1	1	0	0	0	0	0	0	3	0	1	0	0	2	1	3	5	0	2	0	0	1	0	0	0	0	0	0	0	0	0	0	0	1	0	0	0	0	1	0	0	0	0	0	0	1	0	0	1	0	0	0	0	0	0	0	0	0	0	0	1	0	0	0	0	2	1	0	0	0	0	0	1	1	1	0	0	2	1	8	1
Curtobacterium.93	1	0	7	4	12	10	29	17	3	9	11	9	13	15	10	5	9	8	7	16	10	15	3	6	0	0	0	0	1	1	0	0	0	0	1	2	0	4	3	0	10	0	0	0	0	48	0	3	2	0	31	60	57	10	0	14	6	0	0	13	0	4	4	16	2	7	3	7	9	12	8	10	27	8	24	10	389	31	108	22	6	0	0	3	2	8	29	0	13	1	34	1	4	47	11	55	57	0	27	1	164	9	28	76	5	8	13	7	21	42	0	69	35	235	161	25	183	919	102	379	16	14	2	41	14	10	25	17	10	0	7	11	8	11	19	6	13	1	15	8	0	10	0	17	6	5	8	14	7	31	18	2	4	7	2	2	20	11	18	4	2	7	3	4	26	4	15	16	12	9	16	4	2	0	0	14	9	11	0	0	14	5	22	5
Curtobacterium.94	2	0	12	10	16	8	21	46	5	9	10	17	28	22	26	24	37	8	4	36	14	13	9	3	0	0	1	0	4	25	0	0	10	0	0	14	8	5	2	0	15	9	2	0	0	14	0	1	1	0	13	39	191	23	0	15	2	0	0	21	1	7	20	9	5	2	3	7	8	7	5	18	25	10	18	9	40	4	13	4	1	0	0	1	1	8	0	4	28	1	20	0	13	17	9	7	29	0	26	0	64	3	13	34	7	11	18	26	5	9	8	8	26	43	38	18	13	123	34	143	9	8	5	22	76	38	97	131	11	0	9	4	18	10	21	17	21	6	15	4	0	3	1	12	1	13	10	21	17	29	14	2	10	6	5	4	5	18	27	23	6	5	2	13	18	17	14	14	15	23	21	5	2	2	0	29	5	14	1	1	15	16	9	10
Curtobacterium.95	0	0	0	0	0	0	0	0	0	0	0	0	0	0	1	0	0	0	0	0	0	0	0	0	0	0	0	0	0	0	0	0	0	0	0	0	0	0	0	0	0	0	0	0	0	0	0	0	0	0	0	0	0	0	0	0	0	0	0	0	0	0	0	0	0	0	0	0	0	0	0	0	0	0	0	0	2	0	2	2	0	0	0	0	0	0	0	0	0	0	0	0	0	0	0	0	0	0	0	0	0	0	0	0	0	0	0	0	0	0	2	0	0	0	1	0	2	7	0	1	0	0	0	0	0	0	0	0	0	0	0	0	0	0	0	0	0	0	0	0	0	0	0	0	0	0	0	0	0	0	0	0	0	0	0	0	0	0	0	0	0	0	0	0	0	0	0	0	0	0	0	0	0	0	0	0	0	0	0	0	0	0	0	0
Curtobacterium.96	3	0	6	2	30	23	52	152	5	6	20	46	15	14	24	14	9	5	2	22	5	11	4	0	0	0	5	0	9	17	0	0	20	0	0	9	39	6	3	0	30	4	0	0	0	13	4	3	8	0	11	27	78	6	0	8	0	2	0	7	0	18	17	10	1	2	2	11	4	5	4	12	5	7	2	4	43	3	34	11	0	0	1	3	0	1	3	1	33	0	11	1	2	19	6	17	27	0	12	1	27	0	23	114	7	0	5	4	3	19	4	13	63	218	227	70	22	316	78	463	10	3	5	3	12	14	20	27	5	0	4	3	13	6	14	10	10	15	8	10	0	12	0	13	4	11	4	8	18	17	5	4	1	0	2	0	8	16	15	13	3	4	9	6	19	10	14	3	14	4	8	5	3	2	0	40	4	2	1	0	2	10	13	6
Curtobacterium.97	1	0	9	3	17	27	23	49	19	19	21	16	16	18	14	20	21	13	11	26	7	16	6	7	0	0	1	0	12	63	0	0	4	0	1	9	8	2	2	0	17	35	0	0	0	30	2	7	1	0	15	34	96	25	0	20	3	0	0	15	1	2	23	3	6	5	6	7	13	5	4	16	23	11	9	18	29	0	19	10	1	1	0	2	2	10	5	0	27	0	18	3	13	112	13	11	42	0	9	0	155	5	9	40	17	7	10	15	1	9	5	7	29	53	50	23	16	121	45	217	8	11	6	11	87	77	135	142	10	0	12	3	16	15	19	15	10	9	9	6	1	2	5	8	13	14	9	15	12	41	6	4	7	4	4	0	2	22	31	21	8	9	10	9	23	12	14	14	25	18	17	5	4	0	0	8	10	11	2	0	22	27	12	11
Curtobacterium.98	0	0	8	2	11	17	31	90	5	3	12	23	9	2	9	16	4	2	3	13	1	7	1	2	0	0	4	0	12	5	0	0	8	0	0	5	19	8	1	0	13	5	0	0	1	4	0	6	1	0	6	12	17	9	0	0	1	0	0	8	0	8	4	7	0	3	0	4	6	4	1	10	7	1	0	4	30	3	28	1	1	0	1	0	0	0	5	0	13	0	6	1	0	10	11	10	14	0	3	0	18	0	9	79	5	4	2	5	2	10	2	7	32	86	84	21	11	126	32	223	3	1	2	2	7	8	11	10	2	0	1	2	4	6	7	6	5	3	2	4	0	7	2	2	1	0	3	8	2	10	2	2	1	1	3	2	4	7	14	3	4	7	4	0	10	6	16	2	11	2	4	3	4	0	0	14	1	3	0	0	4	1	11	6
Curtobacterium.99	0	0	6	4	10	11	26	135	5	5	12	22	8	2	8	7	6	5	2	10	2	2	2	0	0	0	4	0	7	5	0	0	4	0	1	9	16	4	1	0	15	4	0	0	0	3	1	0	2	1	10	19	33	4	0	2	0	0	0	4	0	9	8	8	1	2	1	4	4	5	8	14	8	3	1	1	51	0	23	4	2	0	0	3	0	1	2	1	13	0	6	1	4	18	7	17	12	1	14	1	22	3	7	63	1	6	7	5	1	12	0	8	32	127	118	40	14	177	45	285	2	1	0	3	6	8	9	11	0	0	4	8	7	9	13	4	9	1	3	7	0	3	0	2	2	5	2	4	7	17	7	0	2	1	4	0	7	17	15	8	2	7	1	2	9	5	12	4	13	5	1	0	2	0	0	18	0	2	0	0	3	6	6	3
Frigoribacterium.1	140	0	868	205	657	1979	571	1602	426	528	1540	1087	592	382	588	1278	882	425	1303	6161	2467	634	320	261	0	0	52	0	515	56	0	0	41	0	30	217	42	261	197	0	2095	44	34	4	32	152	1	117	163	1	235	181	662	509	0	492	99	17	3	1061	72	833	1321	1250	186	332	197	431	576	545	819	2402	476	224	305	217	244	308	76	27	43	21	24	25	40	282	103	4	632	29	144	44	70	749	32	485	224	2	79	4	338	34	223	95	249	175	321	354	107	119	72	167	631	527	422	599	204	388	591	508	2232	2760	1070	2406	254	345	543	497	495	0	417	576	388	865	364	308	673	248	359	311	7	138	1	279	354	323	317	493	605	1793	299	175	339	269	203	131	148	753	1155	281	237	260	203	259	856	657	829	819	480	331	447	237	575	43	0	1049	356	954	23	63	407	1886	965	343
Frigoribacterium.2	67	0	458	96	344	1254	316	1107	193	262	1819	593	200	215	503	1086	1356	279	720	2482	1047	538	235	137	0	0	62	0	206	16	0	0	11	0	15	99	10	184	79	0	448	34	19	2	19	34	0	57	22	1	63	63	193	189	0	181	31	2	2	279	21	136	150	1041	94	146	103	217	279	243	375	1401	209	102	107	103	70	106	22	34	19	7	8	7	13	162	31	3	261	12	31	14	25	114	13	79	69	0	25	1	128	11	71	38	95	88	175	146	55	38	42	100	243	211	166	241	107	144	418	289	691	835	391	798	141	170	274	206	208	0	223	249	200	487	538	214	296	130	175	123	1	50	5	107	165	148	147	221	293	712	113	71	158	151	100	67	105	396	590	142	94	131	146	99	388	458	455	457	218	133	176	133	950	92	0	1923	109	310	22	38	556	1591	853	306
Frigoribacterium.3	57	0	412	107	356	657	308	783	276	307	881	766	293	155	772	1804	1881	331	1180	4351	1798	868	293	128	0	0	373	0	232	32	0	0	12	0	19	94	19	192	138	0	687	32	13	0	15	64	1	66	39	0	126	89	279	266	0	259	73	4	1	393	53	221	244	1341	131	214	129	288	479	346	570	2028	301	129	179	99	83	110	11	9	31	21	8	14	32	193	48	2	350	17	37	17	29	196	16	122	129	0	43	6	208	12	96	51	129	76	191	189	41	59	56	93	330	293	201	366	149	193	270	302	1135	1314	653	1176	252	262	341	334	317	0	297	315	266	799	788	306	387	178	245	181	5	58	7	156	163	206	184	299	395	1006	196	101	199	201	133	73	168	632	842	174	131	219	276	179	704	767	631	839	336	142	234	132	802	35	0	906	183	427	29	26	538	2035	896	249
Frigoribacterium.4	87	0	564	151	467	991	418	1234	346	407	1114	769	414	290	449	778	543	315	999	11149	3273	415	281	193	0	0	14	0	213	43	0	0	32	0	23	109	34	209	152	0	773	30	24	0	23	99	3	95	53	2	169	117	399	392	0	409	71	6	7	650	62	196	351	827	183	245	156	373	425	387	577	1577	415	169	216	184	165	214	27	16	32	10	10	12	30	240	60	4	726	24	35	33	38	318	25	188	219	0	61	1	236	32	131	62	200	158	222	234	57	74	71	127	500	410	314	339	196	312	309	407	1105	1372	544	1312	171	241	402	345	367	0	631	353	305	536	257	246	595	224	323	234	3	107	5	148	275	245	248	421	517	1385	227	156	248	287	155	128	104	496	792	218	196	211	185	210	486	636	640	654	442	287	332	217	398	22	0	857	241	585	22	25	328	1719	634	277
Frigoribacterium.5	131	0	531	168	730	2084	632	2554	220	297	2023	1447	666	239	380	795	818	413	721	4227	2012	359	428	257	0	0	63	0	2817	62	0	0	42	0	22	861	21	211	106	0	2487	71	74	6	49	67	2	63	160	1	136	106	610	284	0	299	67	8	1	506	46	1080	1753	1858	145	164	102	249	300	240	386	1164	325	104	141	147	1019	750	263	163	35	11	9	23	24	159	103	2	402	15	118	18	43	537	19	573	154	0	54	1	224	20	177	70	127	96	170	202	91	198	47	193	371	318	229	366	242	296	395	446	1403	1680	618	1443	212	215	522	308	255	0	271	361	324	553	186	201	403	146	233	166	2	116	14	682	203	214	177	257	416	963	176	117	187	156	100	70	87	411	649	139	119	140	167	148	893	843	725	555	322	212	294	145	1358	36	0	1142	198	531	10	27	426	1831	2000	269
Frigoribacterium.6	229	0	993	394	1488	3918	1287	5318	507	576	4173	3086	1317	503	689	1494	1248	771	1301	7028	4242	651	761	545	0	0	133	0	4171	127	0	0	104	0	40	1193	53	445	238	0	3664	140	195	10	128	191	8	183	356	4	265	272	1288	642	0	567	127	9	6	1092	85	1941	3176	3271	252	384	215	446	639	574	817	2507	642	296	339	275	2931	2153	829	469	88	20	11	39	42	324	232	7	850	35	237	39	105	1069	57	1224	352	2	133	7	471	43	351	136	265	209	407	431	166	423	113	338	811	640	545	595	406	571	681	816	2343	2945	1165	2579	331	379	749	625	525	0	487	640	540	1028	360	397	805	292	434	358	15	368	31	1857	414	400	313	553	825	2015	304	220	381	303	233	111	160	831	1120	261	230	354	287	298	1418	1332	1040	1058	650	411	556	334	1825	60	0	1943	379	909	33	67	825	2624	2861	489
Frigoribacterium.7	82	0	658	138	502	1393	523	1374	334	350	1927	850	357	290	651	1297	1353	373	884	3691	1437	580	303	207	0	0	68	0	249	32	0	0	18	0	19	124	20	209	154	0	673	40	20	0	25	106	3	69	38	1	147	96	294	317	0	289	52	2	3	570	53	195	251	1084	151	238	161	356	431	364	542	1893	382	169	216	188	91	157	34	13	25	20	3	11	23	223	29	5	401	15	47	35	33	186	15	139	178	4	60	2	243	19	112	58	176	133	222	279	79	81	67	143	380	368	317	372	161	275	513	369	1044	1236	554	1076	182	200	370	303	290	0	331	324	267	614	498	264	450	198	282	188	4	84	12	160	236	223	238	351	450	1177	199	151	248	204	152	93	131	613	879	227	156	239	256	173	545	492	556	639	388	235	325	210	899	97	0	1795	227	491	27	34	650	1738	1032	388
Frondihabitans.1	134	0	498	158	407	137	328	637	342	559	641	408	544	190	144	221	114	119	115	385	133	123	433	127	0	0	1	0	19	38	0	0	18	0	44	63	37	453	204	0	646	5	1	1	1	36	2	31	16	0	31	45	98	115	0	97	26	2	0	205	15	131	96	124	161	363	252	601	358	534	321	1005	339	158	123	120	72	17	42	10	33	36	30	0	1267	455	31	4	106	23	9	12	25	26	6	12	79	0	34	0	80	11	36	38	145	42	211	123	60	31	83	224	157	207	175	117	153	185	127	518	217	259	111	436	208	185	388	147	698	0	523	343	389	555	207	392	653	407	401	341	10	72	5	88	171	151	165	249	409	1016	295	106	213	281	151	107	55	386	475	199	187	211	173	186	269	159	299	599	324	214	166	152	133	29	0	100	113	121	10	19	478	206	625	258
Frondihabitans.2	1	0	3	0	1	0	1	0	0	1	1	0	1	0	0	0	0	0	0	0	0	0	0	1	0	0	0	0	0	0	0	0	0	0	0	0	0	2	0	0	1	0	0	0	0	0	0	0	0	0	0	0	0	0	0	0	0	0	0	1	0	0	0	1	0	0	0	0	1	0	0	1	0	0	0	0	0	0	0	0	0	0	0	0	0	3	0	0	1	0	1	0	0	0	0	0	0	0	0	0	0	0	0	0	0	0	0	0	0	0	0	2	0	0	1	1	3	0	0	0	0	0	0	0	0	1	1	0	4	0	0	0	1	1	0	0	5	1	3	0	0	0	0	0	0	0	0	2	0	5	1	1	1	2	0	0	0	1	0	0	0	0	1	2	1	1	2	2	0	0	3	0	0	0	0	1	0	1	0	0	0	1	1	0
Frondihabitans.3	358	0	958	361	1094	322	744	1308	769	1361	1035	653	972	514	334	432	241	295	253	816	235	251	1121	294	0	0	2	0	32	94	0	0	35	0	105	143	130	1294	546	0	2039	6	6	1	13	83	3	99	44	2	109	71	156	260	0	229	48	2	1	367	28	264	172	268	300	742	415	2329	528	838	454	1456	1544	488	248	286	131	27	66	8	81	140	47	5	182	1379	111	4	143	68	18	7	98	39	15	27	138	1	43	0	148	7	43	59	1567	148	631	369	117	92	197	579	316	441	319	249	300	345	245	971	496	515	261	864	641	578	1081	376	3220	0	3497	1899	1072	1722	601	1310	1865	1146	1077	877	27	136	18	201	308	262	236	382	981	1712	1060	195	348	402	210	191	99	878	662	173	1671	1372	1090	1188	720	569	954	2681	769	628	343	484	556	55	0	166	209	313	18	36	847	551	1652	751
Frondihabitans.4	235	0	890	237	639	303	640	1085	531	749	1022	684	800	367	309	424	265	272	207	817	266	230	684	204	0	0	3	0	54	58	0	0	21	1	65	85	73	586	324	0	892	5	1	1	10	79	3	58	43	2	121	99	167	277	0	260	46	3	5	492	38	241	198	283	221	555	335	727	460	816	388	1226	586	233	242	184	114	31	41	7	64	29	37	6	67	587	67	4	162	32	31	9	64	36	14	40	173	2	73	2	202	11	66	59	244	115	339	272	85	84	138	383	319	421	338	262	363	444	256	1084	514	507	248	776	471	380	720	296	1212	0	874	526	736	867	410	654	889	529	646	569	19	134	13	165	264	216	236	358	644	1643	513	187	258	320	170	110	76	589	654	162	247	251	231	274	539	363	575	1082	597	405	346	286	212	35	0	207	164	281	15	22	1009	482	1118	575
Frondihabitans.5	268	0	1049	299	778	304	805	1332	622	888	1386	893	996	445	343	492	313	323	257	768	258	337	903	239	0	0	1	0	36	63	0	0	45	0	118	124	120	844	426	0	1466	2	7	1	4	79	5	79	47	5	107	73	179	256	0	231	37	7	1	387	31	328	252	307	463	1675	815	1986	895	1868	727	2343	650	431	253	233	131	38	54	9	93	117	44	2	116	715	118	4	197	93	22	7	68	45	21	30	146	2	71	4	138	7	61	62	289	153	374	294	175	119	257	607	399	454	364	267	622	645	396	2003	570	515	277	864	615	508	1081	371	1508	0	2219	1031	1172	1283	594	842	1177	640	753	661	42	160	12	217	335	292	283	484	862	3007	752	200	617	635	297	239	130	759	986	294	436	439	320	319	738	479	852	1557	797	450	379	410	266	45	0	235	210	272	36	28	1763	740	1694	762
Herbiconiux.1	44	0	555	191	663	742	1255	1170	439	372	475	575	632	550	1186	1022	565	404	256	593	289	625	219	281	0	0	4	0	5	40	0	0	22	0	46	133	31	102	249	0	290	6	5	1	4	1336	2	225	11	3	679	1192	322	819	0	791	113	7	10	898	77	58	73	94	204	280	160	320	435	446	402	1106	1105	372	541	548	71	18	29	10	49	8	2	17	36	247	26	10	345	45	38	30	31	38	30	25	866	4	234	2	2805	83	241	338	450	388	519	645	105	163	99	257	1037	1360	1150	643	168	719	147	601	45	77	40	184	132	224	623	360	181	0	357	204	463	244	241	179	746	258	337	255	5	208	9	348	591	708	566	1011	797	2295	334	342	381	272	272	130	110	582	1205	248	341	416	402	493	459	227	398	468	671	672	819	381	107	6	0	102	287	408	7	6	144	167	191	513
Herbiconiux.2	42	0	981	242	938	1897	2932	2666	803	950	3639	2230	830	756	2031	3582	1758	738	495	2676	1542	751	252	276	0	0	13	0	50	183	0	0	76	0	65	117	87	176	222	0	548	27	11	0	25	192	4	216	37	1	325	203	1937	591	0	537	98	6	9	845	64	199	586	372	341	508	374	648	668	769	613	1829	829	634	1208	880	682	43	48	33	97	13	1	57	23	232	220	5	1664	39	247	33	28	78	100	25	573	3	371	10	421	65	622	1564	388	210	498	479	151	670	131	684	2478	5867	2773	1945	1651	3380	693	3245	53	91	63	568	94	456	1355	733	115	0	304	163	455	271	438	169	1636	280	676	568	3	148	7	254	502	573	477	791	1347	1824	350	231	1060	378	481	192	372	739	1455	515	229	378	242	273	1389	908	756	629	1973	1024	1764	607	140	4	0	801	1411	1387	18	15	391	785	546	912
Herbiconiux.3	45	0	915	232	438	686	885	906	743	775	1271	973	515	477	993	1663	554	374	358	1817	930	666	233	201	0	0	6	0	28	89	0	0	21	0	33	91	48	134	223	0	506	13	5	0	9	195	6	165	19	2	342	209	833	609	0	594	93	8	7	878	77	94	224	148	359	542	368	636	754	775	661	1963	666	501	789	599	74	31	26	15	53	17	2	8	28	237	59	5	1136	48	84	35	14	44	43	25	504	0	160	4	396	42	273	423	341	224	500	462	56	106	76	229	686	865	634	503	336	811	232	875	81	127	53	382	105	192	511	231	148	0	325	169	278	183	338	150	1307	238	655	438	5	125	8	219	474	513	456	736	1251	1795	398	254	1041	377	458	192	157	639	1586	511	255	276	266	282	504	275	420	442	1377	693	1045	520	98	4	0	282	970	1101	14	8	169	510	317	526
Leifsonia.1	27	0	479	152	234	213	569	421	454	524	432	399	277	167	466	699	224	230	120	421	210	239	185	130	0	0	5	0	10	28	0	0	9	0	30	67	24	83	166	0	261	7	3	1	1	133	4	92	11	0	211	135	182	495	0	365	36	4	3	575	52	35	137	69	252	365	233	431	640	411	570	1499	678	361	354	669	34	12	15	3	46	12	2	2	22	184	28	6	198	23	33	21	15	30	31	10	318	1	92	3	260	15	89	165	303	341	733	796	33	86	75	190	595	508	492	508	209	317	149	262	35	66	17	142	67	143	246	148	84	0	192	136	169	117	163	72	1104	216	499	228	2	94	1	125	443	433	397	598	740	1094	189	149	461	414	283	189	75	535	1007	366	266	426	335	397	196	88	200	239	452	319	435	219	55	5	0	61	215	476	11	5	113	231	170	229
Leifsonia.2	5	0	157	84	77	82	329	125	172	273	155	154	101	82	161	239	70	65	37	137	66	103	76	32	0	0	2	0	0	9	0	0	7	0	7	18	3	25	81	0	133	2	0	0	0	38	0	32	6	2	61	39	66	145	0	145	12	0	1	205	16	9	148	18	88	150	113	201	252	160	233	613	249	139	118	333	14	0	6	1	79	5	1	0	12	68	10	2	77	14	7	24	7	11	5	5	49	0	22	1	114	12	33	171	114	94	310	240	7	18	9	53	170	134	142	122	66	153	38	82	11	28	3	87	26	44	106	37	30	0	68	58	54	33	49	19	532	120	310	77	1	47	1	154	145	166	155	216	360	414	84	60	178	166	127	72	29	183	393	142	104	163	168	168	69	23	68	86	173	87	146	74	37	1	0	26	118	244	2	3	47	155	65	104
Leifsonia.3	27	0	469	140	259	237	541	445	429	444	444	435	270	196	497	651	218	229	109	348	177	281	184	126	0	0	2	0	11	28	0	0	15	0	22	52	24	77	164	0	281	6	1	0	2	140	3	122	8	2	183	151	189	454	0	423	50	4	0	603	53	35	87	61	219	322	217	418	609	443	522	1389	823	301	335	474	33	4	16	9	30	7	1	2	21	193	52	4	227	28	19	14	12	32	27	10	336	1	80	2	298	18	82	159	298	243	504	625	43	68	60	209	551	567	483	399	258	311	169	272	43	40	25	138	80	154	256	183	125	0	199	138	197	122	176	93	740	191	418	210	7	78	2	115	414	388	366	576	647	1061	216	196	407	302	245	168	98	508	978	359	252	379	361	411	221	92	216	240	461	340	458	219	67	4	0	48	214	418	4	2	96	174	153	292
Leucobacter.1	12	0	191	50	89	104	190	228	144	114	134	100	114	92	220	243	88	142	52	202	88	108	63	53	0	0	1	0	4	4	0	0	6	0	6	14	5	30	45	0	70	5	1	0	3	64	2	51	1	0	135	91	84	280	0	233	23	2	1	184	23	15	25	30	87	84	39	93	98	97	88	223	248	119	143	122	19	8	11	5	5	7	1	1	7	44	2	1	69	6	14	6	3	16	10	5	135	0	58	4	140	10	45	46	100	90	135	200	20	20	29	49	236	264	213	161	47	149	66	130	21	26	9	42	27	48	103	76	46	0	61	55	66	36	48	38	187	52	106	44	0	29	2	57	103	141	124	229	152	481	64	56	84	80	88	46	27	158	172	45	70	94	91	89	97	52	90	114	201	139	180	89	34	1	0	31	93	169	3	2	34	51	41	103
Leucobacter.2	27	0	227	63	193	171	397	347	161	148	170	111	178	159	309	380	175	223	69	263	106	173	90	94	0	0	2	0	15	9	0	0	3	0	13	34	17	54	67	0	105	4	0	0	2	134	2	75	8	0	210	154	125	508	0	452	55	6	7	390	46	21	32	36	130	103	47	107	135	115	99	214	446	204	188	220	24	3	11	1	29	4	3	2	14	92	6	9	85	12	19	16	8	17	17	13	280	1	82	3	300	12	75	66	211	207	230	397	47	52	36	97	493	431	361	278	72	232	108	193	22	34	21	72	46	83	184	136	69	0	130	89	131	80	71	52	284	63	131	78	0	56	1	87	163	199	212	321	217	856	76	81	104	148	91	57	36	204	293	53	152	210	180	187	136	75	151	193	283	229	306	124	32	0	0	26	127	191	2	3	37	72	82	153
Leucobacter.3	12	0	144	46	114	91	175	189	123	107	85	91	121	92	162	226	76	99	49	135	53	106	51	51	0	0	1	0	2	13	0	0	3	0	4	18	12	21	34	0	45	0	0	0	0	69	1	31	3	0	122	60	60	299	0	268	35	0	1	204	26	8	17	24	76	74	41	76	119	74	61	194	220	113	116	105	21	4	3	1	8	3	3	1	13	42	14	2	59	10	12	10	7	8	14	4	122	2	43	2	130	6	33	38	102	111	155	199	6	33	26	38	237	217	184	162	50	111	66	102	9	24	12	44	26	58	102	59	48	0	93	51	81	54	52	57	140	51	80	57	6	35	0	51	117	120	127	194	176	485	56	63	81	93	63	34	25	121	227	49	80	110	85	110	94	33	75	93	179	143	158	82	17	0	0	25	75	132	1	4	21	42	52	95
Microbacterium.1	16	0	647	178	174	219	314	522	345	269	178	199	144	148	661	1696	202	166	158	707	407	341	142	127	0	0	5	0	10	13	0	0	9	0	16	41	15	41	99	0	192	122	2	1	3	115	1	50	7	0	148	147	515	430	0	336	33	3	2	233	22	31	119	46	85	133	58	139	192	149	139	427	248	159	422	182	114	5	16	3	14	2	2	0	7	58	45	7	678	12	22	41	3	11	37	33	224	1	157	10	232	44	390	199	138	116	179	225	19	41	33	87	702	465	386	465	332	869	181	769	17	35	15	127	31	126	271	93	45	0	126	83	81	84	102	74	575	109	186	128	0	53	2	79	160	192	187	274	592	632	179	90	165	162	110	80	115	286	923	102	96	155	120	123	197	48	104	206	350	180	428	97	32	1	0	765	329	1248	22	7	57	247	72	140
Microbacterium.2	10	0	158	37	77	66	103	204	95	76	73	62	51	35	173	417	57	44	33	188	108	96	80	55	0	0	1	0	1	8	0	0	2	0	5	19	1	15	20	0	48	33	2	0	1	45	0	17	0	1	49	43	151	113	0	95	6	0	0	66	10	7	35	16	35	49	24	43	63	45	52	144	82	40	102	62	61	1	5	2	4	1	1	2	4	21	18	1	182	4	7	10	2	3	4	6	55	0	28	3	66	18	81	56	32	39	56	70	6	12	13	34	249	135	129	134	103	269	55	219	5	7	1	45	11	39	71	34	16	0	32	23	41	35	35	16	165	35	79	41	0	15	0	30	69	62	44	108	199	178	57	22	43	44	37	14	37	90	288	39	34	37	25	43	55	17	29	53	116	68	120	41	12	0	0	258	95	366	4	0	17	52	27	46
Microbacterium.3	13	0	568	153	130	181	408	313	323	235	216	215	117	127	695	2199	192	158	143	691	413	322	113	91	0	0	3	0	4	15	0	0	14	0	5	30	9	25	74	0	170	46	0	0	3	121	2	71	9	0	116	149	1405	333	0	253	28	6	2	233	15	27	1836	43	94	92	51	121	215	133	161	408	256	123	334	197	77	4	30	28	11	5	0	6	9	50	27	2	783	19	53	87	7	13	72	86	903	1	590	13	210	85	2124	1919	119	113	183	201	14	26	22	59	426	375	348	260	250	574	110	510	13	28	13	138	21	71	183	63	32	0	113	70	62	52	107	30	448	91	284	111	0	33	0	65	137	169	164	247	538	590	117	87	121	127	106	49	86	201	750	103	77	116	89	128	130	52	99	148	277	153	342	82	31	0	0	120	296	549	11	3	55	197	60	101
Microbacterium.4	22	0	363	124	121	142	186	298	231	163	130	124	93	99	429	1033	124	111	102	512	264	236	64	77	0	0	1	0	7	11	0	0	8	0	7	30	4	36	53	0	109	24	0	0	2	71	1	38	3	2	87	103	369	241	0	215	22	3	0	150	13	21	90	29	56	77	40	89	107	74	102	351	122	71	255	132	96	3	7	3	11	2	1	1	2	35	17	1	457	8	11	22	4	15	15	15	150	0	156	77	117	31	407	153	65	53	107	122	8	21	23	49	392	303	271	192	199	537	110	1022	7	21	4	89	18	81	133	57	25	0	59	38	62	68	77	25	341	77	158	86	0	27	2	39	99	113	110	174	407	484	109	58	113	78	60	25	70	206	689	64	58	70	67	89	116	30	70	115	201	116	240	58	13	1	0	229	215	629	10	4	40	161	56	111
Microbacterium.5	16	0	475	141	124	162	207	285	236	197	148	124	112	111	459	1079	138	81	112	653	353	253	82	72	0	0	3	0	6	16	0	0	10	0	11	22	10	21	61	0	152	27	0	0	0	83	2	39	6	1	104	80	386	246	0	190	22	2	2	158	15	18	86	40	73	93	57	110	138	98	130	326	173	81	304	127	29	1	9	1	4	4	1	2	6	65	23	1	428	13	17	25	5	14	16	14	148	0	90	6	152	22	250	161	75	72	122	128	15	23	20	56	278	301	259	202	202	414	94	393	13	32	14	98	22	102	175	61	32	0	86	51	84	67	316	43	370	98	137	95	0	29	1	54	111	132	82	190	431	431	91	55	113	84	69	32	86	223	643	83	43	81	59	92	109	32	70	138	218	113	255	60	26	1	0	298	208	674	8	1	61	159	61	95
Microbacterium.6	14	0	274	146	103	129	219	199	264	191	87	111	91	104	529	736	145	206	83	344	154	200	106	76	0	0	1	0	4	8	0	0	5	0	7	19	8	18	68	0	83	1	0	0	3	79	1	43	7	1	170	91	135	288	0	300	35	4	3	162	18	11	32	18	86	81	43	88	129	91	85	283	236	164	292	158	18	2	3	3	25	0	0	3	4	57	20	1	182	9	9	14	4	3	7	11	196	2	86	3	155	19	80	74	139	116	183	221	16	28	20	59	349	428	334	225	157	269	103	200	19	21	19	59	31	58	152	74	25	0	72	58	55	26	47	46	327	89	180	73	1	32	1	48	129	181	180	253	346	549	67	72	111	102	91	49	43	248	539	70	82	127	120	129	82	56	99	130	200	138	343	77	21	1	0	32	223	356	10	2	40	140	51	93
Microbacterium.7	41	0	490	176	305	358	565	571	436	317	289	255	267	241	908	1330	354	336	172	593	301	433	168	143	0	0	3	0	8	16	0	0	7	0	16	69	15	63	150	0	172	7	4	2	5	293	4	89	11	1	327	264	284	628	0	626	80	8	1	420	55	30	85	65	161	156	80	154	233	172	190	507	645	276	482	401	38	9	19	9	41	7	2	3	20	136	24	6	370	16	19	27	14	24	19	17	388	1	180	5	505	33	147	171	299	285	372	565	40	101	76	164	813	780	643	507	278	608	204	461	37	59	45	117	85	164	319	186	79	0	187	122	197	139	148	83	641	186	319	159	2	113	3	135	263	311	275	452	654	1106	141	174	208	180	178	64	78	373	927	111	176	253	204	220	236	121	237	252	483	327	617	188	63	3	0	84	383	653	13	3	75	268	135	262
Mycobacterium.1	36	0	898	329	383	308	1026	716	1541	740	278	259	261	362	1160	3059	662	873	643	879	822	1130	271	232	0	0	15	0	8	70	0	0	25	0	27	49	19	143	236	0	428	25	3	0	7	370	12	231	18	0	717	403	197	939	0	1236	177	31	13	788	177	38	210	109	912	585	194	397	445	399	161	390	1840	2018	1401	1363	37	9	11	12	75	15	1	4	35	184	95	4	137	41	15	49	15	21	59	30	808	2	302	9	654	68	161	408	1361	1273	2432	1826	65	177	152	359	2114	2110	1786	1346	733	2053	677	1748	23	69	36	285	93	323	512	241	94	0	670	514	266	180	382	121	1339	269	842	318	5	108	3	176	406	763	1192	1073	1066	1677	285	249	636	1012	889	477	130	555	432	45	629	1422	1386	1207	544	339	455	558	2152	1133	2009	784	152	6	0	76	1670	1616	19	17	256	513	546	851
Mycobacterium.2	26	0	366	158	163	151	443	303	608	330	127	104	120	128	558	952	317	467	184	235	246	353	110	92	0	0	1	0	10	18	0	0	6	0	7	29	9	43	80	0	117	4	6	2	5	211	10	101	9	2	388	221	58	489	0	631	98	13	8	400	77	15	72	47	415	257	81	184	137	104	53	106	910	787	560	656	17	3	5	5	30	2	0	2	10	81	22	5	28	15	7	19	10	13	27	12	453	1	154	5	356	30	63	123	1548	1187	1144	1676	39	69	81	145	1026	942	881	628	220	558	266	491	11	37	18	105	33	126	169	96	37	0	818	547	93	69	148	48	481	136	370	147	2	46	2	75	198	362	448	475	371	760	84	100	255	630	361	295	43	255	122	15	557	1096	1191	751	233	84	193	241	802	438	794	232	131	4	0	17	517	522	3	12	88	178	172	325
Plantibacter.1	33	0	646	220	303	389	509	1117	416	484	607	900	415	315	421	815	206	228	1128	6063	3048	477	169	127	0	0	7	0	12	548	0	0	122	0	17	112	22	75	150	0	287	72	8	1	8	106	2	105	13	0	201	125	895	482	0	420	45	9	3	608	37	34	483	54	205	387	200	360	2406	490	520	1531	363	183	468	242	30	7	14	1	26	16	3	6	13	170	23	8	394	25	33	15	30	42	31	18	313	1	97	2	258	20	110	125	143	117	269	256	47	75	37	140	414	363	355	258	128	291	262	492	44	52	29	134	229	202	243	207	106	0	177	106	380	845	309	314	581	177	318	220	3	95	1	143	337	338	336	522	906	1152	1142	180	341	280	227	128	218	1112	1974	667	156	212	165	180	344	131	209	257	370	279	357	166	61	1	0	2965	207	419	12	5	110	361	191	258
Plantibacter.2	11	0	433	152	318	1077	512	852	258	263	662	620	220	194	260	447	160	113	142	3120	1235	232	104	51	0	0	1	0	10	185	0	0	43	1	23	103	8	48	79	0	606	35	2	0	3	84	6	95	20	0	96	73	1203	284	0	263	30	1	2	318	20	128	631	63	104	211	110	186	331	217	268	734	186	102	298	153	21	7	5	7	40	4	0	0	6	93	21	3	446	11	31	13	12	34	38	19	172	0	46	3	180	11	136	341	98	69	147	152	19	35	18	56	209	265	187	153	90	235	121	344	18	32	13	104	33	607	159	73	44	0	106	54	104	110	87	62	401	103	149	128	0	419	2	142	202	209	172	279	526	1058	171	94	190	129	119	68	48	405	661	205	80	123	103	104	179	234	205	183	210	132	211	76	29	2	0	183	115	231	17	6	115	307	262	233
Pseudoclavibacter.1	5	0	579	44	74	96	127	191	102	125	106	130	78	89	160	596	72	66	38	442	339	116	46	41	0	0	2	0	3	7	0	0	1	0	5	9	5	17	44	0	80	5	2	0	0	62	0	42	0	0	77	59	92	228	0	227	29	2	4	181	23	16	29	29	67	76	52	97	177	133	142	373	167	74	90	75	12	3	9	1	3	0	1	1	5	51	3	2	86	5	13	8	2	10	8	4	77	0	36	0	97	7	27	38	94	63	118	131	10	25	12	34	156	143	157	112	30	93	40	89	17	38	12	37	14	24	65	57	48	0	67	46	46	43	42	37	120	48	87	37	0	20	1	31	112	117	86	164	189	592	64	74	113	87	71	41	49	167	503	117	58	70	53	73	81	35	79	92	123	88	150	63	17	1	0	19	86	155	1	4	23	36	40	58
Pseudoclavibacter.2	0	0	23	4	2	7	21	15	15	9	4	4	7	7	26	26	11	19	9	11	5	15	4	3	0	0	0	0	1	0	0	0	0	0	0	0	0	3	7	0	6	1	0	0	0	13	1	7	1	0	8	5	2	23	0	35	0	1	0	17	3	1	1	3	19	11	8	11	14	5	10	24	26	16	13	13	0	1	1	0	1	0	0	0	0	1	0	0	2	0	1	1	0	0	0	0	10	0	5	0	11	1	3	5	8	18	19	16	2	2	1	7	37	35	39	23	0	8	4	15	0	0	1	7	5	1	10	12	7	0	13	11	5	2	9	3	24	3	10	5	0	1	0	7	11	24	18	20	20	33	2	12	20	19	17	11	1	10	22	5	8	7	9	13	11	6	8	16	21	14	15	14	2	0	0	0	12	20	0	0	0	7	3	11
Pseudoclavibacter.3	3	0	138	33	68	118	135	131	70	70	102	96	74	52	155	608	70	51	49	196	89	79	44	34	0	0	2	0	14	7	0	0	3	0	1	20	3	14	34	0	66	4	0	0	0	54	2	30	6	1	53	48	437	200	0	177	21	2	2	192	19	10	30	30	50	62	29	72	124	80	103	271	125	65	77	66	19	3	6	2	4	0	2	1	3	52	10	2	263	9	11	17	2	20	23	33	104	1	35	1	92	8	69	45	78	41	76	85	15	19	10	45	136	138	116	79	27	91	20	92	24	31	21	55	27	26	64	44	24	0	37	29	48	40	23	29	97	34	71	27	0	9	2	53	88	87	70	135	127	365	55	45	69	59	54	22	20	161	270	71	50	57	40	58	66	23	52	84	98	90	113	58	21	0	0	59	77	101	2	5	24	54	44	63
Pseudoclavibacter.4	10	0	131	41	73	87	180	149	85	75	67	47	90	86	174	169	104	139	40	99	36	95	54	36	0	0	2	0	2	2	0	0	3	0	5	13	5	19	33	0	43	1	2	0	0	70	4	32	2	0	173	111	26	267	0	338	39	2	3	162	28	16	9	21	70	64	24	49	41	30	29	80	279	122	119	163	8	2	2	4	5	1	1	1	3	39	3	1	18	14	1	3	4	1	7	4	144	0	60	3	169	7	22	27	154	143	151	283	10	30	22	47	299	270	250	194	39	141	69	93	9	4	10	24	19	65	98	70	23	0	49	53	37	30	58	18	105	35	93	38	3	21	1	46	80	147	112	174	145	459	23	42	61	87	54	41	27	82	91	12	63	121	91	98	78	37	75	99	182	113	178	54	21	1	0	20	70	108	3	1	23	28	31	83
Pseudoclavibacter.5	0	0	4	1	0	3	1	4	3	5	2	2	2	0	2	2	3	1	5	5	2	3	2	0	0	0	0	0	0	0	0	0	0	0	0	1	0	1	4	0	2	0	0	0	0	2	0	1	0	0	2	0	1	14	0	8	2	0	0	5	0	0	0	0	5	2	1	7	5	1	6	21	2	0	3	3	0	0	0	0	0	0	0	0	1	2	0	0	4	0	0	1	0	1	0	0	1	0	2	0	3	1	1	3	0	2	1	3	0	1	0	1	4	3	1	1	2	3	3	1	0	1	0	3	0	0	3	1	1	0	1	3	2	1	3	0	7	4	7	2	0	0	0	0	1	5	4	6	3	12	2	0	1	8	4	6	1	5	12	7	4	1	3	3	2	2	2	4	3	1	1	4	0	1	0	0	4	3	2	0	0	3	3	0
Pseudomonas.1	1561	0	536	327	212	659	98	406	606	108	1092	523	46	193	207	443	792	327	60	176	335	127	595	529	0	0	74	0	103	2546	0	0	59	0	13	151	20	540	229	0	1266	36	10	8	119	46	1	35	10	2	6	7	209	101	0	53	6	6	3	15	5	42	52	201	153	487	703	343	338	96	150	169	26	75	54	55	5	1	6	2	16	3	1	0	4	213	45	8	291	14	103	224	4	3	15	11	14	0	263	0	6	25	113	24	72	8	70	26	3	4	3	32	44	149	63	56	18	70	61	165	80	52	62	429	9	40	148	139	195	0	184	274	84	39	122	69	403	275	467	323	295	23	0	63	75	86	25	46	750	338	265	36	1511	365	203	221	135	748	3378	1624	9	23	16	13	153	64	108	162	1634	409	523	966	29	15	0	1438	406	769	586	286	161	231	457	62
Pseudomonas.2	0	0	0	0	0	0	0	0	0	0	0	0	0	0	0	0	0	0	0	0	0	0	0	0	0	0	0	0	0	0	0	0	0	0	0	0	0	0	0	0	0	0	0	0	0	0	0	0	0	0	0	0	0	0	0	0	0	0	0	0	0	0	0	0	0	0	0	0	0	0	0	0	0	0	0	0	0	0	0	0	0	0	0	0	0	0	0	0	0	0	0	0	0	0	0	0	0	0	0	0	0	0	0	0	0	0	0	0	0	0	0	0	0	0	0	0	0	0	0	0	0	0	0	0	0	0	0	0	0	0	0	0	0	0	0	0	0	0	0	0	0	0	0	0	0	0	0	0	0	0	0	0	1	0	0	0	0	0	0	0	0	0	0	0	0	0	0	0	0	0	0	0	0	0	0	0	0	0	0	0	0	0	0	0
Pseudomonas.3	250	0	996	2210	727	215	220	626	474	276	1082	433	44	139	215	519	551	373	74	299	289	163	1025	133	0	0	241	0	18	2306	0	0	76	0	21	104	9	408	891	0	1123	114	11	13	82	56	1	75	21	1	16	14	283	118	0	61	3	6	5	220	13	59	2136	187	248	1464	458	689	2169	1045	905	1449	36	121	154	103	78	4	13	2	26	15	6	3	10	288	17	3	355	18	94	377	4	3	16	6	22	1	117	5	20	33	213	109	166	35	376	51	10	15	8	42	81	191	103	99	45	72	78	244	105	76	96	667	26	82	148	287	448	0	489	2393	121	61	618	132	1436	835	987	1242	281	220	2	176	122	133	71	76	1041	348	3303	68	1302	322	240	492	2570	843	5420	1117	41	71	45	92	969	241	188	368	1822	572	552	1071	46	12	0	1086	400	996	207	425	119	295	145	121
Pseudomonas.4	138	0	618	526	174	90	114	224	333	198	131	87	19	25	174	464	711	185	51	109	97	104	632	63	0	0	35	0	13	243	0	0	7	0	2	44	13	253	1351	0	527	54	5	11	7	31	2	30	6	4	4	14	235	84	0	47	2	0	1	28	0	35	108	238	179	1104	279	316	357	143	179	275	30	96	109	78	37	0	10	4	15	6	1	4	3	251	18	3	268	12	66	306	5	4	11	0	16	0	96	4	4	43	240	227	112	23	351	49	1	5	10	37	233	232	161	141	43	154	62	274	66	48	82	575	12	112	227	174	247	0	245	466	95	81	219	69	760	676	575	537	235	34	1	70	61	82	21	48	559	240	301	32	805	190	127	141	496	404	1890	631	22	56	45	53	241	78	82	248	1420	395	432	799	18	11	0	722	398	868	131	395	51	139	131	96
Pseudomonas.5	339	0	1356	541	217	187	193	120	301	244	131	49	31	32	236	539	1454	734	70	119	95	94	915	61	0	0	18	0	23	158	0	0	9	0	7	144	13	450	333	0	429	80	17	16	7	52	2	77	6	0	14	15	691	127	0	49	4	11	3	110	6	40	58	112	134	342	259	333	201	119	112	185	68	110	149	124	23	3	13	2	16	7	4	3	7	184	23	5	737	20	129	713	10	5	16	1	25	0	131	2	16	10	69	55	161	54	146	99	4	9	8	31	101	154	136	72	46	85	94	207	154	71	497	372	18	45	86	129	358	0	271	321	56	30	166	62	609	281	844	630	139	37	2	76	123	159	71	100	418	247	149	24	803	239	122	115	113	348	1262	539	42	93	68	64	90	53	64	260	1479	466	528	1024	67	19	0	6217	341	697	564	404	46	153	127	72
Pseudomonas.6	517	0	4077	1369	1656	953	1332	1179	443	966	1928	698	673	124	775	1629	4111	795	283	129	133	279	881	407	0	0	22	0	70	1092	0	0	254	0	584	519	1564	2466	580	0	751	507	46	133	97	126	2	192	86	5	10	16	3427	47	0	129	10	7	4	42	13	611	586	519	102	378	334	225	228	208	171	117	130	1067	1791	564	92	4	34	16	425	7	6	13	11	4860	477	107	1863	36	1227	664	26	15	72	12	153	3	1223	10	15	42	240	390	647	24	63	42	15	11	11	208	301	2325	1755	519	55	206	140	422	463	292	1031	1731	117	508	1209	426	303	0	341	465	189	159	205	275	1680	1211	1453	1191	626	640	17	835	121	337	67	172	1190	741	282	56	862	158	142	130	162	1559	2435	1284	36	59	23	48	1325	988	883	1126	9699	4082	2810	2789	59	51	0	2779	646	1354	514	1205	231	259	1469	284
Pseudomonas.7	141	0	602	561	173	88	104	182	338	145	102	105	19	39	148	370	454	233	45	83	96	72	627	83	0	0	40	0	16	307	0	0	11	0	9	54	17	223	1406	0	519	52	8	7	3	25	2	20	7	0	9	9	202	53	0	27	2	3	3	33	1	27	129	214	178	1158	245	274	366	136	178	299	30	106	108	75	39	1	16	2	22	6	3	2	1	178	10	1	293	11	72	281	0	2	14	2	9	3	85	4	9	39	293	209	76	17	379	34	6	8	3	34	112	174	109	121	29	119	46	223	62	37	53	564	11	107	223	166	232	0	261	460	101	55	210	75	744	610	565	478	200	24	1	44	73	78	28	47	546	226	295	36	806	177	135	145	615	343	1745	574	23	62	47	47	242	63	86	175	1279	391	451	731	16	6	0	808	446	909	171	414	54	162	119	77
Pseudomonas.8	138	0	723	348	264	143	257	219	344	200	174	90	58	57	902	917	9151	928	657	206	241	458	423	84	0	0	14	0	82	148	0	0	125	0	32	178	98	302	343	0	731	83	14	12	6	37	4	88	43	0	7	10	291	44	0	107	3	5	7	65	7	359	139	608	137	456	357	238	337	639	440	209	38	163	220	105	53	2	7	2	41	8	8	3	6	2835	36	37	283	37	102	186	5	13	23	5	32	2	206	0	9	15	92	51	253	21	84	46	16	12	23	107	151	1051	269	272	72	238	153	471	577	2081	438	1277	23	234	341	361	364	0	380	608	261	279	215	456	648	291	819	458	761	130	3	268	94	344	134	234	1382	1518	790	127	1078	215	146	126	158	793	4338	3014	29	28	29	42	344	394	286	831	4983	1345	1330	3310	46	45	0	3252	1001	1657	1623	3023	239	373	904	330
Rathayibacter.1	82	0	1024	321	893	2280	1229	2172	600	548	1294	1195	945	647	1416	1331	1941	751	974	7299	2432	611	295	365	0	0	11	0	1584	140	0	0	59	0	41	449	51	205	236	0	1876	71	83	2	46	311	6	229	33	4	595	379	1792	974	0	891	134	15	7	1466	122	184	177	427	367	436	211	492	727	596	683	1886	1101	456	537	550	235	122	32	10	59	11	8	15	37	311	86	9	811	32	121	29	39	129	53	56	1109	1	260	4	695	60	470	372	454	421	633	810	679	325	103	400	1691	1089	992	1086	597	1265	496	1257	116	153	103	275	204	502	1160	561	240	0	407	282	455	322	288	259	882	285	497	307	4	264	5	330	621	655	599	962	1340	4039	464	466	591	405	328	168	156	814	1852	435	391	483	418	490	1026	493	548	958	884	645	858	434	261	15	0	2561	411	681	14	23	358	2114	1177	569
Rathayibacter.2	33	0	528	124	402	543	672	891	348	341	640	409	424	254	2756	986	1388	338	190	1441	445	391	196	238	0	0	7	0	148	34	0	0	21	0	24	109	28	86	153	0	527	271	121	3	48	187	5	140	11	1	321	239	916	651	0	604	92	10	8	895	67	45	88	216	231	275	165	301	401	384	461	1218	634	277	309	320	253	40	31	9	44	6	3	20	15	194	34	6	834	31	82	25	16	86	52	46	1405	1	135	3	448	58	585	353	273	202	376	462	58	95	70	187	765	685	501	427	161	475	146	486	74	119	54	133	100	164	337	253	119	0	249	172	275	187	160	145	536	187	304	189	4	123	3	157	420	365	342	557	762	2241	273	262	370	256	220	124	52	434	1131	261	199	272	243	230	306	157	289	317	556	371	542	246	243	10	0	880	361	463	16	23	111	543	311	338
Rathayibacter.3	23	0	297	68	254	327	457	568	214	193	345	265	272	159	1588	598	888	242	109	820	248	224	121	139	0	0	3	0	88	18	0	0	10	0	13	51	10	83	86	0	309	165	65	0	31	120	2	76	11	0	209	134	504	369	0	332	46	7	4	519	54	26	62	127	93	170	94	167	230	195	235	568	434	177	212	196	185	19	19	10	23	5	1	6	15	125	12	4	492	11	45	9	16	50	25	16	713	1	87	1	312	26	322	173	196	130	220	308	45	60	44	105	462	411	315	227	94	284	106	301	38	71	28	84	68	111	208	192	93	0	163	105	173	104	111	89	329	98	168	102	0	64	4	131	215	275	205	359	452	1234	158	151	217	124	119	55	64	249	547	104	166	199	158	180	191	93	171	199	329	254	309	157	154	9	0	503	213	261	13	16	73	343	199	204
Rathayibacter.4	13	0	195	74	133	198	246	306	161	112	203	159	150	106	266	261	155	112	155	3269	507	120	68	69	0	0	3	0	228	10	0	0	16	0	19	32	11	27	54	0	291	15	10	0	5	60	2	51	7	0	99	81	618	222	0	213	38	2	2	329	21	23	50	56	80	87	61	89	158	131	142	337	281	95	92	110	32	13	12	1	15	3	0	8	9	57	8	1	161	16	56	3	6	18	27	16	262	0	45	4	152	38	299	107	97	89	145	186	19	30	19	51	191	203	183	164	32	134	44	138	23	13	15	49	42	69	123	82	43	0	71	53	107	59	71	50	174	62	97	74	0	50	2	76	132	129	142	202	281	814	95	105	121	77	77	42	31	190	370	91	86	100	93	107	102	65	108	109	219	135	170	101	29	2	0	87	102	136	3	4	49	85	127	91
Rathayibacter.5	11	0	74	19	66	53	100	126	55	55	78	68	57	32	92	107	78	50	40	476	105	50	32	29	0	0	1	0	29	4	0	0	3	0	4	15	0	11	19	0	58	1	4	0	4	33	0	24	2	0	48	31	116	95	0	81	9	1	1	133	10	10	5	20	44	57	30	67	97	54	87	214	80	43	51	45	8	1	1	2	8	3	0	0	2	31	2	0	58	4	9	2	2	6	2	4	108	0	19	0	54	5	53	32	55	35	63	73	11	13	4	24	105	108	86	66	21	59	19	55	10	19	5	29	9	33	49	30	21	0	39	25	37	23	29	18	70	34	42	44	0	14	0	34	80	95	64	148	126	365	41	42	67	56	51	25	14	92	213	57	43	34	31	35	48	25	33	54	79	42	60	28	17	2	0	35	39	85	1	3	21	38	49	44
Rathayibacter.6	133	0	1411	396	1026	1567	1119	2032	512	560	1438	1067	840	579	2332	1725	4280	1074	2006	13615	4283	568	272	360	0	0	11	0	775	203	0	0	115	0	39	193	37	238	208	0	1531	62	48	4	119	272	8	192	22	3	523	322	1014	857	0	813	116	16	9	1194	78	116	142	413	340	376	202	333	513	448	591	1338	994	404	504	491	115	34	46	11	58	10	1	10	33	283	56	10	613	28	79	20	38	66	52	33	906	1	197	10	628	54	367	373	445	348	525	684	235	145	112	349	1005	1028	836	715	237	640	210	903	110	159	85	232	176	374	616	459	199	0	320	248	493	263	290	286	829	262	485	292	1	193	9	310	565	623	501	869	1308	3394	399	443	471	314	293	156	118	716	1597	284	337	438	355	463	937	847	851	932	758	567	771	342	402	19	0	1573	486	689	20	31	324	4162	3797	651
Sphingomonas.1	374	0	2246	638	2359	1960	2933	2946	2067	1602	2196	1605	2668	2187	3339	5762	2348	1950	2802	5503	2283	6812	1370	844	0	0	14	0	85	250	0	0	55	0	293	333	177	812	1213	0	1689	37	27	2	59	843	11	426	73	4	672	640	762	612	0	535	67	14	6	468	41	428	680	1122	1072	1307	647	1560	1542	2757	1403	2925	2749	2857	2194	2163	429	45	29	21	218	143	68	25	199	2412	388	32	331	143	96	50	142	110	135	47	2245	4	731	20	1216	321	614	2121	2623	1287	3138	2662	610	789	512	1932	5565	6243	6754	4694	1973	4232	1756	3542	966	927	858	2064	1120	2538	4259	2359	1463	0	1369	1916	2217	1876	3025	1192	3930	959	2353	1205	82	528	28	638	940	1292	1537	1812	3085	3032	551	1077	1471	1360	1285	727	368	1856	3570	766	1612	2100	1363	1704	2724	1723	3122	3921	9875	7331	5618	4212	1391	86	0	1028	3312	3691	127	206	1119	1300	1546	2901
Sphingomonas.2	1009	0	5965	1171	6859	8061	3189	11003	1506	1612	16743	11887	8964	4820	3724	3688	12092	3198	13272	71029	24103	6730	1938	1758	0	0	65	0	2606	1035	0	0	213	0	407	872	305	1895	903	0	5911	623	225	26	1314	496	27	1052	271	16	593	281	1450	437	0	340	344	32	7	4649	274	2014	1574	23009	984	2938	2130	1891	5358	8947	6725	21023	2007	1626	1454	1080	983	1828	213	94	276	96	62	14	214	3973	555	34	1364	213	269	62	391	144	177	164	1672	9	879	31	687	86	233	619	2122	709	2109	1571	1198	795	414	1945	4283	5286	5801	4618	2065	2650	1867	3052	20325	22233	12136	28113	2580	3991	6466	5728	1508	0	1343	5237	3310	5422	3779	3285	2867	869	1804	1286	74	707	135	1287	2555	3321	2538	5241	5279	24686	3012	4512	3383	1730	1189	645	1396	12607	16284	6206	1239	1737	2031	1308	10917	13370	11314	13102	16226	7987	5545	5731	10245	541	0	12696	2523	3484	413	1861	3908	10008	16288	3484
Sphingomonas.3	696	0	3619	996	6635	5257	4600	7444	1606	1527	4932	3003	5473	4101	5311	3727	6898	5244	4074	11852	3878	5976	1367	1079	0	0	16	0	236	559	0	0	122	0	437	490	289	1130	1080	0	2145	106	86	8	164	587	6	500	238	4	933	387	1065	511	0	398	84	29	7	1110	64	1698	1646	5414	877	1404	851	1421	1702	3038	1554	3219	3258	2479	1879	1547	884	164	98	53	247	143	50	11	213	3188	958	25	586	150	209	40	388	192	95	67	2436	6	728	23	996	120	345	910	3486	1149	3600	2416	4364	1685	730	4179	7386	11651	11975	6661	6036	6759	5875	10963	2888	2106	2208	5070	3393	5415	13777	6731	1911	0	1419	2655	3944	4044	5096	2856	3687	1044	2031	1572	120	815	38	1248	1162	1280	1530	2065	3130	5341	713	1847	1388	1164	888	579	642	2896	3391	948	1537	2117	1383	1665	13398	7718	11267	11490	20188	13586	8397	6578	3617	166	0	5539	2715	2907	257	376	4530	7317	7114	5417
Sphingomonas.4	219	0	1031	281	1358	1187	1302	1848	714	543	1394	909	1520	1234	1340	1385	1418	985	1469	3572	1263	2423	623	418	0	0	6	0	71	119	0	0	36	0	169	173	81	364	465	0	773	31	30	1	49	374	10	199	39	1	434	258	311	410	0	280	30	4	0	342	26	266	345	591	382	570	372	600	602	1080	529	1125	1367	973	789	662	211	83	21	13	90	59	37	9	88	1090	168	6	180	82	48	23	82	40	37	11	1220	6	352	12	563	76	161	395	1218	467	1251	1074	418	447	248	1113	2533	3003	3342	2349	1020	1791	1018	1837	972	638	638	1494	634	1322	2052	1375	684	0	599	938	1156	1022	1696	587	1362	367	814	478	57	283	14	366	408	468	618	794	1178	1778	245	559	691	516	355	326	197	1003	1380	434	621	865	515	647	1845	1140	1884	2788	4925	3525	2445	2111	840	65	0	873	1192	1402	69	121	600	988	1108	1403
Sphingomonas.5	196	0	1643	266	1389	1280	1119	1722	583	584	2377	1478	1829	1365	766	1102	1089	546	2115	6037	1973	2590	546	288	0	0	2	0	93	148	0	0	40	0	138	132	96	365	319	0	650	54	23	1	65	145	8	197	65	4	129	102	244	206	0	126	17	8	2	288	22	383	462	812	420	775	484	740	980	1929	1063	1881	607	565	672	431	141	46	15	8	68	44	18	3	63	1175	112	17	149	45	31	7	86	28	41	13	464	3	172	5	168	26	83	284	671	241	664	568	383	230	138	708	1452	1693	1874	1238	793	1154	645	2830	751	557	428	1429	568	1161	2126	1121	461	0	359	633	1000	1048	1492	646	989	249	603	389	13	284	10	349	524	543	640	1007	1088	1865	278	708	690	600	454	273	259	1139	2059	611	415	545	319	380	2093	1372	2101	3298	3910	2372	1493	1782	889	88	0	910	859	842	74	170	693	1181	1347	1260
Sphingomonas.6	338	0	1477	483	2409	1320	2750	2604	1875	1562	2043	1309	2722	2759	2074	2801	2172	1827	1543	3115	1144	3226	1561	728	0	0	10	0	45	190	0	0	44	0	284	310	195	1005	1545	0	2392	27	30	1	29	496	11	466	44	3	578	316	375	574	0	467	30	15	3	322	28	277	450	596	890	1335	683	1401	1135	2156	752	1452	3983	3531	2047	1388	191	34	14	11	343	214	107	13	260	3640	325	20	194	197	54	28	150	32	101	9	1422	3	480	13	560	61	169	925	3621	1617	3794	3421	493	1237	750	1821	4854	5200	5370	4883	1586	2811	1209	2680	600	513	535	1497	1000	2081	3086	2210	2282	0	2026	3015	2402	1825	2345	1322	3919	1251	2425	1273	149	912	31	946	1213	1270	2053	2136	3142	2568	471	1006	1081	1301	848	660	313	1928	1776	471	2341	3025	1906	2498	2511	1720	3298	4140	9794	9251	4627	5324	1086	44	0	618	2071	2109	80	129	746	911	1292	2751